campaign,environment,survival,selfing,start,control,year,replicates,survivors,extinction_fraction,extinction_low,extinction_high,population_mean,population_mcse,visitor_types_mean,access_increasing_fraction,access_increasing_low,access_increasing_high,access_decreasing_fraction,access_decreasing_low,access_decreasing_high,access_small_change_fraction,access_small_change_low,access_small_change_high,access_extinction_fraction,access_extinction_low,access_extinction_high,access_change_mean,access_change_mcse,access_decreasing,access_small_change,access_increasing,investment_increasing_fraction,investment_increasing_low,investment_increasing_high,investment_decreasing_fraction,investment_decreasing_low,investment_decreasing_high,investment_small_change_fraction,investment_small_change_low,investment_small_change_high,investment_extinction_fraction,investment_extinction_low,investment_extinction_high,investment_change_mean,investment_change_mcse,investment_decreasing,investment_small_change,investment_increasing
larger_population,activity_only,0.0,0.0,0.3,neutral,10,64,42,0.34375,0.23923142078443355,0.46596359790081815,106.90625,11.505276540303115,8.334375000000001,0.046875,0.016069016786292974,0.12899653740093686,0.0,0.0,0.05662405979280534,0.609375,0.4869191788027247,0.7194443081175993,0.34375,0.23923142078443355,0.46596359790081815,0.001388045480435323,0.0019826154597982985,0,39,3,0.03125,0.008612138346171874,0.10697291770958313,0.015625,0.002763541923337505,0.08334101600094265,0.609375,0.4869191788027247,0.7194443081175993,0.34375,0.23923142078443355,0.46596359790081815,0.0017351829374701614,0.00175441327987335,1,39,2
larger_population,activity_only,0.0,0.0,0.3,neutral,40,64,21,0.671875,0.549991058490915,0.7742944209553081,62.671875,11.303270146980696,7.0625,0.0625,0.024571201396618017,0.14997485092208662,0.09375,0.04367825258519838,0.18982879599645597,0.171875,0.09877742301244645,0.282132116226582,0.671875,0.549991058490915,0.7742944209553081,-0.0019686754939121985,0.005101686829935016,6,11,4,0.015625,0.002763541923337505,0.08334101600094265,0.09375,0.04367825258519838,0.18982879599645597,0.21875,0.13502319406719474,0.3343278395662582,0.671875,0.549991058490915,0.7742944209553081,-0.007684541437874393,0.0035169590159405254,6,14,1
larger_population,activity_only,0.0,0.0,0.3,neutral,50,64,15,0.765625,0.6486674241743136,0.8525010440607586,43.828125,10.026442091570917,6.92,0.03125,0.008612138346171874,0.10697291770958313,0.046875,0.016069016786292974,0.12899653740093686,0.15625,0.08714842338206585,0.2642806177254878,0.765625,0.6486674241743136,0.8525010440607586,-0.00515755601240927,0.005933573028286602,3,10,2,0.046875,0.016069016786292974,0.12899653740093686,0.0625,0.024571201396618017,0.14997485092208662,0.125,0.06472242663330453,0.22774561821129946,0.765625,0.6486674241743136,0.8525010440607586,-0.004118529564916555,0.006494620452376793,4,8,3
larger_population,activity_only,0.0,0.0,0.3,neutral,100,64,2,0.96875,0.8930270822904169,0.9913878616538281,5.703125,4.006175768664491,6.5346875,0.015625,0.002763541923337505,0.08334101600094265,0.015625,0.002763541923337505,0.08334101600094265,0.0,0.0,0.05662405979280534,0.96875,0.8930270822904169,0.9913878616538281,-0.0033530539214290667,0.04274448561823898,1,0,1,0.015625,0.002763541923337505,0.08334101600094265,0.0,0.0,0.05662405979280534,0.015625,0.002763541923337505,0.08334101600094265,0.96875,0.8930270822904169,0.9913878616538281,0.0027015591948898743,0.02083958222640844,0,1,1
larger_population,activity_only,0.0,0.0,0.3,neutral,200,64,0,1.0,0.9433759402071946,1.0,0.0,0.0,6.255546875,0.0,0.0,0.05662405979280534,0.0,0.0,0.05662405979280534,0.0,0.0,0.05662405979280534,1.0,0.9433759402071946,1.0,,,0,0,0,0.0,0.0,0.05662405979280534,0.0,0.0,0.05662405979280534,0.0,0.0,0.05662405979280534,1.0,0.9433759402071946,1.0,,,0,0,0
larger_population,activity_only,0.0,0.0,0.3,neutral,400,64,0,1.0,0.9433759402071946,1.0,0.0,0.0,6.0140625,0.0,0.0,0.05662405979280534,0.0,0.0,0.05662405979280534,0.0,0.0,0.05662405979280534,1.0,0.9433759402071946,1.0,,,0,0,0,0.0,0.0,0.05662405979280534,0.0,0.0,0.05662405979280534,0.0,0.0,0.05662405979280534,1.0,0.9433759402071946,1.0,,,0,0,0
larger_population,activity_only,0.0,0.0,0.3,selected,10,64,43,0.328125,0.22570557904469185,0.45000894150908505,122.421875,11.26581350424595,8.334375000000001,0.15625,0.08714842338206585,0.2642806177254878,0.15625,0.08714842338206585,0.2642806177254878,0.359375,0.25288402291451745,0.48179149390220904,0.328125,0.22570557904469185,0.45000894150908505,0.002371802090913685,0.003917578211805061,10,23,10,0.359375,0.25288402291451745,0.48179149390220904,0.0,0.0,0.05662405979280534,0.3125,0.21231066539482046,0.4339233570274815,0.328125,0.22570557904469185,0.45000894150908505,0.02096441642356146,0.0012580492687814956,0,20,23
larger_population,activity_only,0.0,0.0,0.3,selected,40,64,28,0.5625,0.4408620895699301,0.6770599029559693,81.015625,11.944636925561285,7.0625,0.15625,0.08714842338206585,0.2642806177254878,0.1875,0.11064643172948806,0.29974360564101526,0.09375,0.04367825258519838,0.18982879599645597,0.5625,0.4408620895699301,0.6770599029559693,-0.0045302207864557,0.00989905453239831,12,6,10,0.4375,0.3229400970440308,0.5591379104300699,0.0,0.0,0.05662405979280534,0.0,0.0,0.05662405979280534,0.5625,0.4408620895699301,0.6770599029559693,0.057757399212317144,0.0022858404763844943,0,0,28
larger_population,activity_only,0.0,0.0,0.3,selected,50,64,22,0.65625,0.5340364020991819,0.7607685792155665,61.78125,11.001656367672155,6.92,0.125,0.06472242663330453,0.22774561821129946,0.140625,0.0757857255603086,0.24616281741577023,0.078125,0.03383117690855046,0.17019537354162906,0.65625,0.5340364020991819,0.7607685792155665,0.00013018218959222086,0.012050870180178997,9,5,8,0.34375,0.23923142078443355,0.46596359790081815,0.0,0.0,0.05662405979280534,0.0,0.0,0.05662405979280534,0.65625,0.5340364020991819,0.7607685792155665,0.06433558568976144,0.002319066179229776,0,0,22
larger_population,activity_only,0.0,0.0,0.3,selected,100,64,10,0.84375,0.7357193822745122,0.912851576617934,29.96875,8.77400247433535,6.5346875,0.046875,0.016069016786292974,0.12899653740093686,0.078125,0.03383117690855046,0.17019537354162906,0.03125,0.008612138346171874,0.10697291770958313,0.84375,0.7357193822745122,0.912851576617934,-0.010032484443889666,0.021946759970300336,5,2,3,0.15625,0.08714842338206585,0.2642806177254878,0.0,0.0,0.05662405979280534,0.0,0.0,0.05662405979280534,0.84375,0.7357193822745122,0.912851576617934,0.08046493885984779,0.0030868222497471777,0,0,10
larger_population,activity_only,0.0,0.0,0.3,selected,200,64,2,0.96875,0.8930270822904169,0.9913878616538281,6.0,4.20883424647321,6.255546875,0.015625,0.002763541923337505,0.08334101600094265,0.015625,0.002763541923337505,0.08334101600094265,0.0,0.0,0.05662405979280534,0.96875,0.8930270822904169,0.9913878616538281,0.02835987114949487,0.058729164329327094,1,0,1,0.03125,0.008612138346171874,0.10697291770958313,0.0,0.0,0.05662405979280534,0.0,0.0,0.05662405979280534,0.96875,0.8930270822904169,0.9913878616538281,0.08717878224762932,0.0026474292011214318,0,0,2
larger_population,activity_only,0.0,0.0,0.3,selected,400,64,0,1.0,0.9433759402071946,1.0,0.0,0.0,6.0140625,0.0,0.0,0.05662405979280534,0.0,0.0,0.05662405979280534,0.0,0.0,0.05662405979280534,1.0,0.9433759402071946,1.0,,,0,0,0,0.0,0.0,0.05662405979280534,0.0,0.0,0.05662405979280534,0.0,0.0,0.05662405979280534,1.0,0.9433759402071946,1.0,,,0,0,0
larger_population,activity_only,0.0,0.0,0.7,neutral,10,64,51,0.203125,0.12273417819183653,0.3171363573101416,145.0,10.190131975717472,8.334375000000001,0.0,0.0,0.05662405979280534,0.015625,0.002763541923337505,0.08334101600094265,0.78125,0.6656721604337418,0.8649768059328052,0.203125,0.12273417819183653,0.3171363573101416,6.266115545257327e-05,0.001221121191532172,1,50,0,0.046875,0.016069016786292974,0.12899653740093686,0.0,0.0,0.05662405979280534,0.75,0.631837235413303,0.8398507346902941,0.203125,0.12273417819183653,0.3171363573101416,0.0011363209387816886,0.0017535792645849001,0,48,3
larger_population,activity_only,0.0,0.0,0.7,neutral,40,64,30,0.53125,0.41072087051471007,0.6482401257482395,83.046875,11.866599570258664,7.0625,0.03125,0.008612138346171874,0.10697291770958313,0.046875,0.016069016786292974,0.12899653740093686,0.390625,0.2805556918824008,0.5130808211972754,0.53125,0.41072087051471007,0.6482401257482395,-0.0015727683030635061,0.002424120727416603,3,25,2,0.046875,0.016069016786292974,0.12899653740093686,0.078125,0.03383117690855046,0.17019537354162906,0.34375,0.23923142078443355,0.46596359790081815,0.53125,0.41072087051471007,0.6482401257482395,-0.001957490316840462,0.0029879868654137027,5,22,3
larger_population,activity_only,0.0,0.0,0.7,neutral,50,64,26,0.59375,0.4714520812860451,0.7054309075028039,78.0,11.88035593502388,6.92,0.0,0.0,0.05662405979280534,0.03125,0.008612138346171874,0.10697291770958313,0.375,0.2666598017882464,0.497496213159955,0.59375,0.4714520812860451,0.7054309075028039,-0.0035771480354446347,0.002561617804079905,2,24,0,0.015625,0.002763541923337505,0.08334101600094265,0.0625,0.024571201396618017,0.14997485092208662,0.328125,0.22570557904469185,0.45000894150908505,0.59375,0.4714520812860451,0.7054309075028039,-0.004057990226542401,0.003333946331206797,4,21,1
larger_population,activity_only,0.0,0.0,0.7,neutral,100,64,9,0.859375,0.7538371825842297,0.9242142744396914,27.0,8.40917865872082,6.5346875,0.03125,0.008612138346171874,0.10697291770958313,0.0,0.0,0.05662405979280534,0.109375,0.05400113344416797,0.20898641326896122,0.859375,0.7538371825842297,0.9242142744396914,0.001925074593700023,0.005646789329053928,0,7,2,0.03125,0.008612138346171874,0.10697291770958313,0.0625,0.024571201396618017,0.14997485092208662,0.046875,0.016069016786292974,0.12899653740093686,0.859375,0.7538371825842297,0.9242142744396914,-0.014274441920533164,0.01000268982275978,4,3,2
larger_population,activity_only,0.0,0.0,0.7,neutral,200,64,1,0.984375,0.9166589839990573,0.9972364580766624,3.0,3.0,6.255546875,0.0,0.0,0.05662405979280534,0.0,0.0,0.05662405979280534,0.015625,0.002763541923337505,0.08334101600094265,0.984375,0.9166589839990573,0.9972364580766624,-0.011197573094722468,,0,1,0,0.015625,0.002763541923337505,0.08334101600094265,0.0,0.0,0.05662405979280534,0.0,0.0,0.05662405979280534,0.984375,0.9166589839990573,0.9972364580766624,0.03406084433468465,,0,0,1
larger_population,activity_only,0.0,0.0,0.7,neutral,400,64,0,1.0,0.9433759402071946,1.0,0.0,0.0,6.0140625,0.0,0.0,0.05662405979280534,0.0,0.0,0.05662405979280534,0.0,0.0,0.05662405979280534,1.0,0.9433759402071946,1.0,,,0,0,0,0.0,0.0,0.05662405979280534,0.0,0.0,0.05662405979280534,0.0,0.0,0.05662405979280534,1.0,0.9433759402071946,1.0,,,0,0,0
larger_population,activity_only,0.0,0.0,0.7,selected,10,64,52,0.1875,0.11064643172948806,0.29974360564101526,146.109375,10.062284139149233,8.334375000000001,0.1875,0.11064643172948806,0.29974360564101526,0.09375,0.04367825258519838,0.18982879599645597,0.53125,0.41072087051471007,0.6482401257482395,0.1875,0.11064643172948806,0.29974360564101526,0.0034039398110948505,0.0031822295950074027,6,34,12,0.40625,0.2945690924971961,0.5285479187139549,0.0,0.0,0.05662405979280534,0.40625,0.2945690924971961,0.5285479187139549,0.1875,0.11064643172948806,0.29974360564101526,0.020389191968536915,0.0010817479842843037,0,26,26
larger_population,activity_only,0.0,0.0,0.7,selected,40,64,38,0.40625,0.2945690924971961,0.5285479187139549,107.171875,11.8182447962142,7.0625,0.3125,0.21231066539482046,0.4339233570274815,0.171875,0.09877742301244645,0.282132116226582,0.109375,0.05400113344416797,0.20898641326896122,0.40625,0.2945690924971961,0.5285479187139549,0.010227168884068862,0.008211100058118316,11,7,20,0.59375,0.4714520812860451,0.7054309075028039,0.0,0.0,0.05662405979280534,0.0,0.0,0.05662405979280534,0.40625,0.2945690924971961,0.5285479187139549,0.056597530907958285,0.0017632324465222445,0,0,38
larger_population,activity_only,0.0,0.0,0.7,selected,50,64,36,0.4375,0.3229400970440308,0.5591379104300699,108.0,12.0,6.92,0.3125,0.21231066539482046,0.4339233570274815,0.1875,0.11064643172948806,0.29974360564101526,0.0625,0.024571201396618017,0.14997485092208662,0.4375,0.3229400970440308,0.5591379104300699,0.009103486292458116,0.008692322702095101,12,4,20,0.5625,0.4408620895699301,0.6770599029559693,0.0,0.0,0.05662405979280534,0.0,0.0,0.05662405979280534,0.4375,0.3229400970440308,0.5591379104300699,0.06156011581451794,0.0019376433417977893,0,0,36
larger_population,activity_only,0.0,0.0,0.7,selected,100,64,17,0.734375,0.6151712627143486,0.8270362092577739,51.0,10.683766056164705,6.5346875,0.109375,0.05400113344416797,0.20898641326896122,0.09375,0.04367825258519838,0.18982879599645597,0.0625,0.024571201396618017,0.14997485092208662,0.734375,0.6151712627143486,0.8270362092577739,4.5112130685894226e-05,0.013451914384492822,6,4,7,0.265625,0.17296379074222612,0.38482873728565137,0.0,0.0,0.05662405979280534,0.0,0.0,0.05662405979280534,0.734375,0.6151712627143486,0.8270362092577739,0.07752642719782096,0.0026479200120122465,0,0,17
larger_population,activity_only,0.0,0.0,0.7,selected,200,64,1,0.984375,0.9166589839990573,0.9972364580766624,3.0,3.0,6.255546875,0.0,0.0,0.05662405979280534,0.0,0.0,0.05662405979280534,0.015625,0.002763541923337505,0.08334101600094265,0.984375,0.9166589839990573,0.9972364580766624,-0.014546304556028233,,0,1,0,0.015625,0.002763541923337505,0.08334101600094265,0.0,0.0,0.05662405979280534,0.0,0.0,0.05662405979280534,0.984375,0.9166589839990573,0.9972364580766624,0.07186511925951306,,0,0,1
larger_population,activity_only,0.0,0.0,0.7,selected,400,64,0,1.0,0.9433759402071946,1.0,0.0,0.0,6.0140625,0.0,0.0,0.05662405979280534,0.0,0.0,0.05662405979280534,0.0,0.0,0.05662405979280534,1.0,0.9433759402071946,1.0,,,0,0,0,0.0,0.0,0.05662405979280534,0.0,0.0,0.05662405979280534,0.0,0.0,0.05662405979280534,1.0,0.9433759402071946,1.0,,,0,0,0
larger_population,activity_only,0.0,0.5,0.3,neutral,10,64,64,0.0,0.0,0.05662405979280534,192.0,0.0,8.334375000000001,0.0,0.0,0.05662405979280534,0.0,0.0,0.05662405979280534,1.0,0.9433759402071946,1.0,0.0,0.0,0.05662405979280534,2.0512642765797492e-05,0.0011542439012651798,0,64,0,0.015625,0.002763541923337505,0.08334101600094265,0.0625,0.024571201396618017,0.14997485092208662,0.921875,0.8298046264583709,0.9661688230914496,0.0,0.0,0.05662405979280534,-0.0009598911797618435,0.0013546398124715847,4,59,1
larger_population,activity_only,0.0,0.5,0.3,neutral,40,64,64,0.0,0.0,0.05662405979280534,192.0,0.0,7.0625,0.0625,0.024571201396618017,0.14997485092208662,0.171875,0.09877742301244645,0.282132116226582,0.765625,0.6486674241743136,0.8525010440607586,0.0,0.0,0.05662405979280534,-0.0026577876240924695,0.0023293617571387526,11,49,4,0.15625,0.08714842338206585,0.2642806177254878,0.21875,0.13502319406719474,0.3343278395662582,0.625,0.502503786840045,0.7333401982117536,0.0,0.0,0.05662405979280534,-0.0015611994013924211,0.0025474172680189197,14,40,10
larger_population,activity_only,0.0,0.5,0.3,neutral,50,64,64,0.0,0.0,0.05662405979280534,192.0,0.0,6.92,0.109375,0.05400113344416797,0.20898641326896122,0.203125,0.12273417819183653,0.3171363573101416,0.6875,0.5660766429725185,0.7876893346051795,0.0,0.0,0.05662405979280534,9.6551687992932e-05,0.002650594742694601,13,44,7,0.1875,0.11064643172948806,0.29974360564101526,0.171875,0.09877742301244645,0.282132116226582,0.640625,0.518208506097791,0.7471159770854825,0.0,0.0,0.05662405979280534,2.4193804915514927e-06,0.002765783782189249,11,41,12
larger_population,activity_only,0.0,0.5,0.3,neutral,100,64,64,0.0,0.0,0.05662405979280534,192.0,0.0,6.5346875,0.328125,0.22570557904469185,0.45000894150908505,0.21875,0.13502319406719474,0.3343278395662582,0.453125,0.3372944778061167,0.5742640277994588,0.0,0.0,0.05662405979280534,0.0032299631284498603,0.004058038591952986,14,29,21,0.234375,0.1474989559392414,0.35133257582568644,0.21875,0.13502319406719474,0.3343278395662582,0.546875,0.4257359722005412,0.6627055221938833,0.0,0.0,0.05662405979280534,-0.0014054283656624788,0.003449309361305748,14,35,15
larger_population,activity_only,0.0,0.5,0.3,neutral,200,64,64,0.0,0.0,0.05662405979280534,192.0,0.0,6.255546875,0.4375,0.3229400970440308,0.5591379104300699,0.265625,0.17296379074222612,0.38482873728565137,0.296875,0.19905151325539794,0.41770201103542925,0.0,0.0,0.05662405979280534,0.007608929554364298,0.005240945263287335,17,19,28,0.265625,0.17296379074222612,0.38482873728565137,0.328125,0.22570557904469185,0.45000894150908505,0.40625,0.2945690924971961,0.5285479187139549,0.0,0.0,0.05662405979280534,-0.005229415692509895,0.004448731371949977,21,26,17
larger_population,activity_only,0.0,0.5,0.3,neutral,400,64,64,0.0,0.0,0.05662405979280534,192.0,0.0,6.0140625,0.40625,0.2945690924971961,0.5285479187139549,0.328125,0.22570557904469185,0.45000894150908505,0.265625,0.17296379074222612,0.38482873728565137,0.0,0.0,0.05662405979280534,0.007061123300171694,0.006586417885543859,21,17,26,0.34375,0.23923142078443355,0.46596359790081815,0.390625,0.2805556918824008,0.5130808211972754,0.265625,0.17296379074222612,0.38482873728565137,0.0,0.0,0.05662405979280534,-0.0017217198886664477,0.0061392756658541405,25,17,22
larger_population,activity_only,0.0,0.5,0.3,selected,10,64,64,0.0,0.0,0.05662405979280534,192.0,0.0,8.334375000000001,0.21875,0.13502319406719474,0.3343278395662582,0.109375,0.05400113344416797,0.20898641326896122,0.671875,0.549991058490915,0.7742944209553081,0.0,0.0,0.05662405979280534,0.002621370788911821,0.002116439214064165,7,43,14,0.03125,0.008612138346171874,0.10697291770958313,0.03125,0.008612138346171874,0.10697291770958313,0.9375,0.8500251490779133,0.9754287986033819,0.0,0.0,0.05662405979280534,0.001881291955250483,0.0013744237729325943,2,60,2
larger_population,activity_only,0.0,0.5,0.3,selected,40,64,64,0.0,0.0,0.05662405979280534,192.0,0.0,7.0625,0.328125,0.22570557904469185,0.45000894150908505,0.3125,0.21231066539482046,0.4339233570274815,0.359375,0.25288402291451745,0.48179149390220904,0.0,0.0,0.05662405979280534,0.000578696437660663,0.005519887884472517,20,23,21,0.4375,0.3229400970440308,0.5591379104300699,0.125,0.06472242663330453,0.22774561821129946,0.4375,0.3229400970440308,0.5591379104300699,0.0,0.0,0.05662405979280534,0.01040513491961953,0.0032082335112739143,8,28,28
larger_population,activity_only,0.0,0.5,0.3,selected,50,64,64,0.0,0.0,0.05662405979280534,192.0,0.0,6.92,0.375,0.2666598017882464,0.497496213159955,0.328125,0.22570557904469185,0.45000894150908505,0.296875,0.19905151325539794,0.41770201103542925,0.0,0.0,0.05662405979280534,0.0009532532336020407,0.006062108626456621,21,19,24,0.46875,0.35175987425176036,0.5892791294852899,0.078125,0.03383117690855046,0.17019537354162906,0.453125,0.3372944778061167,0.5742640277994588,0.0,0.0,0.05662405979280534,0.013950219267566384,0.003594871440008696,5,29,30
larger_population,activity_only,0.0,0.5,0.3,selected,100,64,64,0.0,0.0,0.05662405979280534,192.0,0.0,6.5346875,0.390625,0.2805556918824008,0.5130808211972754,0.40625,0.2945690924971961,0.5285479187139549,0.203125,0.12273417819183653,0.3171363573101416,0.0,0.0,0.05662405979280534,0.0015552017429947464,0.007293328940720508,26,13,25,0.625,0.502503786840045,0.7333401982117536,0.078125,0.03383117690855046,0.17019537354162906,0.296875,0.19905151325539794,0.41770201103542925,0.0,0.0,0.05662405979280534,0.02597935487366844,0.004116387629463095,5,19,40
larger_population,activity_only,0.0,0.5,0.3,selected,200,64,64,0.0,0.0,0.05662405979280534,192.0,0.0,6.255546875,0.421875,0.30869782474345486,0.5438996845991709,0.390625,0.2805556918824008,0.5130808211972754,0.1875,0.11064643172948806,0.29974360564101526,0.0,0.0,0.05662405979280534,0.0025716105306830043,0.007919103395212384,25,12,27,0.6875,0.5660766429725185,0.7876893346051795,0.109375,0.05400113344416797,0.20898641326896122,0.203125,0.12273417819183653,0.3171363573101416,0.0,0.0,0.05662405979280534,0.036657078234117346,0.0047789262948548464,7,13,44
larger_population,activity_only,0.0,0.5,0.3,selected,400,64,64,0.0,0.0,0.05662405979280534,192.0,0.0,6.0140625,0.453125,0.3372944778061167,0.5742640277994588,0.4375,0.3229400970440308,0.5591379104300699,0.109375,0.05400113344416797,0.20898641326896122,0.0,0.0,0.05662405979280534,0.0028628331607344288,0.008089091085302588,28,7,29,0.78125,0.6656721604337418,0.8649768059328052,0.078125,0.03383117690855046,0.17019537354162906,0.140625,0.0757857255603086,0.24616281741577023,0.0,0.0,0.05662405979280534,0.04731011996458441,0.005115503974691984,5,9,50
larger_population,activity_only,0.0,0.5,0.7,neutral,10,64,64,0.0,0.0,0.05662405979280534,192.0,0.0,8.334375000000001,0.0,0.0,0.05662405979280534,0.015625,0.002763541923337505,0.08334101600094265,0.984375,0.9166589839990573,0.9972364580766624,0.0,0.0,0.05662405979280534,-0.00037801121576684985,0.0013222123959318215,1,63,0,0.0625,0.024571201396618017,0.14997485092208662,0.015625,0.002763541923337505,0.08334101600094265,0.921875,0.8298046264583709,0.9661688230914496,0.0,0.0,0.05662405979280534,0.0015907115150261327,0.0013328326340168641,1,59,4
larger_population,activity_only,0.0,0.5,0.7,neutral,40,64,64,0.0,0.0,0.05662405979280534,192.0,0.0,7.0625,0.1875,0.11064643172948806,0.29974360564101526,0.25,0.16014926530970577,0.36816276458669694,0.5625,0.4408620895699301,0.6770599029559693,0.0,0.0,0.05662405979280534,-0.001388722877804078,0.0029420142687875592,16,36,12,0.21875,0.13502319406719474,0.3343278395662582,0.21875,0.13502319406719474,0.3343278395662582,0.5625,0.4408620895699301,0.6770599029559693,0.0,0.0,0.05662405979280534,-0.0010467875394056013,0.002690484494059095,14,36,14
larger_population,activity_only,0.0,0.5,0.7,neutral,50,64,64,0.0,0.0,0.05662405979280534,192.0,0.0,6.92,0.203125,0.12273417819183653,0.3171363573101416,0.21875,0.13502319406719474,0.3343278395662582,0.578125,0.456100315400829,0.6913021752565451,0.0,0.0,0.05662405979280534,0.0007556222451963746,0.0030955951730675304,14,37,13,0.21875,0.13502319406719474,0.3343278395662582,0.21875,0.13502319406719474,0.3343278395662582,0.5625,0.4408620895699301,0.6770599029559693,0.0,0.0,0.05662405979280534,-0.0005894768219364601,0.0028125126267840987,14,36,14
larger_population,activity_only,0.0,0.5,0.7,neutral,100,64,64,0.0,0.0,0.05662405979280534,192.0,0.0,6.5346875,0.28125,0.18593372333727837,0.40133930282207403,0.25,0.16014926530970577,0.36816276458669694,0.46875,0.35175987425176036,0.5892791294852899,0.0,0.0,0.05662405979280534,0.0015435207287443718,0.004261046103699278,16,30,18,0.34375,0.23923142078443355,0.46596359790081815,0.25,0.16014926530970577,0.36816276458669694,0.40625,0.2945690924971961,0.5285479187139549,0.0,0.0,0.05662405979280534,0.003136195662858293,0.003780193905863147,16,26,22
larger_population,activity_only,0.0,0.5,0.7,neutral,200,64,64,0.0,0.0,0.05662405979280534,192.0,0.0,6.255546875,0.296875,0.19905151325539794,0.41770201103542925,0.3125,0.21231066539482046,0.4339233570274815,0.390625,0.2805556918824008,0.5130808211972754,0.0,0.0,0.05662405979280534,0.003761722896607889,0.006011942334030355,20,25,19,0.375,0.2666598017882464,0.497496213159955,0.296875,0.19905151325539794,0.41770201103542925,0.328125,0.22570557904469185,0.45000894150908505,0.0,0.0,0.05662405979280534,0.0013738759441954832,0.005299639682023331,19,21,24
larger_population,activity_only,0.0,0.5,0.7,neutral,400,64,64,0.0,0.0,0.05662405979280534,192.0,0.0,6.0140625,0.390625,0.2805556918824008,0.5130808211972754,0.359375,0.25288402291451745,0.48179149390220904,0.25,0.16014926530970577,0.36816276458669694,0.0,0.0,0.05662405979280534,0.00422009732629699,0.006930671609051726,23,16,25,0.46875,0.35175987425176036,0.5892791294852899,0.3125,0.21231066539482046,0.4339233570274815,0.21875,0.13502319406719474,0.3343278395662582,0.0,0.0,0.05662405979280534,0.0021395429066977476,0.006581863715783133,20,14,30
larger_population,activity_only,0.0,0.5,0.7,selected,10,64,64,0.0,0.0,0.05662405979280534,192.0,0.0,8.334375000000001,0.140625,0.0757857255603086,0.24616281741577023,0.046875,0.016069016786292974,0.12899653740093686,0.8125,0.7002563943589847,0.8893535682705119,0.0,0.0,0.05662405979280534,0.0017501625116728217,0.00196072118576408,3,52,9,0.09375,0.04367825258519838,0.18982879599645597,0.015625,0.002763541923337505,0.08334101600094265,0.890625,0.7910135867310387,0.945998866555832,0.0,0.0,0.05662405979280534,0.005598214199003136,0.0013418327693848536,1,57,6
larger_population,activity_only,0.0,0.5,0.7,selected,40,64,64,0.0,0.0,0.05662405979280534,192.0,0.0,7.0625,0.46875,0.35175987425176036,0.5892791294852899,0.328125,0.22570557904469185,0.45000894150908505,0.203125,0.12273417819183653,0.3171363573101416,0.0,0.0,0.05662405979280534,0.006322604969115034,0.0053374178718269515,21,13,30,0.515625,0.39581601478580125,0.6336644833456737,0.03125,0.008612138346171874,0.10697291770958313,0.453125,0.3372944778061167,0.5742640277994588,0.0,0.0,0.05662405979280534,0.019099012221361057,0.002617267768478642,2,29,33
larger_population,activity_only,0.0,0.5,0.7,selected,50,64,64,0.0,0.0,0.05662405979280534,192.0,0.0,6.92,0.546875,0.4257359722005412,0.6627055221938833,0.359375,0.25288402291451745,0.48179149390220904,0.09375,0.04367825258519838,0.18982879599645597,0.0,0.0,0.05662405979280534,0.00742438513559006,0.005941180655976949,23,6,35,0.578125,0.456100315400829,0.6913021752565451,0.015625,0.002763541923337505,0.08334101600094265,0.40625,0.2945690924971961,0.5285479187139549,0.0,0.0,0.05662405979280534,0.021985430563588718,0.0028416995131590322,1,26,37
larger_population,activity_only,0.0,0.5,0.7,selected,100,64,64,0.0,0.0,0.05662405979280534,192.0,0.0,6.5346875,0.484375,0.3663355166543264,0.6041839852141988,0.296875,0.19905151325539794,0.41770201103542925,0.21875,0.13502319406719474,0.3343278395662582,0.0,0.0,0.05662405979280534,0.009776200386854082,0.006593706694215802,19,14,31,0.78125,0.6656721604337418,0.8649768059328052,0.09375,0.04367825258519838,0.18982879599645597,0.125,0.06472242663330453,0.22774561821129946,0.0,0.0,0.05662405979280534,0.03183325717868106,0.00364403953877247,6,8,50
larger_population,activity_only,0.0,0.5,0.7,selected,200,64,64,0.0,0.0,0.05662405979280534,192.0,0.0,6.255546875,0.515625,0.39581601478580125,0.6336644833456737,0.328125,0.22570557904469185,0.45000894150908505,0.15625,0.08714842338206585,0.2642806177254878,0.0,0.0,0.05662405979280534,0.009433878947378944,0.007206786932057233,21,10,33,0.6875,0.5660766429725185,0.7876893346051795,0.09375,0.04367825258519838,0.18982879599645597,0.21875,0.13502319406719474,0.3343278395662582,0.0,0.0,0.05662405979280534,0.03790847631177524,0.004621224352592007,6,14,44
larger_population,activity_only,0.0,0.5,0.7,selected,400,64,64,0.0,0.0,0.05662405979280534,192.0,0.0,6.0140625,0.53125,0.41072087051471007,0.6482401257482395,0.359375,0.25288402291451745,0.48179149390220904,0.109375,0.05400113344416797,0.20898641326896122,0.0,0.0,0.05662405979280534,0.007178743632117485,0.007584291109326435,23,7,34,0.78125,0.6656721604337418,0.8649768059328052,0.046875,0.016069016786292974,0.12899653740093686,0.171875,0.09877742301244645,0.282132116226582,0.0,0.0,0.05662405979280534,0.04454456447536223,0.004591518714968239,3,11,50
larger_population,activity_only,0.75,0.0,0.3,neutral,10,64,64,0.0,0.0,0.05662405979280534,21.6875,1.4006225585743297,8.334375000000001,0.03125,0.008612138346171874,0.10697291770958313,0.0625,0.024571201396618017,0.14997485092208662,0.90625,0.810171204003544,0.9563217474148016,0.0,0.0,0.05662405979280534,-0.0010438917486112424,0.0013326763938207023,4,58,2,0.015625,0.002763541923337505,0.08334101600094265,0.046875,0.016069016786292974,0.12899653740093686,0.9375,0.8500251490779133,0.9754287986033819,0.0,0.0,0.05662405979280534,-0.0008921048060780224,0.0012868676372076225,3,60,1
larger_population,activity_only,0.75,0.0,0.3,neutral,40,64,0,1.0,0.9433759402071946,1.0,0.0,0.0,7.0625,0.0,0.0,0.05662405979280534,0.0,0.0,0.05662405979280534,0.0,0.0,0.05662405979280534,1.0,0.9433759402071946,1.0,,,0,0,0,0.0,0.0,0.05662405979280534,0.0,0.0,0.05662405979280534,0.0,0.0,0.05662405979280534,1.0,0.9433759402071946,1.0,,,0,0,0
larger_population,activity_only,0.75,0.0,0.3,neutral,50,64,0,1.0,0.9433759402071946,1.0,0.0,0.0,6.92,0.0,0.0,0.05662405979280534,0.0,0.0,0.05662405979280534,0.0,0.0,0.05662405979280534,1.0,0.9433759402071946,1.0,,,0,0,0,0.0,0.0,0.05662405979280534,0.0,0.0,0.05662405979280534,0.0,0.0,0.05662405979280534,1.0,0.9433759402071946,1.0,,,0,0,0
larger_population,activity_only,0.75,0.0,0.3,neutral,100,64,0,1.0,0.9433759402071946,1.0,0.0,0.0,6.5346875,0.0,0.0,0.05662405979280534,0.0,0.0,0.05662405979280534,0.0,0.0,0.05662405979280534,1.0,0.9433759402071946,1.0,,,0,0,0,0.0,0.0,0.05662405979280534,0.0,0.0,0.05662405979280534,0.0,0.0,0.05662405979280534,1.0,0.9433759402071946,1.0,,,0,0,0
larger_population,activity_only,0.75,0.0,0.3,neutral,200,64,0,1.0,0.9433759402071946,1.0,0.0,0.0,6.255546875,0.0,0.0,0.05662405979280534,0.0,0.0,0.05662405979280534,0.0,0.0,0.05662405979280534,1.0,0.9433759402071946,1.0,,,0,0,0,0.0,0.0,0.05662405979280534,0.0,0.0,0.05662405979280534,0.0,0.0,0.05662405979280534,1.0,0.9433759402071946,1.0,,,0,0,0
larger_population,activity_only,0.75,0.0,0.3,neutral,400,64,0,1.0,0.9433759402071946,1.0,0.0,0.0,6.0140625,0.0,0.0,0.05662405979280534,0.0,0.0,0.05662405979280534,0.0,0.0,0.05662405979280534,1.0,0.9433759402071946,1.0,,,0,0,0,0.0,0.0,0.05662405979280534,0.0,0.0,0.05662405979280534,0.0,0.0,0.05662405979280534,1.0,0.9433759402071946,1.0,,,0,0,0
larger_population,activity_only,0.75,0.0,0.3,selected,10,64,64,0.0,0.0,0.05662405979280534,21.90625,1.4139888469593376,8.334375000000001,0.0,0.0,0.05662405979280534,0.046875,0.016069016786292974,0.12899653740093686,0.953125,0.8710034625990631,0.983930983213707,0.0,0.0,0.05662405979280534,-0.0006039946146040335,0.001348434264554387,3,61,0,0.0,0.0,0.05662405979280534,0.046875,0.016069016786292974,0.12899653740093686,0.953125,0.8710034625990631,0.983930983213707,0.0,0.0,0.05662405979280534,0.0002945345699579983,0.0013542828807514625,3,61,0
larger_population,activity_only,0.75,0.0,0.3,selected,40,64,0,1.0,0.9433759402071946,1.0,0.0,0.0,7.0625,0.0,0.0,0.05662405979280534,0.0,0.0,0.05662405979280534,0.0,0.0,0.05662405979280534,1.0,0.9433759402071946,1.0,,,0,0,0,0.0,0.0,0.05662405979280534,0.0,0.0,0.05662405979280534,0.0,0.0,0.05662405979280534,1.0,0.9433759402071946,1.0,,,0,0,0
larger_population,activity_only,0.75,0.0,0.3,selected,50,64,0,1.0,0.9433759402071946,1.0,0.0,0.0,6.92,0.0,0.0,0.05662405979280534,0.0,0.0,0.05662405979280534,0.0,0.0,0.05662405979280534,1.0,0.9433759402071946,1.0,,,0,0,0,0.0,0.0,0.05662405979280534,0.0,0.0,0.05662405979280534,0.0,0.0,0.05662405979280534,1.0,0.9433759402071946,1.0,,,0,0,0
larger_population,activity_only,0.75,0.0,0.3,selected,100,64,0,1.0,0.9433759402071946,1.0,0.0,0.0,6.5346875,0.0,0.0,0.05662405979280534,0.0,0.0,0.05662405979280534,0.0,0.0,0.05662405979280534,1.0,0.9433759402071946,1.0,,,0,0,0,0.0,0.0,0.05662405979280534,0.0,0.0,0.05662405979280534,0.0,0.0,0.05662405979280534,1.0,0.9433759402071946,1.0,,,0,0,0
larger_population,activity_only,0.75,0.0,0.3,selected,200,64,0,1.0,0.9433759402071946,1.0,0.0,0.0,6.255546875,0.0,0.0,0.05662405979280534,0.0,0.0,0.05662405979280534,0.0,0.0,0.05662405979280534,1.0,0.9433759402071946,1.0,,,0,0,0,0.0,0.0,0.05662405979280534,0.0,0.0,0.05662405979280534,0.0,0.0,0.05662405979280534,1.0,0.9433759402071946,1.0,,,0,0,0
larger_population,activity_only,0.75,0.0,0.3,selected,400,64,0,1.0,0.9433759402071946,1.0,0.0,0.0,6.0140625,0.0,0.0,0.05662405979280534,0.0,0.0,0.05662405979280534,0.0,0.0,0.05662405979280534,1.0,0.9433759402071946,1.0,,,0,0,0,0.0,0.0,0.05662405979280534,0.0,0.0,0.05662405979280534,0.0,0.0,0.05662405979280534,1.0,0.9433759402071946,1.0,,,0,0,0
larger_population,activity_only,0.75,0.0,0.7,neutral,10,64,64,0.0,0.0,0.05662405979280534,28.1875,1.8385848757232002,8.334375000000001,0.03125,0.008612138346171874,0.10697291770958313,0.015625,0.002763541923337505,0.08334101600094265,0.953125,0.8710034625990631,0.983930983213707,0.0,0.0,0.05662405979280534,-0.000451703488469523,0.0011877974296758066,1,61,2,0.03125,0.008612138346171874,0.10697291770958313,0.046875,0.016069016786292974,0.12899653740093686,0.921875,0.8298046264583709,0.9661688230914496,0.0,0.0,0.05662405979280534,0.0004792593879440737,0.001329061013444377,3,59,2
larger_population,activity_only,0.75,0.0,0.7,neutral,40,64,0,1.0,0.9433759402071946,1.0,0.0,0.0,7.0625,0.0,0.0,0.05662405979280534,0.0,0.0,0.05662405979280534,0.0,0.0,0.05662405979280534,1.0,0.9433759402071946,1.0,,,0,0,0,0.0,0.0,0.05662405979280534,0.0,0.0,0.05662405979280534,0.0,0.0,0.05662405979280534,1.0,0.9433759402071946,1.0,,,0,0,0
larger_population,activity_only,0.75,0.0,0.7,neutral,50,64,0,1.0,0.9433759402071946,1.0,0.0,0.0,6.92,0.0,0.0,0.05662405979280534,0.0,0.0,0.05662405979280534,0.0,0.0,0.05662405979280534,1.0,0.9433759402071946,1.0,,,0,0,0,0.0,0.0,0.05662405979280534,0.0,0.0,0.05662405979280534,0.0,0.0,0.05662405979280534,1.0,0.9433759402071946,1.0,,,0,0,0
larger_population,activity_only,0.75,0.0,0.7,neutral,100,64,0,1.0,0.9433759402071946,1.0,0.0,0.0,6.5346875,0.0,0.0,0.05662405979280534,0.0,0.0,0.05662405979280534,0.0,0.0,0.05662405979280534,1.0,0.9433759402071946,1.0,,,0,0,0,0.0,0.0,0.05662405979280534,0.0,0.0,0.05662405979280534,0.0,0.0,0.05662405979280534,1.0,0.9433759402071946,1.0,,,0,0,0
larger_population,activity_only,0.75,0.0,0.7,neutral,200,64,0,1.0,0.9433759402071946,1.0,0.0,0.0,6.255546875,0.0,0.0,0.05662405979280534,0.0,0.0,0.05662405979280534,0.0,0.0,0.05662405979280534,1.0,0.9433759402071946,1.0,,,0,0,0,0.0,0.0,0.05662405979280534,0.0,0.0,0.05662405979280534,0.0,0.0,0.05662405979280534,1.0,0.9433759402071946,1.0,,,0,0,0
larger_population,activity_only,0.75,0.0,0.7,neutral,400,64,0,1.0,0.9433759402071946,1.0,0.0,0.0,6.0140625,0.0,0.0,0.05662405979280534,0.0,0.0,0.05662405979280534,0.0,0.0,0.05662405979280534,1.0,0.9433759402071946,1.0,,,0,0,0,0.0,0.0,0.05662405979280534,0.0,0.0,0.05662405979280534,0.0,0.0,0.05662405979280534,1.0,0.9433759402071946,1.0,,,0,0,0
larger_population,activity_only,0.75,0.0,0.7,selected,10,64,64,0.0,0.0,0.05662405979280534,28.109375,1.8194982829714654,8.334375000000001,0.0,0.0,0.05662405979280534,0.0,0.0,0.05662405979280534,1.0,0.9433759402071946,1.0,0.0,0.0,0.05662405979280534,0.00027544995323772886,0.0010953497580842185,0,64,0,0.0,0.0,0.05662405979280534,0.0,0.0,0.05662405979280534,1.0,0.9433759402071946,1.0,0.0,0.0,0.05662405979280534,0.002869760969758252,0.0010321030920245706,0,64,0
larger_population,activity_only,0.75,0.0,0.7,selected,40,64,1,0.984375,0.9166589839990573,0.9972364580766624,0.015625,0.015625,7.0625,0.015625,0.002763541923337505,0.08334101600094265,0.0,0.0,0.05662405979280534,0.0,0.0,0.05662405979280534,0.984375,0.9166589839990573,0.9972364580766624,0.0831525712558594,,0,0,1,0.0,0.0,0.05662405979280534,0.0,0.0,0.05662405979280534,0.015625,0.002763541923337505,0.08334101600094265,0.984375,0.9166589839990573,0.9972364580766624,-0.0005323858394796765,,0,1,0
larger_population,activity_only,0.75,0.0,0.7,selected,50,64,0,1.0,0.9433759402071946,1.0,0.0,0.0,6.92,0.0,0.0,0.05662405979280534,0.0,0.0,0.05662405979280534,0.0,0.0,0.05662405979280534,1.0,0.9433759402071946,1.0,,,0,0,0,0.0,0.0,0.05662405979280534,0.0,0.0,0.05662405979280534,0.0,0.0,0.05662405979280534,1.0,0.9433759402071946,1.0,,,0,0,0
larger_population,activity_only,0.75,0.0,0.7,selected,100,64,0,1.0,0.9433759402071946,1.0,0.0,0.0,6.5346875,0.0,0.0,0.05662405979280534,0.0,0.0,0.05662405979280534,0.0,0.0,0.05662405979280534,1.0,0.9433759402071946,1.0,,,0,0,0,0.0,0.0,0.05662405979280534,0.0,0.0,0.05662405979280534,0.0,0.0,0.05662405979280534,1.0,0.9433759402071946,1.0,,,0,0,0
larger_population,activity_only,0.75,0.0,0.7,selected,200,64,0,1.0,0.9433759402071946,1.0,0.0,0.0,6.255546875,0.0,0.0,0.05662405979280534,0.0,0.0,0.05662405979280534,0.0,0.0,0.05662405979280534,1.0,0.9433759402071946,1.0,,,0,0,0,0.0,0.0,0.05662405979280534,0.0,0.0,0.05662405979280534,0.0,0.0,0.05662405979280534,1.0,0.9433759402071946,1.0,,,0,0,0
larger_population,activity_only,0.75,0.0,0.7,selected,400,64,0,1.0,0.9433759402071946,1.0,0.0,0.0,6.0140625,0.0,0.0,0.05662405979280534,0.0,0.0,0.05662405979280534,0.0,0.0,0.05662405979280534,1.0,0.9433759402071946,1.0,,,0,0,0,0.0,0.0,0.05662405979280534,0.0,0.0,0.05662405979280534,0.0,0.0,0.05662405979280534,1.0,0.9433759402071946,1.0,,,0,0,0
larger_population,activity_only,0.75,0.5,0.3,neutral,10,64,64,0.0,0.0,0.05662405979280534,192.0,0.0,8.334375000000001,0.0,0.0,0.05662405979280534,0.0,0.0,0.05662405979280534,1.0,0.9433759402071946,1.0,0.0,0.0,0.05662405979280534,0.0002601961314509004,0.000988838828888494,0,64,0,0.0,0.0,0.05662405979280534,0.0,0.0,0.05662405979280534,1.0,0.9433759402071946,1.0,0.0,0.0,0.05662405979280534,-0.0001232113082698539,0.0008808250844615933,0,64,0
larger_population,activity_only,0.75,0.5,0.3,neutral,40,64,64,0.0,0.0,0.05662405979280534,192.0,0.0,7.0625,0.15625,0.08714842338206585,0.2642806177254878,0.0625,0.024571201396618017,0.14997485092208662,0.78125,0.6656721604337418,0.8649768059328052,0.0,0.0,0.05662405979280534,0.002398663551170699,0.0020119206955913497,4,50,10,0.03125,0.008612138346171874,0.10697291770958313,0.171875,0.09877742301244645,0.282132116226582,0.796875,0.6828636426898583,0.8772658218081634,0.0,0.0,0.05662405979280534,-0.005660206743650961,0.0018975562544333376,11,51,2
larger_population,activity_only,0.75,0.5,0.3,neutral,50,64,64,0.0,0.0,0.05662405979280534,192.0,0.0,6.92,0.1875,0.11064643172948806,0.29974360564101526,0.109375,0.05400113344416797,0.20898641326896122,0.703125,0.5822979889645707,0.8009484867446022,0.0,0.0,0.05662405979280534,0.0021411843747337006,0.0022693354667407168,7,45,12,0.046875,0.016069016786292974,0.12899653740093686,0.21875,0.13502319406719474,0.3343278395662582,0.734375,0.6151712627143486,0.8270362092577739,0.0,0.0,0.05662405979280534,-0.006650563791579717,0.002140846143980624,14,47,3
larger_population,activity_only,0.75,0.5,0.3,neutral,100,64,64,0.0,0.0,0.05662405979280534,192.0,0.0,6.5346875,0.3125,0.21231066539482046,0.4339233570274815,0.21875,0.13502319406719474,0.3343278395662582,0.46875,0.35175987425176036,0.5892791294852899,0.0,0.0,0.05662405979280534,0.0023249552247874223,0.003198301506490072,14,30,20,0.25,0.16014926530970577,0.36816276458669694,0.265625,0.17296379074222612,0.38482873728565137,0.484375,0.3663355166543264,0.6041839852141988,0.0,0.0,0.05662405979280534,-0.0023618631630210945,0.0033658705638200106,17,31,16
larger_population,activity_only,0.75,0.5,0.3,neutral,200,64,64,0.0,0.0,0.05662405979280534,192.0,0.0,6.255546875,0.234375,0.1474989559392414,0.35133257582568644,0.3125,0.21231066539482046,0.4339233570274815,0.453125,0.3372944778061167,0.5742640277994588,0.0,0.0,0.05662405979280534,-0.0031706634752230014,0.003985712693352228,20,29,15,0.265625,0.17296379074222612,0.38482873728565137,0.328125,0.22570557904469185,0.45000894150908505,0.40625,0.2945690924971961,0.5285479187139549,0.0,0.0,0.05662405979280534,-0.004718203009455555,0.004272387867985937,21,26,17
larger_population,activity_only,0.75,0.5,0.3,neutral,400,64,64,0.0,0.0,0.05662405979280534,192.0,0.0,6.0140625,0.265625,0.17296379074222612,0.38482873728565137,0.4375,0.3229400970440308,0.5591379104300699,0.296875,0.19905151325539794,0.41770201103542925,0.0,0.0,0.05662405979280534,-0.008777120402847095,0.005202012255988419,28,19,17,0.28125,0.18593372333727837,0.40133930282207403,0.484375,0.3663355166543264,0.6041839852141988,0.234375,0.1474989559392414,0.35133257582568644,0.0,0.0,0.05662405979280534,-0.008134039656407153,0.0056144344318849555,31,15,18
larger_population,activity_only,0.75,0.5,0.3,selected,10,64,64,0.0,0.0,0.05662405979280534,192.0,0.0,8.334375000000001,0.0,0.0,0.05662405979280534,0.015625,0.002763541923337505,0.08334101600094265,0.984375,0.9166589839990573,0.9972364580766624,0.0,0.0,0.05662405979280534,-0.0003041320246249474,0.0009901676734347204,1,63,0,0.0,0.0,0.05662405979280534,0.0,0.0,0.05662405979280534,1.0,0.9433759402071946,1.0,0.0,0.0,0.05662405979280534,-0.0016783788009261218,0.0009807501132401257,0,64,0
larger_population,activity_only,0.75,0.5,0.3,selected,40,64,64,0.0,0.0,0.05662405979280534,192.0,0.0,7.0625,0.125,0.06472242663330453,0.22774561821129946,0.109375,0.05400113344416797,0.20898641326896122,0.765625,0.6486674241743136,0.8525010440607586,0.0,0.0,0.05662405979280534,0.0015340882926282856,0.002209258023995136,7,49,8,0.015625,0.002763541923337505,0.08334101600094265,0.296875,0.19905151325539794,0.41770201103542925,0.6875,0.5660766429725185,0.7876893346051795,0.0,0.0,0.05662405979280534,-0.010665763560878687,0.0020982834934983757,19,44,1
larger_population,activity_only,0.75,0.5,0.3,selected,50,64,64,0.0,0.0,0.05662405979280534,192.0,0.0,6.92,0.109375,0.05400113344416797,0.20898641326896122,0.171875,0.09877742301244645,0.282132116226582,0.71875,0.5986606971779259,0.8140662766627217,0.0,0.0,0.05662405979280534,0.0018573441522060415,0.0024473718689168446,11,46,7,0.046875,0.016069016786292974,0.12899653740093686,0.359375,0.25288402291451745,0.48179149390220904,0.59375,0.4714520812860451,0.7054309075028039,0.0,0.0,0.05662405979280534,-0.012301372071403891,0.0023849168217704607,23,38,3
larger_population,activity_only,0.75,0.5,0.3,selected,100,64,64,0.0,0.0,0.05662405979280534,192.0,0.0,6.5346875,0.25,0.16014926530970577,0.36816276458669694,0.25,0.16014926530970577,0.36816276458669694,0.5,0.3810209474394701,0.6189790525605299,0.0,0.0,0.05662405979280534,0.00061727907586076,0.0034038349959070392,16,32,16,0.046875,0.016069016786292974,0.12899653740093686,0.625,0.502503786840045,0.7333401982117536,0.328125,0.22570557904469185,0.45000894150908505,0.0,0.0,0.05662405979280534,-0.02271235568449151,0.003072626404244662,40,21,3
larger_population,activity_only,0.75,0.5,0.3,selected,200,64,64,0.0,0.0,0.05662405979280534,192.0,0.0,6.255546875,0.34375,0.23923142078443355,0.46596359790081815,0.34375,0.23923142078443355,0.46596359790081815,0.3125,0.21231066539482046,0.4339233570274815,0.0,0.0,0.05662405979280534,0.0008505991429479352,0.004788538977541291,22,20,22,0.078125,0.03383117690855046,0.17019537354162906,0.640625,0.518208506097791,0.7471159770854825,0.28125,0.18593372333727837,0.40133930282207403,0.0,0.0,0.05662405979280534,-0.032967563922317165,0.003702301941118943,41,18,5
larger_population,activity_only,0.75,0.5,0.3,selected,400,64,64,0.0,0.0,0.05662405979280534,192.0,0.0,6.0140625,0.296875,0.19905151325539794,0.41770201103542925,0.359375,0.25288402291451745,0.48179149390220904,0.34375,0.23923142078443355,0.46596359790081815,0.0,0.0,0.05662405979280534,-0.0026240511399777122,0.005470653649675942,23,22,19,0.03125,0.008612138346171874,0.10697291770958313,0.78125,0.6656721604337418,0.8649768059328052,0.1875,0.11064643172948806,0.29974360564101526,0.0,0.0,0.05662405979280534,-0.04620162988930447,0.004162783844867893,50,12,2
larger_population,activity_only,0.75,0.5,0.7,neutral,10,64,64,0.0,0.0,0.05662405979280534,192.0,0.0,8.334375000000001,0.0,0.0,0.05662405979280534,0.015625,0.002763541923337505,0.08334101600094265,0.984375,0.9166589839990573,0.9972364580766624,0.0,0.0,0.05662405979280534,1.6455856406983813e-05,0.0010397876972973112,1,63,0,0.0,0.0,0.05662405979280534,0.0,0.0,0.05662405979280534,1.0,0.9433759402071946,1.0,0.0,0.0,0.05662405979280534,-0.00090673620938492,0.000896001800500389,0,64,0
larger_population,activity_only,0.75,0.5,0.7,neutral,40,64,64,0.0,0.0,0.05662405979280534,192.0,0.0,7.0625,0.125,0.06472242663330453,0.22774561821129946,0.15625,0.08714842338206585,0.2642806177254878,0.71875,0.5986606971779259,0.8140662766627217,0.0,0.0,0.05662405979280534,-0.002081893183888687,0.0020266120267898816,10,46,8,0.0625,0.024571201396618017,0.14997485092208662,0.125,0.06472242663330453,0.22774561821129946,0.8125,0.7002563943589847,0.8893535682705119,0.0,0.0,0.05662405979280534,-0.0035330700716614616,0.00207057807552717,8,52,4
larger_population,activity_only,0.75,0.5,0.7,neutral,50,64,64,0.0,0.0,0.05662405979280534,192.0,0.0,6.92,0.125,0.06472242663330453,0.22774561821129946,0.109375,0.05400113344416797,0.20898641326896122,0.765625,0.6486674241743136,0.8525010440607586,0.0,0.0,0.05662405979280534,-0.0017968876714057856,0.0023595409460059652,7,49,8,0.0625,0.024571201396618017,0.14997485092208662,0.25,0.16014926530970577,0.36816276458669694,0.6875,0.5660766429725185,0.7876893346051795,0.0,0.0,0.05662405979280534,-0.00447988851450753,0.00224695964146746,16,44,4
larger_population,activity_only,0.75,0.5,0.7,neutral,100,64,64,0.0,0.0,0.05662405979280534,192.0,0.0,6.5346875,0.1875,0.11064643172948806,0.29974360564101526,0.265625,0.17296379074222612,0.38482873728565137,0.546875,0.4257359722005412,0.6627055221938833,0.0,0.0,0.05662405979280534,-0.002696770111195835,0.003281381685551701,17,35,12,0.140625,0.0757857255603086,0.24616281741577023,0.203125,0.12273417819183653,0.3171363573101416,0.65625,0.5340364020991819,0.7607685792155665,0.0,0.0,0.05662405979280534,-0.0022604806809757034,0.0027919588748358767,13,42,9
larger_population,activity_only,0.75,0.5,0.7,neutral,200,64,64,0.0,0.0,0.05662405979280534,192.0,0.0,6.255546875,0.265625,0.17296379074222612,0.38482873728565137,0.25,0.16014926530970577,0.36816276458669694,0.484375,0.3663355166543264,0.6041839852141988,0.0,0.0,0.05662405979280534,0.001077072268945975,0.004076396253550868,16,31,17,0.296875,0.19905151325539794,0.41770201103542925,0.234375,0.1474989559392414,0.35133257582568644,0.46875,0.35175987425176036,0.5892791294852899,0.0,0.0,0.05662405979280534,0.0018541729538454578,0.0037236102676530634,15,30,19
larger_population,activity_only,0.75,0.5,0.7,neutral,400,64,64,0.0,0.0,0.05662405979280534,192.0,0.0,6.0140625,0.28125,0.18593372333727837,0.40133930282207403,0.3125,0.21231066539482046,0.4339233570274815,0.40625,0.2945690924971961,0.5285479187139549,0.0,0.0,0.05662405979280534,0.00017385723372602066,0.005450886786277135,20,26,18,0.296875,0.19905151325539794,0.41770201103542925,0.28125,0.18593372333727837,0.40133930282207403,0.421875,0.30869782474345486,0.5438996845991709,0.0,0.0,0.05662405979280534,0.002216996532194603,0.004954078659778557,18,27,19
larger_population,activity_only,0.75,0.5,0.7,selected,10,64,64,0.0,0.0,0.05662405979280534,192.0,0.0,8.334375000000001,0.0,0.0,0.05662405979280534,0.0,0.0,0.05662405979280534,1.0,0.9433759402071946,1.0,0.0,0.0,0.05662405979280534,4.437047082337352e-05,0.000998281549105641,0,64,0,0.0,0.0,0.05662405979280534,0.0,0.0,0.05662405979280534,1.0,0.9433759402071946,1.0,0.0,0.0,0.05662405979280534,-0.0015810622412637428,0.0009739644410915086,0,64,0
larger_population,activity_only,0.75,0.5,0.7,selected,40,64,64,0.0,0.0,0.05662405979280534,192.0,0.0,7.0625,0.171875,0.09877742301244645,0.282132116226582,0.078125,0.03383117690855046,0.17019537354162906,0.75,0.631837235413303,0.8398507346902941,0.0,0.0,0.05662405979280534,0.004228767441274848,0.0020619429463886525,5,48,11,0.03125,0.008612138346171874,0.10697291770958313,0.171875,0.09877742301244645,0.282132116226582,0.796875,0.6828636426898583,0.8772658218081634,0.0,0.0,0.05662405979280534,-0.008171554394569885,0.0017868418796291494,11,51,2
larger_population,activity_only,0.75,0.5,0.7,selected,50,64,64,0.0,0.0,0.05662405979280534,192.0,0.0,6.92,0.203125,0.12273417819183653,0.3171363573101416,0.0625,0.024571201396618017,0.14997485092208662,0.734375,0.6151712627143486,0.8270362092577739,0.0,0.0,0.05662405979280534,0.004659245053002886,0.0022134632553064836,4,47,13,0.015625,0.002763541923337505,0.08334101600094265,0.234375,0.1474989559392414,0.35133257582568644,0.75,0.631837235413303,0.8398507346902941,0.0,0.0,0.05662405979280534,-0.00962958881195687,0.001886908678633872,15,48,1
larger_population,activity_only,0.75,0.5,0.7,selected,100,64,64,0.0,0.0,0.05662405979280534,192.0,0.0,6.5346875,0.28125,0.18593372333727837,0.40133930282207403,0.1875,0.11064643172948806,0.29974360564101526,0.53125,0.41072087051471007,0.6482401257482395,0.0,0.0,0.05662405979280534,0.004419443477845272,0.003338463064150967,12,34,18,0.03125,0.008612138346171874,0.10697291770958313,0.375,0.2666598017882464,0.497496213159955,0.59375,0.4714520812860451,0.7054309075028039,0.0,0.0,0.05662405979280534,-0.015245523799511815,0.0026919562094725154,24,38,2
larger_population,activity_only,0.75,0.5,0.7,selected,200,64,64,0.0,0.0,0.05662405979280534,192.0,0.0,6.255546875,0.328125,0.22570557904469185,0.45000894150908505,0.25,0.16014926530970577,0.36816276458669694,0.421875,0.30869782474345486,0.5438996845991709,0.0,0.0,0.05662405979280534,0.0034345186120802174,0.004137180935709154,16,27,21,0.046875,0.016069016786292974,0.12899653740093686,0.578125,0.456100315400829,0.6913021752565451,0.375,0.2666598017882464,0.497496213159955,0.0,0.0,0.05662405979280534,-0.02697350700890261,0.0033722881095596896,37,24,3
larger_population,activity_only,0.75,0.5,0.7,selected,400,64,64,0.0,0.0,0.05662405979280534,192.0,0.0,6.0140625,0.3125,0.21231066539482046,0.4339233570274815,0.25,0.16014926530970577,0.36816276458669694,0.4375,0.3229400970440308,0.5591379104300699,0.0,0.0,0.05662405979280534,0.003893026752005811,0.005539017528567407,16,28,20,0.078125,0.03383117690855046,0.17019537354162906,0.765625,0.6486674241743136,0.8525010440607586,0.15625,0.08714842338206585,0.2642806177254878,0.0,0.0,0.05662405979280534,-0.0384511794028457,0.004352526665888224,49,10,5
larger_population,both,0.0,0.0,0.3,neutral,10,64,18,0.71875,0.5986606971779259,0.8140662766627217,51.015625,10.682593489618265,2.3515625,0.015625,0.002763541923337505,0.08334101600094265,0.0,0.0,0.05662405979280534,0.265625,0.17296379074222612,0.38482873728565137,0.71875,0.5986606971779259,0.8140662766627217,0.000521636217910734,0.002364124777076458,0,17,1,0.015625,0.002763541923337505,0.08334101600094265,0.0,0.0,0.05662405979280534,0.265625,0.17296379074222612,0.38482873728565137,0.71875,0.5986606971779259,0.8140662766627217,0.005042818959454974,0.0032742073623486553,0,17,1
larger_population,both,0.0,0.0,0.3,neutral,40,64,0,1.0,0.9433759402071946,1.0,0.0,0.0,1.1875,0.0,0.0,0.05662405979280534,0.0,0.0,0.05662405979280534,0.0,0.0,0.05662405979280534,1.0,0.9433759402071946,1.0,,,0,0,0,0.0,0.0,0.05662405979280534,0.0,0.0,0.05662405979280534,0.0,0.0,0.05662405979280534,1.0,0.9433759402071946,1.0,,,0,0,0
larger_population,both,0.0,0.0,0.3,neutral,50,64,0,1.0,0.9433759402071946,1.0,0.0,0.0,1.0975,0.0,0.0,0.05662405979280534,0.0,0.0,0.05662405979280534,0.0,0.0,0.05662405979280534,1.0,0.9433759402071946,1.0,,,0,0,0,0.0,0.0,0.05662405979280534,0.0,0.0,0.05662405979280534,0.0,0.0,0.05662405979280534,1.0,0.9433759402071946,1.0,,,0,0,0
larger_population,both,0.0,0.0,0.3,neutral,100,64,0,1.0,0.9433759402071946,1.0,0.0,0.0,0.905,0.0,0.0,0.05662405979280534,0.0,0.0,0.05662405979280534,0.0,0.0,0.05662405979280534,1.0,0.9433759402071946,1.0,,,0,0,0,0.0,0.0,0.05662405979280534,0.0,0.0,0.05662405979280534,0.0,0.0,0.05662405979280534,1.0,0.9433759402071946,1.0,,,0,0,0
larger_population,both,0.0,0.0,0.3,neutral,200,64,0,1.0,0.9433759402071946,1.0,0.0,0.0,0.7643749999999999,0.0,0.0,0.05662405979280534,0.0,0.0,0.05662405979280534,0.0,0.0,0.05662405979280534,1.0,0.9433759402071946,1.0,,,0,0,0,0.0,0.0,0.05662405979280534,0.0,0.0,0.05662405979280534,0.0,0.0,0.05662405979280534,1.0,0.9433759402071946,1.0,,,0,0,0
larger_population,both,0.0,0.0,0.3,neutral,400,64,0,1.0,0.9433759402071946,1.0,0.0,0.0,0.7213671875000001,0.0,0.0,0.05662405979280534,0.0,0.0,0.05662405979280534,0.0,0.0,0.05662405979280534,1.0,0.9433759402071946,1.0,,,0,0,0,0.0,0.0,0.05662405979280534,0.0,0.0,0.05662405979280534,0.0,0.0,0.05662405979280534,1.0,0.9433759402071946,1.0,,,0,0,0
larger_population,both,0.0,0.0,0.3,selected,10,64,20,0.6875,0.5660766429725185,0.7876893346051795,51.375,10.658095049274287,2.3515625,0.0625,0.024571201396618017,0.14997485092208662,0.046875,0.016069016786292974,0.12899653740093686,0.203125,0.12273417819183653,0.3171363573101416,0.6875,0.5660766429725185,0.7876893346051795,0.009217084712005974,0.007545048941433932,3,13,4,0.125,0.06472242663330453,0.22774561821129946,0.0,0.0,0.05662405979280534,0.1875,0.11064643172948806,0.29974360564101526,0.6875,0.5660766429725185,0.7876893346051795,0.01724309387766157,0.002198503219130364,0,12,8
larger_population,both,0.0,0.0,0.3,selected,40,64,0,1.0,0.9433759402071946,1.0,0.0,0.0,1.1875,0.0,0.0,0.05662405979280534,0.0,0.0,0.05662405979280534,0.0,0.0,0.05662405979280534,1.0,0.9433759402071946,1.0,,,0,0,0,0.0,0.0,0.05662405979280534,0.0,0.0,0.05662405979280534,0.0,0.0,0.05662405979280534,1.0,0.9433759402071946,1.0,,,0,0,0
larger_population,both,0.0,0.0,0.3,selected,50,64,0,1.0,0.9433759402071946,1.0,0.0,0.0,1.0975,0.0,0.0,0.05662405979280534,0.0,0.0,0.05662405979280534,0.0,0.0,0.05662405979280534,1.0,0.9433759402071946,1.0,,,0,0,0,0.0,0.0,0.05662405979280534,0.0,0.0,0.05662405979280534,0.0,0.0,0.05662405979280534,1.0,0.9433759402071946,1.0,,,0,0,0
larger_population,both,0.0,0.0,0.3,selected,100,64,0,1.0,0.9433759402071946,1.0,0.0,0.0,0.905,0.0,0.0,0.05662405979280534,0.0,0.0,0.05662405979280534,0.0,0.0,0.05662405979280534,1.0,0.9433759402071946,1.0,,,0,0,0,0.0,0.0,0.05662405979280534,0.0,0.0,0.05662405979280534,0.0,0.0,0.05662405979280534,1.0,0.9433759402071946,1.0,,,0,0,0
larger_population,both,0.0,0.0,0.3,selected,200,64,0,1.0,0.9433759402071946,1.0,0.0,0.0,0.7643749999999999,0.0,0.0,0.05662405979280534,0.0,0.0,0.05662405979280534,0.0,0.0,0.05662405979280534,1.0,0.9433759402071946,1.0,,,0,0,0,0.0,0.0,0.05662405979280534,0.0,0.0,0.05662405979280534,0.0,0.0,0.05662405979280534,1.0,0.9433759402071946,1.0,,,0,0,0
larger_population,both,0.0,0.0,0.3,selected,400,64,0,1.0,0.9433759402071946,1.0,0.0,0.0,0.7213671875000001,0.0,0.0,0.05662405979280534,0.0,0.0,0.05662405979280534,0.0,0.0,0.05662405979280534,1.0,0.9433759402071946,1.0,,,0,0,0,0.0,0.0,0.05662405979280534,0.0,0.0,0.05662405979280534,0.0,0.0,0.05662405979280534,1.0,0.9433759402071946,1.0,,,0,0,0
larger_population,both,0.0,0.0,0.7,neutral,10,64,18,0.71875,0.5986606971779259,0.8140662766627217,54.0,10.875923606099589,2.3515625,0.0,0.0,0.05662405979280534,0.0,0.0,0.05662405979280534,0.28125,0.18593372333727837,0.40133930282207403,0.71875,0.5986606971779259,0.8140662766627217,-0.0003083222907734637,0.001889367830883464,0,18,0,0.015625,0.002763541923337505,0.08334101600094265,0.0,0.0,0.05662405979280534,0.265625,0.17296379074222612,0.38482873728565137,0.71875,0.5986606971779259,0.8140662766627217,0.004449950230233963,0.0020319602849797466,0,17,1
larger_population,both,0.0,0.0,0.7,neutral,40,64,0,1.0,0.9433759402071946,1.0,0.0,0.0,1.1875,0.0,0.0,0.05662405979280534,0.0,0.0,0.05662405979280534,0.0,0.0,0.05662405979280534,1.0,0.9433759402071946,1.0,,,0,0,0,0.0,0.0,0.05662405979280534,0.0,0.0,0.05662405979280534,0.0,0.0,0.05662405979280534,1.0,0.9433759402071946,1.0,,,0,0,0
larger_population,both,0.0,0.0,0.7,neutral,50,64,0,1.0,0.9433759402071946,1.0,0.0,0.0,1.0975,0.0,0.0,0.05662405979280534,0.0,0.0,0.05662405979280534,0.0,0.0,0.05662405979280534,1.0,0.9433759402071946,1.0,,,0,0,0,0.0,0.0,0.05662405979280534,0.0,0.0,0.05662405979280534,0.0,0.0,0.05662405979280534,1.0,0.9433759402071946,1.0,,,0,0,0
larger_population,both,0.0,0.0,0.7,neutral,100,64,0,1.0,0.9433759402071946,1.0,0.0,0.0,0.905,0.0,0.0,0.05662405979280534,0.0,0.0,0.05662405979280534,0.0,0.0,0.05662405979280534,1.0,0.9433759402071946,1.0,,,0,0,0,0.0,0.0,0.05662405979280534,0.0,0.0,0.05662405979280534,0.0,0.0,0.05662405979280534,1.0,0.9433759402071946,1.0,,,0,0,0
larger_population,both,0.0,0.0,0.7,neutral,200,64,0,1.0,0.9433759402071946,1.0,0.0,0.0,0.7643749999999999,0.0,0.0,0.05662405979280534,0.0,0.0,0.05662405979280534,0.0,0.0,0.05662405979280534,1.0,0.9433759402071946,1.0,,,0,0,0,0.0,0.0,0.05662405979280534,0.0,0.0,0.05662405979280534,0.0,0.0,0.05662405979280534,1.0,0.9433759402071946,1.0,,,0,0,0
larger_population,both,0.0,0.0,0.7,neutral,400,64,0,1.0,0.9433759402071946,1.0,0.0,0.0,0.7213671875000001,0.0,0.0,0.05662405979280534,0.0,0.0,0.05662405979280534,0.0,0.0,0.05662405979280534,1.0,0.9433759402071946,1.0,,,0,0,0,0.0,0.0,0.05662405979280534,0.0,0.0,0.05662405979280534,0.0,0.0,0.05662405979280534,1.0,0.9433759402071946,1.0,,,0,0,0
larger_population,both,0.0,0.0,0.7,selected,10,64,21,0.671875,0.549991058490915,0.7742944209553081,63.0,11.357816691600547,2.3515625,0.125,0.06472242663330453,0.22774561821129946,0.109375,0.05400113344416797,0.20898641326896122,0.09375,0.04367825258519838,0.18982879599645597,0.671875,0.549991058490915,0.7742944209553081,0.0027206962172081997,0.008584421285964374,7,6,8,0.1875,0.11064643172948806,0.29974360564101526,0.0,0.0,0.05662405979280534,0.140625,0.0757857255603086,0.24616281741577023,0.671875,0.549991058490915,0.7742944209553081,0.021078035113757172,0.0020583194576765424,0,9,12
larger_population,both,0.0,0.0,0.7,selected,40,64,0,1.0,0.9433759402071946,1.0,0.0,0.0,1.1875,0.0,0.0,0.05662405979280534,0.0,0.0,0.05662405979280534,0.0,0.0,0.05662405979280534,1.0,0.9433759402071946,1.0,,,0,0,0,0.0,0.0,0.05662405979280534,0.0,0.0,0.05662405979280534,0.0,0.0,0.05662405979280534,1.0,0.9433759402071946,1.0,,,0,0,0
larger_population,both,0.0,0.0,0.7,selected,50,64,0,1.0,0.9433759402071946,1.0,0.0,0.0,1.0975,0.0,0.0,0.05662405979280534,0.0,0.0,0.05662405979280534,0.0,0.0,0.05662405979280534,1.0,0.9433759402071946,1.0,,,0,0,0,0.0,0.0,0.05662405979280534,0.0,0.0,0.05662405979280534,0.0,0.0,0.05662405979280534,1.0,0.9433759402071946,1.0,,,0,0,0
larger_population,both,0.0,0.0,0.7,selected,100,64,0,1.0,0.9433759402071946,1.0,0.0,0.0,0.905,0.0,0.0,0.05662405979280534,0.0,0.0,0.05662405979280534,0.0,0.0,0.05662405979280534,1.0,0.9433759402071946,1.0,,,0,0,0,0.0,0.0,0.05662405979280534,0.0,0.0,0.05662405979280534,0.0,0.0,0.05662405979280534,1.0,0.9433759402071946,1.0,,,0,0,0
larger_population,both,0.0,0.0,0.7,selected,200,64,0,1.0,0.9433759402071946,1.0,0.0,0.0,0.7643749999999999,0.0,0.0,0.05662405979280534,0.0,0.0,0.05662405979280534,0.0,0.0,0.05662405979280534,1.0,0.9433759402071946,1.0,,,0,0,0,0.0,0.0,0.05662405979280534,0.0,0.0,0.05662405979280534,0.0,0.0,0.05662405979280534,1.0,0.9433759402071946,1.0,,,0,0,0
larger_population,both,0.0,0.0,0.7,selected,400,64,0,1.0,0.9433759402071946,1.0,0.0,0.0,0.7213671875000001,0.0,0.0,0.05662405979280534,0.0,0.0,0.05662405979280534,0.0,0.0,0.05662405979280534,1.0,0.9433759402071946,1.0,,,0,0,0,0.0,0.0,0.05662405979280534,0.0,0.0,0.05662405979280534,0.0,0.0,0.05662405979280534,1.0,0.9433759402071946,1.0,,,0,0,0
larger_population,both,0.0,0.5,0.3,neutral,10,64,64,0.0,0.0,0.05662405979280534,192.0,0.0,2.3515625,0.015625,0.002763541923337505,0.08334101600094265,0.046875,0.016069016786292974,0.12899653740093686,0.9375,0.8500251490779133,0.9754287986033819,0.0,0.0,0.05662405979280534,-0.001793592198207101,0.001336372299987435,3,60,1,0.046875,0.016069016786292974,0.12899653740093686,0.0,0.0,0.05662405979280534,0.953125,0.8710034625990631,0.983930983213707,0.0,0.0,0.05662405979280534,0.00181943166105499,0.001312965771702595,0,61,3
larger_population,both,0.0,0.5,0.3,neutral,40,64,64,0.0,0.0,0.05662405979280534,192.0,0.0,1.1875,0.125,0.06472242663330453,0.22774561821129946,0.28125,0.18593372333727837,0.40133930282207403,0.59375,0.4714520812860451,0.7054309075028039,0.0,0.0,0.05662405979280534,-0.007220381249866512,0.0030295445248462163,18,38,8,0.234375,0.1474989559392414,0.35133257582568644,0.21875,0.13502319406719474,0.3343278395662582,0.546875,0.4257359722005412,0.6627055221938833,0.0,0.0,0.05662405979280534,0.0023164678279994555,0.0031189178717362623,14,35,15
larger_population,both,0.0,0.5,0.3,neutral,50,64,64,0.0,0.0,0.05662405979280534,192.0,0.0,1.0975,0.171875,0.09877742301244645,0.282132116226582,0.296875,0.19905151325539794,0.41770201103542925,0.53125,0.41072087051471007,0.6482401257482395,0.0,0.0,0.05662405979280534,-0.005447662340038971,0.003332908233974433,19,34,11,0.328125,0.22570557904469185,0.45000894150908505,0.25,0.16014926530970577,0.36816276458669694,0.421875,0.30869782474345486,0.5438996845991709,0.0,0.0,0.05662405979280534,0.0029983955707154186,0.0035073726559978406,16,27,21
larger_population,both,0.0,0.5,0.3,neutral,100,64,64,0.0,0.0,0.05662405979280534,192.0,0.0,0.905,0.234375,0.1474989559392414,0.35133257582568644,0.375,0.2666598017882464,0.497496213159955,0.390625,0.2805556918824008,0.5130808211972754,0.0,0.0,0.05662405979280534,-0.005872328148537272,0.004417323817270487,24,25,15,0.359375,0.25288402291451745,0.48179149390220904,0.15625,0.08714842338206585,0.2642806177254878,0.484375,0.3663355166543264,0.6041839852141988,0.0,0.0,0.05662405979280534,0.008909317658932735,0.0045264542511450805,10,31,23
larger_population,both,0.0,0.5,0.3,neutral,200,64,64,0.0,0.0,0.05662405979280534,192.0,0.0,0.7643749999999999,0.296875,0.19905151325539794,0.41770201103542925,0.40625,0.2945690924971961,0.5285479187139549,0.296875,0.19905151325539794,0.41770201103542925,0.0,0.0,0.05662405979280534,-0.004169094431647893,0.0057144130518717445,26,19,19,0.328125,0.22570557904469185,0.45000894150908505,0.328125,0.22570557904469185,0.45000894150908505,0.34375,0.23923142078443355,0.46596359790081815,0.0,0.0,0.05662405979280534,0.003149265531046749,0.0060039707770154415,21,22,21
larger_population,both,0.0,0.5,0.3,neutral,400,64,64,0.0,0.0,0.05662405979280534,192.0,0.0,0.7213671875000001,0.34375,0.23923142078443355,0.46596359790081815,0.453125,0.3372944778061167,0.5742640277994588,0.203125,0.12273417819183653,0.3171363573101416,0.0,0.0,0.05662405979280534,-0.0028579894473311812,0.006632840013874314,29,13,22,0.4375,0.3229400970440308,0.5591379104300699,0.375,0.2666598017882464,0.497496213159955,0.1875,0.11064643172948806,0.29974360564101526,0.0,0.0,0.05662405979280534,0.006676082525372453,0.006927859760492076,24,12,28
larger_population,both,0.0,0.5,0.3,selected,10,64,64,0.0,0.0,0.05662405979280534,192.0,0.0,2.3515625,0.21875,0.13502319406719474,0.3343278395662582,0.109375,0.05400113344416797,0.20898641326896122,0.671875,0.549991058490915,0.7742944209553081,0.0,0.0,0.05662405979280534,0.00472346046083119,0.002473642849803089,7,43,14,0.03125,0.008612138346171874,0.10697291770958313,0.03125,0.008612138346171874,0.10697291770958313,0.9375,0.8500251490779133,0.9754287986033819,0.0,0.0,0.05662405979280534,0.0016415284078665068,0.0014419986573785668,2,60,2
larger_population,both,0.0,0.5,0.3,selected,40,64,64,0.0,0.0,0.05662405979280534,192.0,0.0,1.1875,0.40625,0.2945690924971961,0.5285479187139549,0.328125,0.22570557904469185,0.45000894150908505,0.265625,0.17296379074222612,0.38482873728565137,0.0,0.0,0.05662405979280534,0.006714609126666436,0.005396121606983313,21,17,26,0.0625,0.024571201396618017,0.14997485092208662,0.5625,0.4408620895699301,0.6770599029559693,0.375,0.2666598017882464,0.497496213159955,0.0,0.0,0.05662405979280534,-0.02121376661400188,0.003351601197306546,36,24,4
larger_population,both,0.0,0.5,0.3,selected,50,64,64,0.0,0.0,0.05662405979280534,192.0,0.0,1.0975,0.40625,0.2945690924971961,0.5285479187139549,0.296875,0.19905151325539794,0.41770201103542925,0.296875,0.19905151325539794,0.41770201103542925,0.0,0.0,0.05662405979280534,0.007261988776323989,0.005794281608911696,19,19,26,0.0625,0.024571201396618017,0.14997485092208662,0.671875,0.549991058490915,0.7742944209553081,0.265625,0.17296379074222612,0.38482873728565137,0.0,0.0,0.05662405979280534,-0.028435894664307695,0.0036641125664042236,43,17,4
larger_population,both,0.0,0.5,0.3,selected,100,64,64,0.0,0.0,0.05662405979280534,192.0,0.0,0.905,0.5,0.3810209474394701,0.6189790525605299,0.34375,0.23923142078443355,0.46596359790081815,0.15625,0.08714842338206585,0.2642806177254878,0.0,0.0,0.05662405979280534,0.00717939376880925,0.00671943977506735,22,10,32,0.0625,0.024571201396618017,0.14997485092208662,0.78125,0.6656721604337418,0.8649768059328052,0.15625,0.08714842338206585,0.2642806177254878,0.0,0.0,0.05662405979280534,-0.044219808490512755,0.004447545497152059,50,10,4
larger_population,both,0.0,0.5,0.3,selected,200,64,64,0.0,0.0,0.05662405979280534,192.0,0.0,0.7643749999999999,0.515625,0.39581601478580125,0.6336644833456737,0.40625,0.2945690924971961,0.5285479187139549,0.078125,0.03383117690855046,0.17019537354162906,0.0,0.0,0.05662405979280534,0.007042056180365843,0.00728754371962894,26,5,33,0.046875,0.016069016786292974,0.12899653740093686,0.90625,0.810171204003544,0.9563217474148016,0.046875,0.016069016786292974,0.12899653740093686,0.0,0.0,0.05662405979280534,-0.05866887947458185,0.0042124453008942,58,3,3
larger_population,both,0.0,0.5,0.3,selected,400,64,64,0.0,0.0,0.05662405979280534,192.0,0.0,0.7213671875000001,0.578125,0.456100315400829,0.6913021752565451,0.359375,0.25288402291451745,0.48179149390220904,0.0625,0.024571201396618017,0.14997485092208662,0.0,0.0,0.05662405979280534,0.010684257940720494,0.007557782531735318,23,4,37,0.03125,0.008612138346171874,0.10697291770958313,0.9375,0.8500251490779133,0.9754287986033819,0.03125,0.008612138346171874,0.10697291770958313,0.0,0.0,0.05662405979280534,-0.06482751348893728,0.004116348122153858,60,2,2
larger_population,both,0.0,0.5,0.7,neutral,10,64,64,0.0,0.0,0.05662405979280534,192.0,0.0,2.3515625,0.03125,0.008612138346171874,0.10697291770958313,0.015625,0.002763541923337505,0.08334101600094265,0.953125,0.8710034625990631,0.983930983213707,0.0,0.0,0.05662405979280534,0.0003073283081362621,0.0012925464130642736,1,61,2,0.015625,0.002763541923337505,0.08334101600094265,0.015625,0.002763541923337505,0.08334101600094265,0.96875,0.8930270822904169,0.9913878616538281,0.0,0.0,0.05662405979280534,0.0004932365630058218,0.0013663743377206796,1,62,1
larger_population,both,0.0,0.5,0.7,neutral,40,64,64,0.0,0.0,0.05662405979280534,192.0,0.0,1.1875,0.171875,0.09877742301244645,0.282132116226582,0.203125,0.12273417819183653,0.3171363573101416,0.625,0.502503786840045,0.7333401982117536,0.0,0.0,0.05662405979280534,-0.0013190018396497544,0.0025011378549640558,13,40,11,0.203125,0.12273417819183653,0.3171363573101416,0.203125,0.12273417819183653,0.3171363573101416,0.59375,0.4714520812860451,0.7054309075028039,0.0,0.0,0.05662405979280534,-0.0005349950657657443,0.0028934694659924144,13,38,13
larger_population,both,0.0,0.5,0.7,neutral,50,64,64,0.0,0.0,0.05662405979280534,192.0,0.0,1.0975,0.125,0.06472242663330453,0.22774561821129946,0.25,0.16014926530970577,0.36816276458669694,0.625,0.502503786840045,0.7333401982117536,0.0,0.0,0.05662405979280534,-0.00499341462850786,0.002724561815948217,16,40,8,0.25,0.16014926530970577,0.36816276458669694,0.234375,0.1474989559392414,0.35133257582568644,0.515625,0.39581601478580125,0.6336644833456737,0.0,0.0,0.05662405979280534,0.0008746981567804664,0.0034358579791113108,15,33,16
larger_population,both,0.0,0.5,0.7,neutral,100,64,64,0.0,0.0,0.05662405979280534,192.0,0.0,0.905,0.21875,0.13502319406719474,0.3343278395662582,0.328125,0.22570557904469185,0.45000894150908505,0.453125,0.3372944778061167,0.5742640277994588,0.0,0.0,0.05662405979280534,-0.006103779738875846,0.003843393446848356,21,29,14,0.265625,0.17296379074222612,0.38482873728565137,0.28125,0.18593372333727837,0.40133930282207403,0.453125,0.3372944778061167,0.5742640277994588,0.0,0.0,0.05662405979280534,0.00014687319966748096,0.00420328269710547,18,29,17
larger_population,both,0.0,0.5,0.7,neutral,200,64,64,0.0,0.0,0.05662405979280534,192.0,0.0,0.7643749999999999,0.28125,0.18593372333727837,0.40133930282207403,0.375,0.2666598017882464,0.497496213159955,0.34375,0.23923142078443355,0.46596359790081815,0.0,0.0,0.05662405979280534,-0.003079372084781637,0.005512001138331109,24,22,18,0.390625,0.2805556918824008,0.5130808211972754,0.296875,0.19905151325539794,0.41770201103542925,0.3125,0.21231066539482046,0.4339233570274815,0.0,0.0,0.05662405979280534,0.0026293268305845182,0.005190331478090013,19,20,25
larger_population,both,0.0,0.5,0.7,neutral,400,64,64,0.0,0.0,0.05662405979280534,192.0,0.0,0.7213671875000001,0.28125,0.18593372333727837,0.40133930282207403,0.421875,0.30869782474345486,0.5438996845991709,0.296875,0.19905151325539794,0.41770201103542925,0.0,0.0,0.05662405979280534,-0.0037767486913775454,0.005809519750935839,27,19,18,0.453125,0.3372944778061167,0.5742640277994588,0.34375,0.23923142078443355,0.46596359790081815,0.203125,0.12273417819183653,0.3171363573101416,0.0,0.0,0.05662405979280534,0.004327395510153817,0.006518187939306469,22,13,29
larger_population,both,0.0,0.5,0.7,selected,10,64,64,0.0,0.0,0.05662405979280534,192.0,0.0,2.3515625,0.09375,0.04367825258519838,0.18982879599645597,0.21875,0.13502319406719474,0.3343278395662582,0.6875,0.5660766429725185,0.7876893346051795,0.0,0.0,0.05662405979280534,-0.0025319080119585845,0.0023826570114669075,14,44,6,0.015625,0.002763541923337505,0.08334101600094265,0.125,0.06472242663330453,0.22774561821129946,0.859375,0.7538371825842297,0.9242142744396914,0.0,0.0,0.05662405979280534,-0.0015415369025642356,0.0016999497324319982,8,55,1
larger_population,both,0.0,0.5,0.7,selected,40,64,64,0.0,0.0,0.05662405979280534,192.0,0.0,1.1875,0.3125,0.21231066539482046,0.4339233570274815,0.390625,0.2805556918824008,0.5130808211972754,0.296875,0.19905151325539794,0.41770201103542925,0.0,0.0,0.05662405979280534,-0.004391436353536563,0.005160906900777123,25,19,20,0.09375,0.04367825258519838,0.18982879599645597,0.453125,0.3372944778061167,0.5742640277994588,0.453125,0.3372944778061167,0.5742640277994588,0.0,0.0,0.05662405979280534,-0.016691122973052565,0.0032969906972326857,29,29,6
larger_population,both,0.0,0.5,0.7,selected,50,64,64,0.0,0.0,0.05662405979280534,192.0,0.0,1.0975,0.375,0.2666598017882464,0.497496213159955,0.359375,0.25288402291451745,0.48179149390220904,0.265625,0.17296379074222612,0.38482873728565137,0.0,0.0,0.05662405979280534,-0.003581567443767711,0.005631414269568049,23,17,24,0.078125,0.03383117690855046,0.17019537354162906,0.53125,0.41072087051471007,0.6482401257482395,0.390625,0.2805556918824008,0.5130808211972754,0.0,0.0,0.05662405979280534,-0.020381334029522667,0.003442845343435025,34,25,5
larger_population,both,0.0,0.5,0.7,selected,100,64,64,0.0,0.0,0.05662405979280534,192.0,0.0,0.905,0.390625,0.2805556918824008,0.5130808211972754,0.46875,0.35175987425176036,0.5892791294852899,0.140625,0.0757857255603086,0.24616281741577023,0.0,0.0,0.05662405979280534,-0.004857234290876653,0.00654648966528003,30,9,25,0.046875,0.016069016786292974,0.12899653740093686,0.765625,0.6486674241743136,0.8525010440607586,0.1875,0.11064643172948806,0.29974360564101526,0.0,0.0,0.05662405979280534,-0.03863520892365291,0.003853410151060701,49,12,3
larger_population,both,0.0,0.5,0.7,selected,200,64,64,0.0,0.0,0.05662405979280534,192.0,0.0,0.7643749999999999,0.265625,0.17296379074222612,0.38482873728565137,0.5,0.3810209474394701,0.6189790525605299,0.234375,0.1474989559392414,0.35133257582568644,0.0,0.0,0.05662405979280534,-0.0103535088200345,0.007136067752898424,32,15,17,0.03125,0.008612138346171874,0.10697291770958313,0.875,0.7722543817887005,0.9352775733666955,0.09375,0.04367825258519838,0.18982879599645597,0.0,0.0,0.05662405979280534,-0.05597781354026034,0.0038644949066981363,56,6,2
larger_population,both,0.0,0.5,0.7,selected,400,64,64,0.0,0.0,0.05662405979280534,192.0,0.0,0.7213671875000001,0.265625,0.17296379074222612,0.38482873728565137,0.53125,0.41072087051471007,0.6482401257482395,0.203125,0.12273417819183653,0.3171363573101416,0.0,0.0,0.05662405979280534,-0.017031539750490717,0.007294764938518021,34,13,17,0.03125,0.008612138346171874,0.10697291770958313,0.921875,0.8298046264583709,0.9661688230914496,0.046875,0.016069016786292974,0.12899653740093686,0.0,0.0,0.05662405979280534,-0.06144666870829039,0.0037579366149616124,59,3,2
larger_population,both,0.75,0.0,0.3,neutral,10,64,64,0.0,0.0,0.05662405979280534,33.296875,3.919811281160193,2.3515625,0.015625,0.002763541923337505,0.08334101600094265,0.015625,0.002763541923337505,0.08334101600094265,0.96875,0.8930270822904169,0.9913878616538281,0.0,0.0,0.05662405979280534,-0.002276803212965659,0.0010750367900695277,1,62,1,0.015625,0.002763541923337505,0.08334101600094265,0.046875,0.016069016786292974,0.12899653740093686,0.9375,0.8500251490779133,0.9754287986033819,0.0,0.0,0.05662405979280534,-0.0002536823270756598,0.001371483802220798,3,60,1
larger_population,both,0.75,0.0,0.3,neutral,40,64,0,1.0,0.9433759402071946,1.0,0.0,0.0,1.1875,0.0,0.0,0.05662405979280534,0.0,0.0,0.05662405979280534,0.0,0.0,0.05662405979280534,1.0,0.9433759402071946,1.0,,,0,0,0,0.0,0.0,0.05662405979280534,0.0,0.0,0.05662405979280534,0.0,0.0,0.05662405979280534,1.0,0.9433759402071946,1.0,,,0,0,0
larger_population,both,0.75,0.0,0.3,neutral,50,64,0,1.0,0.9433759402071946,1.0,0.0,0.0,1.0975,0.0,0.0,0.05662405979280534,0.0,0.0,0.05662405979280534,0.0,0.0,0.05662405979280534,1.0,0.9433759402071946,1.0,,,0,0,0,0.0,0.0,0.05662405979280534,0.0,0.0,0.05662405979280534,0.0,0.0,0.05662405979280534,1.0,0.9433759402071946,1.0,,,0,0,0
larger_population,both,0.75,0.0,0.3,neutral,100,64,0,1.0,0.9433759402071946,1.0,0.0,0.0,0.905,0.0,0.0,0.05662405979280534,0.0,0.0,0.05662405979280534,0.0,0.0,0.05662405979280534,1.0,0.9433759402071946,1.0,,,0,0,0,0.0,0.0,0.05662405979280534,0.0,0.0,0.05662405979280534,0.0,0.0,0.05662405979280534,1.0,0.9433759402071946,1.0,,,0,0,0
larger_population,both,0.75,0.0,0.3,neutral,200,64,0,1.0,0.9433759402071946,1.0,0.0,0.0,0.7643749999999999,0.0,0.0,0.05662405979280534,0.0,0.0,0.05662405979280534,0.0,0.0,0.05662405979280534,1.0,0.9433759402071946,1.0,,,0,0,0,0.0,0.0,0.05662405979280534,0.0,0.0,0.05662405979280534,0.0,0.0,0.05662405979280534,1.0,0.9433759402071946,1.0,,,0,0,0
larger_population,both,0.75,0.0,0.3,neutral,400,64,0,1.0,0.9433759402071946,1.0,0.0,0.0,0.7213671875000001,0.0,0.0,0.05662405979280534,0.0,0.0,0.05662405979280534,0.0,0.0,0.05662405979280534,1.0,0.9433759402071946,1.0,,,0,0,0,0.0,0.0,0.05662405979280534,0.0,0.0,0.05662405979280534,0.0,0.0,0.05662405979280534,1.0,0.9433759402071946,1.0,,,0,0,0
larger_population,both,0.75,0.0,0.3,selected,10,64,64,0.0,0.0,0.05662405979280534,36.28125,4.533028523431772,2.3515625,0.03125,0.008612138346171874,0.10697291770958313,0.015625,0.002763541923337505,0.08334101600094265,0.953125,0.8710034625990631,0.983930983213707,0.0,0.0,0.05662405979280534,0.0012265710736488666,0.001148619647566389,1,61,2,0.015625,0.002763541923337505,0.08334101600094265,0.03125,0.008612138346171874,0.10697291770958313,0.953125,0.8710034625990631,0.983930983213707,0.0,0.0,0.05662405979280534,0.0008191787800562959,0.0011943715705131765,2,61,1
larger_population,both,0.75,0.0,0.3,selected,40,64,3,0.953125,0.8710034625990631,0.983930983213707,0.046875,0.026630253226448332,1.1875,0.0,0.0,0.05662405979280534,0.015625,0.002763541923337505,0.08334101600094265,0.03125,0.008612138346171874,0.10697291770958313,0.953125,0.8710034625990631,0.983930983213707,-0.020509617026649735,0.023119023453444514,1,2,0,0.03125,0.008612138346171874,0.10697291770958313,0.0,0.0,0.05662405979280534,0.015625,0.002763541923337505,0.08334101600094265,0.953125,0.8710034625990631,0.983930983213707,0.04563271697073967,0.026641304663678138,0,1,2
larger_population,both,0.75,0.0,0.3,selected,50,64,0,1.0,0.9433759402071946,1.0,0.0,0.0,1.0975,0.0,0.0,0.05662405979280534,0.0,0.0,0.05662405979280534,0.0,0.0,0.05662405979280534,1.0,0.9433759402071946,1.0,,,0,0,0,0.0,0.0,0.05662405979280534,0.0,0.0,0.05662405979280534,0.0,0.0,0.05662405979280534,1.0,0.9433759402071946,1.0,,,0,0,0
larger_population,both,0.75,0.0,0.3,selected,100,64,0,1.0,0.9433759402071946,1.0,0.0,0.0,0.905,0.0,0.0,0.05662405979280534,0.0,0.0,0.05662405979280534,0.0,0.0,0.05662405979280534,1.0,0.9433759402071946,1.0,,,0,0,0,0.0,0.0,0.05662405979280534,0.0,0.0,0.05662405979280534,0.0,0.0,0.05662405979280534,1.0,0.9433759402071946,1.0,,,0,0,0
larger_population,both,0.75,0.0,0.3,selected,200,64,0,1.0,0.9433759402071946,1.0,0.0,0.0,0.7643749999999999,0.0,0.0,0.05662405979280534,0.0,0.0,0.05662405979280534,0.0,0.0,0.05662405979280534,1.0,0.9433759402071946,1.0,,,0,0,0,0.0,0.0,0.05662405979280534,0.0,0.0,0.05662405979280534,0.0,0.0,0.05662405979280534,1.0,0.9433759402071946,1.0,,,0,0,0
larger_population,both,0.75,0.0,0.3,selected,400,64,0,1.0,0.9433759402071946,1.0,0.0,0.0,0.7213671875000001,0.0,0.0,0.05662405979280534,0.0,0.0,0.05662405979280534,0.0,0.0,0.05662405979280534,1.0,0.9433759402071946,1.0,,,0,0,0,0.0,0.0,0.05662405979280534,0.0,0.0,0.05662405979280534,0.0,0.0,0.05662405979280534,1.0,0.9433759402071946,1.0,,,0,0,0
larger_population,both,0.75,0.0,0.7,neutral,10,64,64,0.0,0.0,0.05662405979280534,28.984375,3.4381216744847043,2.3515625,0.015625,0.002763541923337505,0.08334101600094265,0.0625,0.024571201396618017,0.14997485092208662,0.921875,0.8298046264583709,0.9661688230914496,0.0,0.0,0.05662405979280534,0.0005592755996376309,0.0013467051632819556,4,59,1,0.0,0.0,0.05662405979280534,0.046875,0.016069016786292974,0.12899653740093686,0.953125,0.8710034625990631,0.983930983213707,0.0,0.0,0.05662405979280534,-0.001219439421780673,0.0013140184325131376,3,61,0
larger_population,both,0.75,0.0,0.7,neutral,40,64,0,1.0,0.9433759402071946,1.0,0.0,0.0,1.1875,0.0,0.0,0.05662405979280534,0.0,0.0,0.05662405979280534,0.0,0.0,0.05662405979280534,1.0,0.9433759402071946,1.0,,,0,0,0,0.0,0.0,0.05662405979280534,0.0,0.0,0.05662405979280534,0.0,0.0,0.05662405979280534,1.0,0.9433759402071946,1.0,,,0,0,0
larger_population,both,0.75,0.0,0.7,neutral,50,64,0,1.0,0.9433759402071946,1.0,0.0,0.0,1.0975,0.0,0.0,0.05662405979280534,0.0,0.0,0.05662405979280534,0.0,0.0,0.05662405979280534,1.0,0.9433759402071946,1.0,,,0,0,0,0.0,0.0,0.05662405979280534,0.0,0.0,0.05662405979280534,0.0,0.0,0.05662405979280534,1.0,0.9433759402071946,1.0,,,0,0,0
larger_population,both,0.75,0.0,0.7,neutral,100,64,0,1.0,0.9433759402071946,1.0,0.0,0.0,0.905,0.0,0.0,0.05662405979280534,0.0,0.0,0.05662405979280534,0.0,0.0,0.05662405979280534,1.0,0.9433759402071946,1.0,,,0,0,0,0.0,0.0,0.05662405979280534,0.0,0.0,0.05662405979280534,0.0,0.0,0.05662405979280534,1.0,0.9433759402071946,1.0,,,0,0,0
larger_population,both,0.75,0.0,0.7,neutral,200,64,0,1.0,0.9433759402071946,1.0,0.0,0.0,0.7643749999999999,0.0,0.0,0.05662405979280534,0.0,0.0,0.05662405979280534,0.0,0.0,0.05662405979280534,1.0,0.9433759402071946,1.0,,,0,0,0,0.0,0.0,0.05662405979280534,0.0,0.0,0.05662405979280534,0.0,0.0,0.05662405979280534,1.0,0.9433759402071946,1.0,,,0,0,0
larger_population,both,0.75,0.0,0.7,neutral,400,64,0,1.0,0.9433759402071946,1.0,0.0,0.0,0.7213671875000001,0.0,0.0,0.05662405979280534,0.0,0.0,0.05662405979280534,0.0,0.0,0.05662405979280534,1.0,0.9433759402071946,1.0,,,0,0,0,0.0,0.0,0.05662405979280534,0.0,0.0,0.05662405979280534,0.0,0.0,0.05662405979280534,1.0,0.9433759402071946,1.0,,,0,0,0
larger_population,both,0.75,0.0,0.7,selected,10,64,64,0.0,0.0,0.05662405979280534,28.734375,3.3214999918983223,2.3515625,0.0,0.0,0.05662405979280534,0.046875,0.016069016786292974,0.12899653740093686,0.953125,0.8710034625990631,0.983930983213707,0.0,0.0,0.05662405979280534,0.0011486283198413536,0.0013011021372064122,3,61,0,0.015625,0.002763541923337505,0.08334101600094265,0.03125,0.008612138346171874,0.10697291770958313,0.953125,0.8710034625990631,0.983930983213707,0.0,0.0,0.05662405979280534,0.0012040586026079983,0.0012300374943856186,2,61,1
larger_population,both,0.75,0.0,0.7,selected,40,64,0,1.0,0.9433759402071946,1.0,0.0,0.0,1.1875,0.0,0.0,0.05662405979280534,0.0,0.0,0.05662405979280534,0.0,0.0,0.05662405979280534,1.0,0.9433759402071946,1.0,,,0,0,0,0.0,0.0,0.05662405979280534,0.0,0.0,0.05662405979280534,0.0,0.0,0.05662405979280534,1.0,0.9433759402071946,1.0,,,0,0,0
larger_population,both,0.75,0.0,0.7,selected,50,64,0,1.0,0.9433759402071946,1.0,0.0,0.0,1.0975,0.0,0.0,0.05662405979280534,0.0,0.0,0.05662405979280534,0.0,0.0,0.05662405979280534,1.0,0.9433759402071946,1.0,,,0,0,0,0.0,0.0,0.05662405979280534,0.0,0.0,0.05662405979280534,0.0,0.0,0.05662405979280534,1.0,0.9433759402071946,1.0,,,0,0,0
larger_population,both,0.75,0.0,0.7,selected,100,64,0,1.0,0.9433759402071946,1.0,0.0,0.0,0.905,0.0,0.0,0.05662405979280534,0.0,0.0,0.05662405979280534,0.0,0.0,0.05662405979280534,1.0,0.9433759402071946,1.0,,,0,0,0,0.0,0.0,0.05662405979280534,0.0,0.0,0.05662405979280534,0.0,0.0,0.05662405979280534,1.0,0.9433759402071946,1.0,,,0,0,0
larger_population,both,0.75,0.0,0.7,selected,200,64,0,1.0,0.9433759402071946,1.0,0.0,0.0,0.7643749999999999,0.0,0.0,0.05662405979280534,0.0,0.0,0.05662405979280534,0.0,0.0,0.05662405979280534,1.0,0.9433759402071946,1.0,,,0,0,0,0.0,0.0,0.05662405979280534,0.0,0.0,0.05662405979280534,0.0,0.0,0.05662405979280534,1.0,0.9433759402071946,1.0,,,0,0,0
larger_population,both,0.75,0.0,0.7,selected,400,64,0,1.0,0.9433759402071946,1.0,0.0,0.0,0.7213671875000001,0.0,0.0,0.05662405979280534,0.0,0.0,0.05662405979280534,0.0,0.0,0.05662405979280534,1.0,0.9433759402071946,1.0,,,0,0,0,0.0,0.0,0.05662405979280534,0.0,0.0,0.05662405979280534,0.0,0.0,0.05662405979280534,1.0,0.9433759402071946,1.0,,,0,0,0
larger_population,both,0.75,0.5,0.3,neutral,10,64,64,0.0,0.0,0.05662405979280534,192.0,0.0,2.3515625,0.0,0.0,0.05662405979280534,0.0,0.0,0.05662405979280534,1.0,0.9433759402071946,1.0,0.0,0.0,0.05662405979280534,0.00014077357131194942,0.0010112459292875014,0,64,0,0.0,0.0,0.05662405979280534,0.0,0.0,0.05662405979280534,1.0,0.9433759402071946,1.0,0.0,0.0,0.05662405979280534,-0.0008182493820506438,0.0009127008988024296,0,64,0
larger_population,both,0.75,0.5,0.3,neutral,40,64,64,0.0,0.0,0.05662405979280534,192.0,0.0,1.1875,0.109375,0.05400113344416797,0.20898641326896122,0.109375,0.05400113344416797,0.20898641326896122,0.78125,0.6656721604337418,0.8649768059328052,0.0,0.0,0.05662405979280534,0.00018655020521772536,0.0020614787257944114,7,50,7,0.0625,0.024571201396618017,0.14997485092208662,0.203125,0.12273417819183653,0.3171363573101416,0.734375,0.6151712627143486,0.8270362092577739,0.0,0.0,0.05662405979280534,-0.0037839552589960107,0.002132661594442561,13,47,4
larger_population,both,0.75,0.5,0.3,neutral,50,64,64,0.0,0.0,0.05662405979280534,192.0,0.0,1.0975,0.140625,0.0757857255603086,0.24616281741577023,0.140625,0.0757857255603086,0.24616281741577023,0.71875,0.5986606971779259,0.8140662766627217,0.0,0.0,0.05662405979280534,-0.0006257704536099234,0.0024100938238058563,9,46,9,0.0625,0.024571201396618017,0.14997485092208662,0.1875,0.11064643172948806,0.29974360564101526,0.75,0.631837235413303,0.8398507346902941,0.0,0.0,0.05662405979280534,-0.005654857196880036,0.002229475514087133,12,48,4
larger_population,both,0.75,0.5,0.3,neutral,100,64,64,0.0,0.0,0.05662405979280534,192.0,0.0,0.905,0.1875,0.11064643172948806,0.29974360564101526,0.28125,0.18593372333727837,0.40133930282207403,0.53125,0.41072087051471007,0.6482401257482395,0.0,0.0,0.05662405979280534,-0.0015633611074993927,0.003080025773466444,18,34,12,0.1875,0.11064643172948806,0.29974360564101526,0.296875,0.19905151325539794,0.41770201103542925,0.515625,0.39581601478580125,0.6336644833456737,0.0,0.0,0.05662405979280534,-0.004810394920085532,0.0032902496123464117,19,33,12
larger_population,both,0.75,0.5,0.3,neutral,200,64,64,0.0,0.0,0.05662405979280534,192.0,0.0,0.7643749999999999,0.265625,0.17296379074222612,0.38482873728565137,0.234375,0.1474989559392414,0.35133257582568644,0.5,0.3810209474394701,0.6189790525605299,0.0,0.0,0.05662405979280534,-9.466311319391088e-05,0.004425681348320813,15,32,17,0.265625,0.17296379074222612,0.38482873728565137,0.3125,0.21231066539482046,0.4339233570274815,0.421875,0.30869782474345486,0.5438996845991709,0.0,0.0,0.05662405979280534,-0.0020949432303956714,0.00452009000644201,20,27,17
larger_population,both,0.75,0.5,0.3,neutral,400,64,64,0.0,0.0,0.05662405979280534,192.0,0.0,0.7213671875000001,0.375,0.2666598017882464,0.497496213159955,0.28125,0.18593372333727837,0.40133930282207403,0.34375,0.23923142078443355,0.46596359790081815,0.0,0.0,0.05662405979280534,0.0037637284546375768,0.005491660946169154,18,22,24,0.328125,0.22570557904469185,0.45000894150908505,0.34375,0.23923142078443355,0.46596359790081815,0.328125,0.22570557904469185,0.45000894150908505,0.0,0.0,0.05662405979280534,-0.0026041103386291904,0.005328847144739149,22,21,21
larger_population,both,0.75,0.5,0.3,selected,10,64,64,0.0,0.0,0.05662405979280534,192.0,0.0,2.3515625,0.015625,0.002763541923337505,0.08334101600094265,0.0,0.0,0.05662405979280534,0.984375,0.9166589839990573,0.9972364580766624,0.0,0.0,0.05662405979280534,0.0010949624939873923,0.0009919222225396027,0,63,1,0.0,0.0,0.05662405979280534,0.0,0.0,0.05662405979280534,1.0,0.9433759402071946,1.0,0.0,0.0,0.05662405979280534,-0.002285649292232194,0.0009041393620005141,0,64,0
larger_population,both,0.75,0.5,0.3,selected,40,64,64,0.0,0.0,0.05662405979280534,192.0,0.0,1.1875,0.171875,0.09877742301244645,0.282132116226582,0.03125,0.008612138346171874,0.10697291770958313,0.796875,0.6828636426898583,0.8772658218081634,0.0,0.0,0.05662405979280534,0.004215976940584847,0.001841997367435226,2,51,11,0.015625,0.002763541923337505,0.08334101600094265,0.390625,0.2805556918824008,0.5130808211972754,0.59375,0.4714520812860451,0.7054309075028039,0.0,0.0,0.05662405979280534,-0.01337823119311556,0.00205859640279958,25,38,1
larger_population,both,0.75,0.5,0.3,selected,50,64,64,0.0,0.0,0.05662405979280534,192.0,0.0,1.0975,0.171875,0.09877742301244645,0.282132116226582,0.078125,0.03383117690855046,0.17019537354162906,0.75,0.631837235413303,0.8398507346902941,0.0,0.0,0.05662405979280534,0.005240739703774164,0.0019389589946000722,5,48,11,0.0,0.0,0.05662405979280534,0.40625,0.2945690924971961,0.5285479187139549,0.59375,0.4714520812860451,0.7054309075028039,0.0,0.0,0.05662405979280534,-0.01597868537163617,0.0021146648041315444,26,38,0
larger_population,both,0.75,0.5,0.3,selected,100,64,64,0.0,0.0,0.05662405979280534,192.0,0.0,0.905,0.265625,0.17296379074222612,0.38482873728565137,0.125,0.06472242663330453,0.22774561821129946,0.609375,0.4869191788027247,0.7194443081175993,0.0,0.0,0.05662405979280534,0.005594719945311114,0.0028984272046831444,8,39,17,0.015625,0.002763541923337505,0.08334101600094265,0.609375,0.4869191788027247,0.7194443081175993,0.375,0.2666598017882464,0.497496213159955,0.0,0.0,0.05662405979280534,-0.027020250398302047,0.0027541204007374897,39,24,1
larger_population,both,0.75,0.5,0.3,selected,200,64,64,0.0,0.0,0.05662405979280534,192.0,0.0,0.7643749999999999,0.390625,0.2805556918824008,0.5130808211972754,0.21875,0.13502319406719474,0.3343278395662582,0.390625,0.2805556918824008,0.5130808211972754,0.0,0.0,0.05662405979280534,0.00738559236980951,0.00439141548509367,14,25,25,0.015625,0.002763541923337505,0.08334101600094265,0.734375,0.6151712627143486,0.8270362092577739,0.25,0.16014926530970577,0.36816276458669694,0.0,0.0,0.05662405979280534,-0.03998774237785896,0.0033744442133611784,47,16,1
larger_population,both,0.75,0.5,0.3,selected,400,64,64,0.0,0.0,0.05662405979280534,192.0,0.0,0.7213671875000001,0.453125,0.3372944778061167,0.5742640277994588,0.234375,0.1474989559392414,0.35133257582568644,0.3125,0.21231066539482046,0.4339233570274815,0.0,0.0,0.05662405979280534,0.009790309234305307,0.005793195936550859,15,20,29,0.03125,0.008612138346171874,0.10697291770958313,0.90625,0.810171204003544,0.9563217474148016,0.0625,0.024571201396618017,0.14997485092208662,0.0,0.0,0.05662405979280534,-0.05796433387047038,0.0033861837767977477,58,4,2
larger_population,both,0.75,0.5,0.7,neutral,10,64,64,0.0,0.0,0.05662405979280534,192.0,0.0,2.3515625,0.0,0.0,0.05662405979280534,0.0,0.0,0.05662405979280534,1.0,0.9433759402071946,1.0,0.0,0.0,0.05662405979280534,-0.0006356807637547587,0.0009794139748919486,0,64,0,0.0,0.0,0.05662405979280534,0.0,0.0,0.05662405979280534,1.0,0.9433759402071946,1.0,0.0,0.0,0.05662405979280534,-0.001612641960599669,0.0009741935140573061,0,64,0
larger_population,both,0.75,0.5,0.7,neutral,40,64,64,0.0,0.0,0.05662405979280534,192.0,0.0,1.1875,0.109375,0.05400113344416797,0.20898641326896122,0.109375,0.05400113344416797,0.20898641326896122,0.78125,0.6656721604337418,0.8649768059328052,0.0,0.0,0.05662405979280534,-0.0005683603560767483,0.0019316815490292045,7,50,7,0.078125,0.03383117690855046,0.17019537354162906,0.171875,0.09877742301244645,0.282132116226582,0.75,0.631837235413303,0.8398507346902941,0.0,0.0,0.05662405979280534,-0.002821236005699534,0.002127070328303843,11,48,5
larger_population,both,0.75,0.5,0.7,neutral,50,64,64,0.0,0.0,0.05662405979280534,192.0,0.0,1.0975,0.109375,0.05400113344416797,0.20898641326896122,0.125,0.06472242663330453,0.22774561821129946,0.765625,0.6486674241743136,0.8525010440607586,0.0,0.0,0.05662405979280534,0.00015234887283678035,0.00244962820633756,8,49,7,0.078125,0.03383117690855046,0.17019537354162906,0.1875,0.11064643172948806,0.29974360564101526,0.734375,0.6151712627143486,0.8270362092577739,0.0,0.0,0.05662405979280534,-0.003802630362974683,0.002250802022701333,12,47,5
larger_population,both,0.75,0.5,0.7,neutral,100,64,64,0.0,0.0,0.05662405979280534,192.0,0.0,0.905,0.203125,0.12273417819183653,0.3171363573101416,0.25,0.16014926530970577,0.36816276458669694,0.546875,0.4257359722005412,0.6627055221938833,0.0,0.0,0.05662405979280534,-0.002452804084641394,0.003130782919214268,16,35,13,0.15625,0.08714842338206585,0.2642806177254878,0.328125,0.22570557904469185,0.45000894150908505,0.515625,0.39581601478580125,0.6336644833456737,0.0,0.0,0.05662405979280534,-0.005733320376807656,0.0034495436464443085,21,33,10
larger_population,both,0.75,0.5,0.7,neutral,200,64,64,0.0,0.0,0.05662405979280534,192.0,0.0,0.7643749999999999,0.21875,0.13502319406719474,0.3343278395662582,0.375,0.2666598017882464,0.497496213159955,0.40625,0.2945690924971961,0.5285479187139549,0.0,0.0,0.05662405979280534,-0.006395881387769925,0.003966244748835197,24,26,14,0.3125,0.21231066539482046,0.4339233570274815,0.390625,0.2805556918824008,0.5130808211972754,0.296875,0.19905151325539794,0.41770201103542925,0.0,0.0,0.05662405979280534,-0.007336689737507706,0.004994746391417888,25,19,20
larger_population,both,0.75,0.5,0.7,neutral,400,64,64,0.0,0.0,0.05662405979280534,192.0,0.0,0.7213671875000001,0.296875,0.19905151325539794,0.41770201103542925,0.4375,0.3229400970440308,0.5591379104300699,0.265625,0.17296379074222612,0.38482873728565137,0.0,0.0,0.05662405979280534,-0.006780132041492418,0.005283773017047361,28,17,19,0.390625,0.2805556918824008,0.5130808211972754,0.359375,0.25288402291451745,0.48179149390220904,0.25,0.16014926530970577,0.36816276458669694,0.0,0.0,0.05662405979280534,-0.004370770208837391,0.006159684768283183,23,16,25
larger_population,both,0.75,0.5,0.7,selected,10,64,64,0.0,0.0,0.05662405979280534,192.0,0.0,2.3515625,0.0,0.0,0.05662405979280534,0.015625,0.002763541923337505,0.08334101600094265,0.984375,0.9166589839990573,0.9972364580766624,0.0,0.0,0.05662405979280534,-0.0009270006647537129,0.0009789460509708604,1,63,0,0.0,0.0,0.05662405979280534,0.0,0.0,0.05662405979280534,1.0,0.9433759402071946,1.0,0.0,0.0,0.05662405979280534,-0.0018423809353663575,0.000983101662409096,0,64,0
larger_population,both,0.75,0.5,0.7,selected,40,64,64,0.0,0.0,0.05662405979280534,192.0,0.0,1.1875,0.203125,0.12273417819183653,0.3171363573101416,0.09375,0.04367825258519838,0.18982879599645597,0.703125,0.5822979889645707,0.8009484867446022,0.0,0.0,0.05662405979280534,0.001854525247682634,0.002419611313255,6,45,13,0.03125,0.008612138346171874,0.10697291770958313,0.359375,0.25288402291451745,0.48179149390220904,0.609375,0.4869191788027247,0.7194443081175993,0.0,0.0,0.05662405979280534,-0.01126066999479302,0.0023427745872530224,23,39,2
larger_population,both,0.75,0.5,0.7,selected,50,64,64,0.0,0.0,0.05662405979280534,192.0,0.0,1.0975,0.21875,0.13502319406719474,0.3343278395662582,0.125,0.06472242663330453,0.22774561821129946,0.65625,0.5340364020991819,0.7607685792155665,0.0,0.0,0.05662405979280534,0.0011362485364630106,0.002560665134548948,8,42,14,0.03125,0.008612138346171874,0.10697291770958313,0.359375,0.25288402291451745,0.48179149390220904,0.609375,0.4869191788027247,0.7194443081175993,0.0,0.0,0.05662405979280534,-0.013033265930803617,0.0024237478119218205,23,39,2
larger_population,both,0.75,0.5,0.7,selected,100,64,64,0.0,0.0,0.05662405979280534,192.0,0.0,0.905,0.265625,0.17296379074222612,0.38482873728565137,0.25,0.16014926530970577,0.36816276458669694,0.484375,0.3663355166543264,0.6041839852141988,0.0,0.0,0.05662405979280534,0.0031548904995982625,0.003464743479617356,16,31,17,0.015625,0.002763541923337505,0.08334101600094265,0.65625,0.5340364020991819,0.7607685792155665,0.328125,0.22570557904469185,0.45000894150908505,0.0,0.0,0.05662405979280534,-0.02706410157794107,0.0028365887786065374,42,21,1
larger_population,both,0.75,0.5,0.7,selected,200,64,64,0.0,0.0,0.05662405979280534,192.0,0.0,0.7643749999999999,0.3125,0.21231066539482046,0.4339233570274815,0.328125,0.22570557904469185,0.45000894150908505,0.359375,0.25288402291451745,0.48179149390220904,0.0,0.0,0.05662405979280534,0.0011616912753739245,0.004777111667426947,21,23,20,0.0,0.0,0.05662405979280534,0.828125,0.7178678837734179,0.9012225769875536,0.171875,0.09877742301244645,0.282132116226582,0.0,0.0,0.05662405979280534,-0.04264122608732737,0.002878482833149856,53,11,0
larger_population,both,0.75,0.5,0.7,selected,400,64,64,0.0,0.0,0.05662405979280534,192.0,0.0,0.7213671875000001,0.34375,0.23923142078443355,0.46596359790081815,0.34375,0.23923142078443355,0.46596359790081815,0.3125,0.21231066539482046,0.4339233570274815,0.0,0.0,0.05662405979280534,0.0004543566126773129,0.0060309506440384695,22,20,22,0.015625,0.002763541923337505,0.08334101600094265,0.921875,0.8298046264583709,0.9661688230914496,0.0625,0.024571201396618017,0.14997485092208662,0.0,0.0,0.05662405979280534,-0.059245768682849115,0.00341014165992485,59,4,1
larger_population,community_only,0.0,0.0,0.3,neutral,10,64,23,0.640625,0.518208506097791,0.7471159770854825,60.578125,11.171991549508604,2.3515625,0.015625,0.002763541923337505,0.08334101600094265,0.0,0.0,0.05662405979280534,0.34375,0.23923142078443355,0.46596359790081815,0.640625,0.518208506097791,0.7471159770854825,0.0017517888900054877,0.0021556140922043823,0,22,1,0.0,0.0,0.05662405979280534,0.0,0.0,0.05662405979280534,0.359375,0.25288402291451745,0.48179149390220904,0.640625,0.518208506097791,0.7471159770854825,-0.0002863568873623572,0.0017492147462774162,0,23,0
larger_population,community_only,0.0,0.0,0.3,neutral,40,64,1,0.984375,0.9166589839990573,0.9972364580766624,0.015625,0.015625,1.1875,0.0,0.0,0.05662405979280534,0.0,0.0,0.05662405979280534,0.015625,0.002763541923337505,0.08334101600094265,0.984375,0.9166589839990573,0.9972364580766624,0.011008422685389985,,0,1,0,0.0,0.0,0.05662405979280534,0.015625,0.002763541923337505,0.08334101600094265,0.0,0.0,0.05662405979280534,0.984375,0.9166589839990573,0.9972364580766624,-0.054640145320785094,,1,0,0
larger_population,community_only,0.0,0.0,0.3,neutral,50,64,0,1.0,0.9433759402071946,1.0,0.0,0.0,1.0975,0.0,0.0,0.05662405979280534,0.0,0.0,0.05662405979280534,0.0,0.0,0.05662405979280534,1.0,0.9433759402071946,1.0,,,0,0,0,0.0,0.0,0.05662405979280534,0.0,0.0,0.05662405979280534,0.0,0.0,0.05662405979280534,1.0,0.9433759402071946,1.0,,,0,0,0
larger_population,community_only,0.0,0.0,0.3,neutral,100,64,0,1.0,0.9433759402071946,1.0,0.0,0.0,0.905,0.0,0.0,0.05662405979280534,0.0,0.0,0.05662405979280534,0.0,0.0,0.05662405979280534,1.0,0.9433759402071946,1.0,,,0,0,0,0.0,0.0,0.05662405979280534,0.0,0.0,0.05662405979280534,0.0,0.0,0.05662405979280534,1.0,0.9433759402071946,1.0,,,0,0,0
larger_population,community_only,0.0,0.0,0.3,neutral,200,64,0,1.0,0.9433759402071946,1.0,0.0,0.0,0.7643749999999999,0.0,0.0,0.05662405979280534,0.0,0.0,0.05662405979280534,0.0,0.0,0.05662405979280534,1.0,0.9433759402071946,1.0,,,0,0,0,0.0,0.0,0.05662405979280534,0.0,0.0,0.05662405979280534,0.0,0.0,0.05662405979280534,1.0,0.9433759402071946,1.0,,,0,0,0
larger_population,community_only,0.0,0.0,0.3,neutral,400,64,0,1.0,0.9433759402071946,1.0,0.0,0.0,0.7213671875000001,0.0,0.0,0.05662405979280534,0.0,0.0,0.05662405979280534,0.0,0.0,0.05662405979280534,1.0,0.9433759402071946,1.0,,,0,0,0,0.0,0.0,0.05662405979280534,0.0,0.0,0.05662405979280534,0.0,0.0,0.05662405979280534,1.0,0.9433759402071946,1.0,,,0,0,0
larger_population,community_only,0.0,0.0,0.3,selected,10,64,26,0.59375,0.4714520812860451,0.7054309075028039,68.171875,11.452293964414773,2.3515625,0.125,0.06472242663330453,0.22774561821129946,0.09375,0.04367825258519838,0.18982879599645597,0.1875,0.11064643172948806,0.29974360564101526,0.59375,0.4714520812860451,0.7054309075028039,0.006453790405289409,0.007676155382547671,6,12,8,0.125,0.06472242663330453,0.22774561821129946,0.015625,0.002763541923337505,0.08334101600094265,0.265625,0.17296379074222612,0.38482873728565137,0.59375,0.4714520812860451,0.7054309075028039,0.011893896043633185,0.0026649363680624496,1,17,8
larger_population,community_only,0.0,0.0,0.3,selected,40,64,1,0.984375,0.9166589839990573,0.9972364580766624,0.015625,0.015625,1.1875,0.015625,0.002763541923337505,0.08334101600094265,0.0,0.0,0.05662405979280534,0.0,0.0,0.05662405979280534,0.984375,0.9166589839990573,0.9972364580766624,0.06163381407860219,,0,0,1,0.015625,0.002763541923337505,0.08334101600094265,0.0,0.0,0.05662405979280534,0.0,0.0,0.05662405979280534,0.984375,0.9166589839990573,0.9972364580766624,0.03493686253802031,,0,0,1
larger_population,community_only,0.0,0.0,0.3,selected,50,64,0,1.0,0.9433759402071946,1.0,0.0,0.0,1.0975,0.0,0.0,0.05662405979280534,0.0,0.0,0.05662405979280534,0.0,0.0,0.05662405979280534,1.0,0.9433759402071946,1.0,,,0,0,0,0.0,0.0,0.05662405979280534,0.0,0.0,0.05662405979280534,0.0,0.0,0.05662405979280534,1.0,0.9433759402071946,1.0,,,0,0,0
larger_population,community_only,0.0,0.0,0.3,selected,100,64,0,1.0,0.9433759402071946,1.0,0.0,0.0,0.905,0.0,0.0,0.05662405979280534,0.0,0.0,0.05662405979280534,0.0,0.0,0.05662405979280534,1.0,0.9433759402071946,1.0,,,0,0,0,0.0,0.0,0.05662405979280534,0.0,0.0,0.05662405979280534,0.0,0.0,0.05662405979280534,1.0,0.9433759402071946,1.0,,,0,0,0
larger_population,community_only,0.0,0.0,0.3,selected,200,64,0,1.0,0.9433759402071946,1.0,0.0,0.0,0.7643749999999999,0.0,0.0,0.05662405979280534,0.0,0.0,0.05662405979280534,0.0,0.0,0.05662405979280534,1.0,0.9433759402071946,1.0,,,0,0,0,0.0,0.0,0.05662405979280534,0.0,0.0,0.05662405979280534,0.0,0.0,0.05662405979280534,1.0,0.9433759402071946,1.0,,,0,0,0
larger_population,community_only,0.0,0.0,0.3,selected,400,64,0,1.0,0.9433759402071946,1.0,0.0,0.0,0.7213671875000001,0.0,0.0,0.05662405979280534,0.0,0.0,0.05662405979280534,0.0,0.0,0.05662405979280534,1.0,0.9433759402071946,1.0,,,0,0,0,0.0,0.0,0.05662405979280534,0.0,0.0,0.05662405979280534,0.0,0.0,0.05662405979280534,1.0,0.9433759402071946,1.0,,,0,0,0
larger_population,community_only,0.0,0.0,0.7,neutral,10,64,28,0.5625,0.4408620895699301,0.6770599029559693,78.28125,11.853676945068798,2.3515625,0.0,0.0,0.05662405979280534,0.0,0.0,0.05662405979280534,0.4375,0.3229400970440308,0.5591379104300699,0.5625,0.4408620895699301,0.6770599029559693,-0.0002857289310749086,0.0015136536128465337,0,28,0,0.015625,0.002763541923337505,0.08334101600094265,0.015625,0.002763541923337505,0.08334101600094265,0.40625,0.2945690924971961,0.5285479187139549,0.5625,0.4408620895699301,0.6770599029559693,0.001231243024785968,0.0018445664030438697,1,26,1
larger_population,community_only,0.0,0.0,0.7,neutral,40,64,0,1.0,0.9433759402071946,1.0,0.0,0.0,1.1875,0.0,0.0,0.05662405979280534,0.0,0.0,0.05662405979280534,0.0,0.0,0.05662405979280534,1.0,0.9433759402071946,1.0,,,0,0,0,0.0,0.0,0.05662405979280534,0.0,0.0,0.05662405979280534,0.0,0.0,0.05662405979280534,1.0,0.9433759402071946,1.0,,,0,0,0
larger_population,community_only,0.0,0.0,0.7,neutral,50,64,0,1.0,0.9433759402071946,1.0,0.0,0.0,1.0975,0.0,0.0,0.05662405979280534,0.0,0.0,0.05662405979280534,0.0,0.0,0.05662405979280534,1.0,0.9433759402071946,1.0,,,0,0,0,0.0,0.0,0.05662405979280534,0.0,0.0,0.05662405979280534,0.0,0.0,0.05662405979280534,1.0,0.9433759402071946,1.0,,,0,0,0
larger_population,community_only,0.0,0.0,0.7,neutral,100,64,0,1.0,0.9433759402071946,1.0,0.0,0.0,0.905,0.0,0.0,0.05662405979280534,0.0,0.0,0.05662405979280534,0.0,0.0,0.05662405979280534,1.0,0.9433759402071946,1.0,,,0,0,0,0.0,0.0,0.05662405979280534,0.0,0.0,0.05662405979280534,0.0,0.0,0.05662405979280534,1.0,0.9433759402071946,1.0,,,0,0,0
larger_population,community_only,0.0,0.0,0.7,neutral,200,64,0,1.0,0.9433759402071946,1.0,0.0,0.0,0.7643749999999999,0.0,0.0,0.05662405979280534,0.0,0.0,0.05662405979280534,0.0,0.0,0.05662405979280534,1.0,0.9433759402071946,1.0,,,0,0,0,0.0,0.0,0.05662405979280534,0.0,0.0,0.05662405979280534,0.0,0.0,0.05662405979280534,1.0,0.9433759402071946,1.0,,,0,0,0
larger_population,community_only,0.0,0.0,0.7,neutral,400,64,0,1.0,0.9433759402071946,1.0,0.0,0.0,0.7213671875000001,0.0,0.0,0.05662405979280534,0.0,0.0,0.05662405979280534,0.0,0.0,0.05662405979280534,1.0,0.9433759402071946,1.0,,,0,0,0,0.0,0.0,0.05662405979280534,0.0,0.0,0.05662405979280534,0.0,0.0,0.05662405979280534,1.0,0.9433759402071946,1.0,,,0,0,0
larger_population,community_only,0.0,0.0,0.7,selected,10,64,27,0.578125,0.456100315400829,0.6913021752565451,81.0,11.946308455514018,2.3515625,0.15625,0.08714842338206585,0.2642806177254878,0.125,0.06472242663330453,0.22774561821129946,0.140625,0.0757857255603086,0.24616281741577023,0.578125,0.456100315400829,0.6913021752565451,0.007042889350525883,0.008027445470534765,8,9,10,0.078125,0.03383117690855046,0.17019537354162906,0.0,0.0,0.05662405979280534,0.34375,0.23923142078443355,0.46596359790081815,0.578125,0.456100315400829,0.6913021752565451,0.011683111211808823,0.0019713098494517074,0,22,5
larger_population,community_only,0.0,0.0,0.7,selected,40,64,0,1.0,0.9433759402071946,1.0,0.0,0.0,1.1875,0.0,0.0,0.05662405979280534,0.0,0.0,0.05662405979280534,0.0,0.0,0.05662405979280534,1.0,0.9433759402071946,1.0,,,0,0,0,0.0,0.0,0.05662405979280534,0.0,0.0,0.05662405979280534,0.0,0.0,0.05662405979280534,1.0,0.9433759402071946,1.0,,,0,0,0
larger_population,community_only,0.0,0.0,0.7,selected,50,64,0,1.0,0.9433759402071946,1.0,0.0,0.0,1.0975,0.0,0.0,0.05662405979280534,0.0,0.0,0.05662405979280534,0.0,0.0,0.05662405979280534,1.0,0.9433759402071946,1.0,,,0,0,0,0.0,0.0,0.05662405979280534,0.0,0.0,0.05662405979280534,0.0,0.0,0.05662405979280534,1.0,0.9433759402071946,1.0,,,0,0,0
larger_population,community_only,0.0,0.0,0.7,selected,100,64,0,1.0,0.9433759402071946,1.0,0.0,0.0,0.905,0.0,0.0,0.05662405979280534,0.0,0.0,0.05662405979280534,0.0,0.0,0.05662405979280534,1.0,0.9433759402071946,1.0,,,0,0,0,0.0,0.0,0.05662405979280534,0.0,0.0,0.05662405979280534,0.0,0.0,0.05662405979280534,1.0,0.9433759402071946,1.0,,,0,0,0
larger_population,community_only,0.0,0.0,0.7,selected,200,64,0,1.0,0.9433759402071946,1.0,0.0,0.0,0.7643749999999999,0.0,0.0,0.05662405979280534,0.0,0.0,0.05662405979280534,0.0,0.0,0.05662405979280534,1.0,0.9433759402071946,1.0,,,0,0,0,0.0,0.0,0.05662405979280534,0.0,0.0,0.05662405979280534,0.0,0.0,0.05662405979280534,1.0,0.9433759402071946,1.0,,,0,0,0
larger_population,community_only,0.0,0.0,0.7,selected,400,64,0,1.0,0.9433759402071946,1.0,0.0,0.0,0.7213671875000001,0.0,0.0,0.05662405979280534,0.0,0.0,0.05662405979280534,0.0,0.0,0.05662405979280534,1.0,0.9433759402071946,1.0,,,0,0,0,0.0,0.0,0.05662405979280534,0.0,0.0,0.05662405979280534,0.0,0.0,0.05662405979280534,1.0,0.9433759402071946,1.0,,,0,0,0
larger_population,community_only,0.0,0.5,0.3,neutral,10,64,64,0.0,0.0,0.05662405979280534,192.0,0.0,2.3515625,0.015625,0.002763541923337505,0.08334101600094265,0.015625,0.002763541923337505,0.08334101600094265,0.96875,0.8930270822904169,0.9913878616538281,0.0,0.0,0.05662405979280534,-0.0005144699572466214,0.0011239928076378707,1,62,1,0.015625,0.002763541923337505,0.08334101600094265,0.046875,0.016069016786292974,0.12899653740093686,0.9375,0.8500251490779133,0.9754287986033819,0.0,0.0,0.05662405979280534,0.0003427641113805087,0.0013160121664406617,3,60,1
larger_population,community_only,0.0,0.5,0.3,neutral,40,64,64,0.0,0.0,0.05662405979280534,192.0,0.0,1.1875,0.109375,0.05400113344416797,0.20898641326896122,0.171875,0.09877742301244645,0.282132116226582,0.71875,0.5986606971779259,0.8140662766627217,0.0,0.0,0.05662405979280534,-0.0032196910032911636,0.0022993053785477133,11,46,7,0.265625,0.17296379074222612,0.38482873728565137,0.25,0.16014926530970577,0.36816276458669694,0.484375,0.3663355166543264,0.6041839852141988,0.0,0.0,0.05662405979280534,-9.238904061916776e-05,0.0032768421812431445,16,31,17
larger_population,community_only,0.0,0.5,0.3,neutral,50,64,64,0.0,0.0,0.05662405979280534,192.0,0.0,1.0975,0.140625,0.0757857255603086,0.24616281741577023,0.234375,0.1474989559392414,0.35133257582568644,0.625,0.502503786840045,0.7333401982117536,0.0,0.0,0.05662405979280534,-0.004583800294494588,0.003001913642533247,15,40,9,0.3125,0.21231066539482046,0.4339233570274815,0.28125,0.18593372333727837,0.40133930282207403,0.40625,0.2945690924971961,0.5285479187139549,0.0,0.0,0.05662405979280534,-0.0014811866935112846,0.0037024339931956123,18,26,20
larger_population,community_only,0.0,0.5,0.3,neutral,100,64,64,0.0,0.0,0.05662405979280534,192.0,0.0,0.905,0.1875,0.11064643172948806,0.29974360564101526,0.28125,0.18593372333727837,0.40133930282207403,0.53125,0.41072087051471007,0.6482401257482395,0.0,0.0,0.05662405979280534,-0.003416500052753992,0.0038558949329202336,18,34,12,0.328125,0.22570557904469185,0.45000894150908505,0.296875,0.19905151325539794,0.41770201103542925,0.375,0.2666598017882464,0.497496213159955,0.0,0.0,0.05662405979280534,-0.0014413138817955433,0.004769974746086146,19,24,21
larger_population,community_only,0.0,0.5,0.3,neutral,200,64,64,0.0,0.0,0.05662405979280534,192.0,0.0,0.7643749999999999,0.34375,0.23923142078443355,0.46596359790081815,0.328125,0.22570557904469185,0.45000894150908505,0.328125,0.22570557904469185,0.45000894150908505,0.0,0.0,0.05662405979280534,-0.0003678342607936697,0.0055472405666460245,21,21,22,0.375,0.2666598017882464,0.497496213159955,0.390625,0.2805556918824008,0.5130808211972754,0.234375,0.1474989559392414,0.35133257582568644,0.0,0.0,0.05662405979280534,-0.0009543087286093422,0.0062024692202824585,25,15,24
larger_population,community_only,0.0,0.5,0.3,neutral,400,64,64,0.0,0.0,0.05662405979280534,192.0,0.0,0.7213671875000001,0.421875,0.30869782474345486,0.5438996845991709,0.3125,0.21231066539482046,0.4339233570274815,0.265625,0.17296379074222612,0.38482873728565137,0.0,0.0,0.05662405979280534,0.0009530622402879139,0.007321823745776161,20,17,27,0.5,0.3810209474394701,0.6189790525605299,0.34375,0.23923142078443355,0.46596359790081815,0.15625,0.08714842338206585,0.2642806177254878,0.0,0.0,0.05662405979280534,0.008958975806200682,0.007234020189160802,22,10,32
larger_population,community_only,0.0,0.5,0.3,selected,10,64,64,0.0,0.0,0.05662405979280534,192.0,0.0,2.3515625,0.234375,0.1474989559392414,0.35133257582568644,0.15625,0.08714842338206585,0.2642806177254878,0.609375,0.4869191788027247,0.7194443081175993,0.0,0.0,0.05662405979280534,0.0058354232263079465,0.0030768657630474584,10,39,15,0.0,0.0,0.05662405979280534,0.03125,0.008612138346171874,0.10697291770958313,0.96875,0.8930270822904169,0.9913878616538281,0.0,0.0,0.05662405979280534,0.0021700787401617763,0.0012229130630120391,2,62,0
larger_population,community_only,0.0,0.5,0.3,selected,40,64,64,0.0,0.0,0.05662405979280534,192.0,0.0,1.1875,0.46875,0.35175987425176036,0.5892791294852899,0.25,0.16014926530970577,0.36816276458669694,0.28125,0.18593372333727837,0.40133930282207403,0.0,0.0,0.05662405979280534,0.011953984866072891,0.005437254814568275,16,18,30,0.109375,0.05400113344416797,0.20898641326896122,0.5,0.3810209474394701,0.6189790525605299,0.390625,0.2805556918824008,0.5130808211972754,0.0,0.0,0.05662405979280534,-0.018895167180176826,0.003365133320178478,32,25,7
larger_population,community_only,0.0,0.5,0.3,selected,50,64,64,0.0,0.0,0.05662405979280534,192.0,0.0,1.0975,0.484375,0.3663355166543264,0.6041839852141988,0.234375,0.1474989559392414,0.35133257582568644,0.28125,0.18593372333727837,0.40133930282207403,0.0,0.0,0.05662405979280534,0.01246371781082033,0.005808879246783769,15,18,31,0.078125,0.03383117690855046,0.17019537354162906,0.578125,0.456100315400829,0.6913021752565451,0.34375,0.23923142078443355,0.46596359790081815,0.0,0.0,0.05662405979280534,-0.023441763462654135,0.0034466514119773344,37,22,5
larger_population,community_only,0.0,0.5,0.3,selected,100,64,64,0.0,0.0,0.05662405979280534,192.0,0.0,0.905,0.515625,0.39581601478580125,0.6336644833456737,0.328125,0.22570557904469185,0.45000894150908505,0.15625,0.08714842338206585,0.2642806177254878,0.0,0.0,0.05662405979280534,0.012519342321319503,0.0068776028295883885,21,10,33,0.015625,0.002763541923337505,0.08334101600094265,0.78125,0.6656721604337418,0.8649768059328052,0.203125,0.12273417819183653,0.3171363573101416,0.0,0.0,0.05662405979280534,-0.041040618620466034,0.003473584498573483,50,13,1
larger_population,community_only,0.0,0.5,0.3,selected,200,64,64,0.0,0.0,0.05662405979280534,192.0,0.0,0.7643749999999999,0.453125,0.3372944778061167,0.5742640277994588,0.265625,0.17296379074222612,0.38482873728565137,0.28125,0.18593372333727837,0.40133930282207403,0.0,0.0,0.05662405979280534,0.01532734873313552,0.007101245479923075,17,18,29,0.015625,0.002763541923337505,0.08334101600094265,0.84375,0.7357193822745122,0.912851576617934,0.140625,0.0757857255603086,0.24616281741577023,0.0,0.0,0.05662405979280534,-0.0562958106142933,0.0040129902106953216,54,9,1
larger_population,community_only,0.0,0.5,0.3,selected,400,64,64,0.0,0.0,0.05662405979280534,192.0,0.0,0.7213671875000001,0.453125,0.3372944778061167,0.5742640277994588,0.265625,0.17296379074222612,0.38482873728565137,0.28125,0.18593372333727837,0.40133930282207403,0.0,0.0,0.05662405979280534,0.015461707086350009,0.007342097572566965,17,18,29,0.015625,0.002763541923337505,0.08334101600094265,0.921875,0.8298046264583709,0.9661688230914496,0.0625,0.024571201396618017,0.14997485092208662,0.0,0.0,0.05662405979280534,-0.06367035226280515,0.003727244215061886,59,4,1
larger_population,community_only,0.0,0.5,0.7,neutral,10,64,64,0.0,0.0,0.05662405979280534,192.0,0.0,2.3515625,0.015625,0.002763541923337505,0.08334101600094265,0.0,0.0,0.05662405979280534,0.984375,0.9166589839990573,0.9972364580766624,0.0,0.0,0.05662405979280534,0.00011015964286195494,0.001197745588644704,0,63,1,0.03125,0.008612138346171874,0.10697291770958313,0.046875,0.016069016786292974,0.12899653740093686,0.921875,0.8298046264583709,0.9661688230914496,0.0,0.0,0.05662405979280534,-0.0010862739497493733,0.0013039141110119514,3,59,2
larger_population,community_only,0.0,0.5,0.7,neutral,40,64,64,0.0,0.0,0.05662405979280534,192.0,0.0,1.1875,0.171875,0.09877742301244645,0.282132116226582,0.203125,0.12273417819183653,0.3171363573101416,0.625,0.502503786840045,0.7333401982117536,0.0,0.0,0.05662405979280534,-0.0005935044161123528,0.0027708369434488616,13,40,11,0.15625,0.08714842338206585,0.2642806177254878,0.28125,0.18593372333727837,0.40133930282207403,0.5625,0.4408620895699301,0.6770599029559693,0.0,0.0,0.05662405979280534,-0.0015917285463870742,0.0028868390302369137,18,36,10
larger_population,community_only,0.0,0.5,0.7,neutral,50,64,64,0.0,0.0,0.05662405979280534,192.0,0.0,1.0975,0.296875,0.19905151325539794,0.41770201103542925,0.25,0.16014926530970577,0.36816276458669694,0.453125,0.3372944778061167,0.5742640277994588,0.0,0.0,0.05662405979280534,0.000776550171621886,0.003314304190647453,16,29,19,0.1875,0.11064643172948806,0.29974360564101526,0.3125,0.21231066539482046,0.4339233570274815,0.5,0.3810209474394701,0.6189790525605299,0.0,0.0,0.05662405979280534,-0.0021601406137745213,0.003086712310757358,20,32,12
larger_population,community_only,0.0,0.5,0.7,neutral,100,64,64,0.0,0.0,0.05662405979280534,192.0,0.0,0.905,0.21875,0.13502319406719474,0.3343278395662582,0.359375,0.25288402291451745,0.48179149390220904,0.421875,0.30869782474345486,0.5438996845991709,0.0,0.0,0.05662405979280534,-0.004890992828548721,0.0042691351408387715,23,27,14,0.25,0.16014926530970577,0.36816276458669694,0.328125,0.22570557904469185,0.45000894150908505,0.421875,0.30869782474345486,0.5438996845991709,0.0,0.0,0.05662405979280534,-0.0017626314653004212,0.004261935456212452,21,27,16
larger_population,community_only,0.0,0.5,0.7,neutral,200,64,64,0.0,0.0,0.05662405979280534,192.0,0.0,0.7643749999999999,0.28125,0.18593372333727837,0.40133930282207403,0.328125,0.22570557904469185,0.45000894150908505,0.390625,0.2805556918824008,0.5130808211972754,0.0,0.0,0.05662405979280534,-0.004344611459697894,0.00548984625045021,21,25,18,0.40625,0.2945690924971961,0.5285479187139549,0.375,0.2666598017882464,0.497496213159955,0.21875,0.13502319406719474,0.3343278395662582,0.0,0.0,0.05662405979280534,0.003932796637470329,0.005905585281282979,24,14,26
larger_population,community_only,0.0,0.5,0.7,neutral,400,64,64,0.0,0.0,0.05662405979280534,192.0,0.0,0.7213671875000001,0.328125,0.22570557904469185,0.45000894150908505,0.46875,0.35175987425176036,0.5892791294852899,0.203125,0.12273417819183653,0.3171363573101416,0.0,0.0,0.05662405979280534,-0.006810360708895969,0.006640099065437018,30,13,21,0.4375,0.3229400970440308,0.5591379104300699,0.390625,0.2805556918824008,0.5130808211972754,0.171875,0.09877742301244645,0.282132116226582,0.0,0.0,0.05662405979280534,0.005856326473564859,0.006871864144172479,25,11,28
larger_population,community_only,0.0,0.5,0.7,selected,10,64,64,0.0,0.0,0.05662405979280534,192.0,0.0,2.3515625,0.203125,0.12273417819183653,0.3171363573101416,0.265625,0.17296379074222612,0.38482873728565137,0.53125,0.41072087051471007,0.6482401257482395,0.0,0.0,0.05662405979280534,-0.00011854528138911281,0.0033077765793642334,17,34,13,0.03125,0.008612138346171874,0.10697291770958313,0.046875,0.016069016786292974,0.12899653740093686,0.921875,0.8298046264583709,0.9661688230914496,0.0,0.0,0.05662405979280534,0.0003652592489645102,0.0014682597262012005,3,59,2
larger_population,community_only,0.0,0.5,0.7,selected,40,64,64,0.0,0.0,0.05662405979280534,192.0,0.0,1.1875,0.421875,0.30869782474345486,0.5438996845991709,0.375,0.2666598017882464,0.497496213159955,0.203125,0.12273417819183653,0.3171363573101416,0.0,0.0,0.05662405979280534,0.0029950834071298584,0.006022153226448677,24,13,27,0.140625,0.0757857255603086,0.24616281741577023,0.375,0.2666598017882464,0.497496213159955,0.484375,0.3663355166543264,0.6041839852141988,0.0,0.0,0.05662405979280534,-0.01266684577038316,0.0034574714294800277,24,31,9
larger_population,community_only,0.0,0.5,0.7,selected,50,64,64,0.0,0.0,0.05662405979280534,192.0,0.0,1.0975,0.359375,0.25288402291451745,0.48179149390220904,0.421875,0.30869782474345486,0.5438996845991709,0.21875,0.13502319406719474,0.3343278395662582,0.0,0.0,0.05662405979280534,0.0017496064991981454,0.006320186518844267,27,14,23,0.125,0.06472242663330453,0.22774561821129946,0.515625,0.39581601478580125,0.6336644833456737,0.359375,0.25288402291451745,0.48179149390220904,0.0,0.0,0.05662405979280534,-0.017249495636912877,0.003971981811568503,33,23,8
larger_population,community_only,0.0,0.5,0.7,selected,100,64,64,0.0,0.0,0.05662405979280534,192.0,0.0,0.905,0.46875,0.35175987425176036,0.5892791294852899,0.390625,0.2805556918824008,0.5130808211972754,0.140625,0.0757857255603086,0.24616281741577023,0.0,0.0,0.05662405979280534,0.004171319602751225,0.006872361358299105,25,9,30,0.078125,0.03383117690855046,0.17019537354162906,0.640625,0.518208506097791,0.7471159770854825,0.28125,0.18593372333727837,0.40133930282207403,0.0,0.0,0.05662405979280534,-0.034537993932738084,0.004221431567950286,41,18,5
larger_population,community_only,0.0,0.5,0.7,selected,200,64,64,0.0,0.0,0.05662405979280534,192.0,0.0,0.7643749999999999,0.421875,0.30869782474345486,0.5438996845991709,0.4375,0.3229400970440308,0.5591379104300699,0.140625,0.0757857255603086,0.24616281741577023,0.0,0.0,0.05662405979280534,-0.000755918817787686,0.0076008936197281465,28,9,27,0.015625,0.002763541923337505,0.08334101600094265,0.796875,0.6828636426898583,0.8772658218081634,0.1875,0.11064643172948806,0.29974360564101526,0.0,0.0,0.05662405979280534,-0.05098229778697193,0.004193407650567399,51,12,1
larger_population,community_only,0.0,0.5,0.7,selected,400,64,64,0.0,0.0,0.05662405979280534,192.0,0.0,0.7213671875000001,0.359375,0.25288402291451745,0.48179149390220904,0.4375,0.3229400970440308,0.5591379104300699,0.203125,0.12273417819183653,0.3171363573101416,0.0,0.0,0.05662405979280534,-0.0023941555200236615,0.007825209591753526,28,13,23,0.015625,0.002763541923337505,0.08334101600094265,0.859375,0.7538371825842297,0.9242142744396914,0.125,0.06472242663330453,0.22774561821129946,0.0,0.0,0.05662405979280534,-0.05819932948490798,0.004063862453096775,55,8,1
larger_population,community_only,0.75,0.0,0.3,neutral,10,64,64,0.0,0.0,0.05662405979280534,81.640625,8.495224124783734,2.3515625,0.0,0.0,0.05662405979280534,0.0,0.0,0.05662405979280534,1.0,0.9433759402071946,1.0,0.0,0.0,0.05662405979280534,0.00039490604542197303,0.0008661867397869417,0,64,0,0.015625,0.002763541923337505,0.08334101600094265,0.0,0.0,0.05662405979280534,0.984375,0.9166589839990573,0.9972364580766624,0.0,0.0,0.05662405979280534,0.0008119406778474983,0.0008602895940210757,0,63,1
larger_population,community_only,0.75,0.0,0.3,neutral,40,64,4,0.9375,0.8500251490779133,0.9754287986033819,4.765625,3.1284300372180067,1.1875,0.0,0.0,0.05662405979280534,0.015625,0.002763541923337505,0.08334101600094265,0.046875,0.016069016786292974,0.12899653740093686,0.9375,0.8500251490779133,0.9754287986033819,-0.009227870321349571,0.006294773538064258,1,3,0,0.0,0.0,0.05662405979280534,0.015625,0.002763541923337505,0.08334101600094265,0.046875,0.016069016786292974,0.12899653740093686,0.9375,0.8500251490779133,0.9754287986033819,-0.009091042181470235,0.0063772466671686194,1,3,0
larger_population,community_only,0.75,0.0,0.3,neutral,50,64,2,0.96875,0.8930270822904169,0.9913878616538281,0.359375,0.2542956225358058,1.0975,0.0,0.0,0.05662405979280534,0.0,0.0,0.05662405979280534,0.03125,0.008612138346171874,0.10697291770958313,0.96875,0.8930270822904169,0.9913878616538281,1.6377298028780185e-05,0.00969378956380612,0,2,0,0.0,0.0,0.05662405979280534,0.0,0.0,0.05662405979280534,0.03125,0.008612138346171874,0.10697291770958313,0.96875,0.8930270822904169,0.9913878616538281,-0.0032024896847655526,0.007180100666551058,0,2,0
larger_population,community_only,0.75,0.0,0.3,neutral,100,64,0,1.0,0.9433759402071946,1.0,0.0,0.0,0.905,0.0,0.0,0.05662405979280534,0.0,0.0,0.05662405979280534,0.0,0.0,0.05662405979280534,1.0,0.9433759402071946,1.0,,,0,0,0,0.0,0.0,0.05662405979280534,0.0,0.0,0.05662405979280534,0.0,0.0,0.05662405979280534,1.0,0.9433759402071946,1.0,,,0,0,0
larger_population,community_only,0.75,0.0,0.3,neutral,200,64,0,1.0,0.9433759402071946,1.0,0.0,0.0,0.7643749999999999,0.0,0.0,0.05662405979280534,0.0,0.0,0.05662405979280534,0.0,0.0,0.05662405979280534,1.0,0.9433759402071946,1.0,,,0,0,0,0.0,0.0,0.05662405979280534,0.0,0.0,0.05662405979280534,0.0,0.0,0.05662405979280534,1.0,0.9433759402071946,1.0,,,0,0,0
larger_population,community_only,0.75,0.0,0.3,neutral,400,64,0,1.0,0.9433759402071946,1.0,0.0,0.0,0.7213671875000001,0.0,0.0,0.05662405979280534,0.0,0.0,0.05662405979280534,0.0,0.0,0.05662405979280534,1.0,0.9433759402071946,1.0,,,0,0,0,0.0,0.0,0.05662405979280534,0.0,0.0,0.05662405979280534,0.0,0.0,0.05662405979280534,1.0,0.9433759402071946,1.0,,,0,0,0
larger_population,community_only,0.75,0.0,0.3,selected,10,64,64,0.0,0.0,0.05662405979280534,82.34375,8.583801962183893,2.3515625,0.015625,0.002763541923337505,0.08334101600094265,0.0,0.0,0.05662405979280534,0.984375,0.9166589839990573,0.9972364580766624,0.0,0.0,0.05662405979280534,0.0026768208176145324,0.0011466233772821387,0,63,1,0.015625,0.002763541923337505,0.08334101600094265,0.0,0.0,0.05662405979280534,0.984375,0.9166589839990573,0.9972364580766624,0.0,0.0,0.05662405979280534,0.003541546026669452,0.0011251091980992057,0,63,1
larger_population,community_only,0.75,0.0,0.3,selected,40,64,4,0.9375,0.8500251490779133,0.9754287986033819,4.671875,3.044971678614024,1.1875,0.03125,0.008612138346171874,0.10697291770958313,0.0,0.0,0.05662405979280534,0.03125,0.008612138346171874,0.10697291770958313,0.9375,0.8500251490779133,0.9754287986033819,0.018165434747284673,0.014859532930808115,0,2,2,0.015625,0.002763541923337505,0.08334101600094265,0.0,0.0,0.05662405979280534,0.046875,0.016069016786292974,0.12899653740093686,0.9375,0.8500251490779133,0.9754287986033819,0.020904759406155785,0.008765941152277032,0,3,1
larger_population,community_only,0.75,0.0,0.3,selected,50,64,3,0.953125,0.8710034625990631,0.983930983213707,0.421875,0.25276711423303944,1.0975,0.015625,0.002763541923337505,0.08334101600094265,0.0,0.0,0.05662405979280534,0.03125,0.008612138346171874,0.10697291770958313,0.953125,0.8710034625990631,0.983930983213707,0.027208243038844466,0.014658953964228782,0,2,1,0.015625,0.002763541923337505,0.08334101600094265,0.0,0.0,0.05662405979280534,0.03125,0.008612138346171874,0.10697291770958313,0.953125,0.8710034625990631,0.983930983213707,0.012224074158410462,0.009450993131426205,0,2,1
larger_population,community_only,0.75,0.0,0.3,selected,100,64,0,1.0,0.9433759402071946,1.0,0.0,0.0,0.905,0.0,0.0,0.05662405979280534,0.0,0.0,0.05662405979280534,0.0,0.0,0.05662405979280534,1.0,0.9433759402071946,1.0,,,0,0,0,0.0,0.0,0.05662405979280534,0.0,0.0,0.05662405979280534,0.0,0.0,0.05662405979280534,1.0,0.9433759402071946,1.0,,,0,0,0
larger_population,community_only,0.75,0.0,0.3,selected,200,64,0,1.0,0.9433759402071946,1.0,0.0,0.0,0.7643749999999999,0.0,0.0,0.05662405979280534,0.0,0.0,0.05662405979280534,0.0,0.0,0.05662405979280534,1.0,0.9433759402071946,1.0,,,0,0,0,0.0,0.0,0.05662405979280534,0.0,0.0,0.05662405979280534,0.0,0.0,0.05662405979280534,1.0,0.9433759402071946,1.0,,,0,0,0
larger_population,community_only,0.75,0.0,0.3,selected,400,64,0,1.0,0.9433759402071946,1.0,0.0,0.0,0.7213671875000001,0.0,0.0,0.05662405979280534,0.0,0.0,0.05662405979280534,0.0,0.0,0.05662405979280534,1.0,0.9433759402071946,1.0,,,0,0,0,0.0,0.0,0.05662405979280534,0.0,0.0,0.05662405979280534,0.0,0.0,0.05662405979280534,1.0,0.9433759402071946,1.0,,,0,0,0
larger_population,community_only,0.75,0.0,0.7,neutral,10,64,64,0.0,0.0,0.05662405979280534,74.09375,8.50538807839403,2.3515625,0.015625,0.002763541923337505,0.08334101600094265,0.015625,0.002763541923337505,0.08334101600094265,0.96875,0.8930270822904169,0.9913878616538281,0.0,0.0,0.05662405979280534,-0.00018942035441073084,0.0012599695758857825,1,62,1,0.0,0.0,0.05662405979280534,0.015625,0.002763541923337505,0.08334101600094265,0.984375,0.9166589839990573,0.9972364580766624,0.0,0.0,0.05662405979280534,-0.0017693825789268916,0.0010595443792795402,1,63,0
larger_population,community_only,0.75,0.0,0.7,neutral,40,64,11,0.828125,0.7178678837734179,0.9012225769875536,1.78125,0.9216500768118568,1.1875,0.0625,0.024571201396618017,0.14997485092208662,0.0625,0.024571201396618017,0.14997485092208662,0.046875,0.016069016786292974,0.12899653740093686,0.828125,0.7178678837734179,0.9012225769875536,0.008758655837292012,0.012025865444831137,4,3,4,0.0,0.0,0.05662405979280534,0.046875,0.016069016786292974,0.12899653740093686,0.125,0.06472242663330453,0.22774561821129946,0.828125,0.7178678837734179,0.9012225769875536,-0.007605238301760873,0.005144872600881281,3,8,0
larger_population,community_only,0.75,0.0,0.7,neutral,50,64,2,0.96875,0.8930270822904169,0.9913878616538281,0.078125,0.06418246365537097,1.0975,0.0,0.0,0.05662405979280534,0.015625,0.002763541923337505,0.08334101600094265,0.015625,0.002763541923337505,0.08334101600094265,0.96875,0.8930270822904169,0.9913878616538281,-0.00792659648162003,0.02059688511283858,1,1,0,0.0,0.0,0.05662405979280534,0.0,0.0,0.05662405979280534,0.03125,0.008612138346171874,0.10697291770958313,0.96875,0.8930270822904169,0.9913878616538281,0.008395116167270594,0.008745370256162982,0,2,0
larger_population,community_only,0.75,0.0,0.7,neutral,100,64,0,1.0,0.9433759402071946,1.0,0.0,0.0,0.905,0.0,0.0,0.05662405979280534,0.0,0.0,0.05662405979280534,0.0,0.0,0.05662405979280534,1.0,0.9433759402071946,1.0,,,0,0,0,0.0,0.0,0.05662405979280534,0.0,0.0,0.05662405979280534,0.0,0.0,0.05662405979280534,1.0,0.9433759402071946,1.0,,,0,0,0
larger_population,community_only,0.75,0.0,0.7,neutral,200,64,0,1.0,0.9433759402071946,1.0,0.0,0.0,0.7643749999999999,0.0,0.0,0.05662405979280534,0.0,0.0,0.05662405979280534,0.0,0.0,0.05662405979280534,1.0,0.9433759402071946,1.0,,,0,0,0,0.0,0.0,0.05662405979280534,0.0,0.0,0.05662405979280534,0.0,0.0,0.05662405979280534,1.0,0.9433759402071946,1.0,,,0,0,0
larger_population,community_only,0.75,0.0,0.7,neutral,400,64,0,1.0,0.9433759402071946,1.0,0.0,0.0,0.7213671875000001,0.0,0.0,0.05662405979280534,0.0,0.0,0.05662405979280534,0.0,0.0,0.05662405979280534,1.0,0.9433759402071946,1.0,,,0,0,0,0.0,0.0,0.05662405979280534,0.0,0.0,0.05662405979280534,0.0,0.0,0.05662405979280534,1.0,0.9433759402071946,1.0,,,0,0,0
larger_population,community_only,0.75,0.0,0.7,selected,10,64,64,0.0,0.0,0.05662405979280534,76.59375,8.593923158428646,2.3515625,0.046875,0.016069016786292974,0.12899653740093686,0.0,0.0,0.05662405979280534,0.953125,0.8710034625990631,0.983930983213707,0.0,0.0,0.05662405979280534,0.0006233049143510288,0.0013495277314522231,0,61,3,0.03125,0.008612138346171874,0.10697291770958313,0.015625,0.002763541923337505,0.08334101600094265,0.953125,0.8710034625990631,0.983930983213707,0.0,0.0,0.05662405979280534,0.0017922208902797524,0.0011007680833675228,1,61,2
larger_population,community_only,0.75,0.0,0.7,selected,40,64,10,0.84375,0.7357193822745122,0.912851576617934,3.390625,1.964165225606579,1.1875,0.046875,0.016069016786292974,0.12899653740093686,0.046875,0.016069016786292974,0.12899653740093686,0.0625,0.024571201396618017,0.14997485092208662,0.84375,0.7357193822745122,0.912851576617934,0.0030653144580600087,0.010058427064408121,3,4,3,0.046875,0.016069016786292974,0.12899653740093686,0.03125,0.008612138346171874,0.10697291770958313,0.078125,0.03383117690855046,0.17019537354162906,0.84375,0.7357193822745122,0.912851576617934,0.0031887422698862688,0.00886166215174768,2,5,3
larger_population,community_only,0.75,0.0,0.7,selected,50,64,5,0.921875,0.8298046264583709,0.9661688230914496,0.4375,0.2699160289764443,1.0975,0.0,0.0,0.05662405979280534,0.046875,0.016069016786292974,0.12899653740093686,0.03125,0.008612138346171874,0.10697291770958313,0.921875,0.8298046264583709,0.9661688230914496,-0.023118809499435854,0.007307010540676826,3,2,0,0.03125,0.008612138346171874,0.10697291770958313,0.015625,0.002763541923337505,0.08334101600094265,0.03125,0.008612138346171874,0.10697291770958313,0.921875,0.8298046264583709,0.9661688230914496,0.014595157888730026,0.01857131613682297,1,2,2
larger_population,community_only,0.75,0.0,0.7,selected,100,64,0,1.0,0.9433759402071946,1.0,0.0,0.0,0.905,0.0,0.0,0.05662405979280534,0.0,0.0,0.05662405979280534,0.0,0.0,0.05662405979280534,1.0,0.9433759402071946,1.0,,,0,0,0,0.0,0.0,0.05662405979280534,0.0,0.0,0.05662405979280534,0.0,0.0,0.05662405979280534,1.0,0.9433759402071946,1.0,,,0,0,0
larger_population,community_only,0.75,0.0,0.7,selected,200,64,0,1.0,0.9433759402071946,1.0,0.0,0.0,0.7643749999999999,0.0,0.0,0.05662405979280534,0.0,0.0,0.05662405979280534,0.0,0.0,0.05662405979280534,1.0,0.9433759402071946,1.0,,,0,0,0,0.0,0.0,0.05662405979280534,0.0,0.0,0.05662405979280534,0.0,0.0,0.05662405979280534,1.0,0.9433759402071946,1.0,,,0,0,0
larger_population,community_only,0.75,0.0,0.7,selected,400,64,0,1.0,0.9433759402071946,1.0,0.0,0.0,0.7213671875000001,0.0,0.0,0.05662405979280534,0.0,0.0,0.05662405979280534,0.0,0.0,0.05662405979280534,1.0,0.9433759402071946,1.0,,,0,0,0,0.0,0.0,0.05662405979280534,0.0,0.0,0.05662405979280534,0.0,0.0,0.05662405979280534,1.0,0.9433759402071946,1.0,,,0,0,0
larger_population,community_only,0.75,0.5,0.3,neutral,10,64,64,0.0,0.0,0.05662405979280534,192.0,0.0,2.3515625,0.0,0.0,0.05662405979280534,0.015625,0.002763541923337505,0.08334101600094265,0.984375,0.9166589839990573,0.9972364580766624,0.0,0.0,0.05662405979280534,-0.00014606768622562032,0.000992503334163616,1,63,0,0.0,0.0,0.05662405979280534,0.0,0.0,0.05662405979280534,1.0,0.9433759402071946,1.0,0.0,0.0,0.05662405979280534,-0.0007492775040893289,0.0008789641828523759,0,64,0
larger_population,community_only,0.75,0.5,0.3,neutral,40,64,64,0.0,0.0,0.05662405979280534,192.0,0.0,1.1875,0.109375,0.05400113344416797,0.20898641326896122,0.078125,0.03383117690855046,0.17019537354162906,0.8125,0.7002563943589847,0.8893535682705119,0.0,0.0,0.05662405979280534,-0.0006112734736158929,0.0018952337257231568,5,52,7,0.015625,0.002763541923337505,0.08334101600094265,0.09375,0.04367825258519838,0.18982879599645597,0.890625,0.7910135867310387,0.945998866555832,0.0,0.0,0.05662405979280534,-0.0035325799565961036,0.0017838634929549443,6,57,1
larger_population,community_only,0.75,0.5,0.3,neutral,50,64,64,0.0,0.0,0.05662405979280534,192.0,0.0,1.0975,0.109375,0.05400113344416797,0.20898641326896122,0.109375,0.05400113344416797,0.20898641326896122,0.78125,0.6656721604337418,0.8649768059328052,0.0,0.0,0.05662405979280534,-4.5689927258760026e-05,0.0022210873449271256,7,50,7,0.03125,0.008612138346171874,0.10697291770958313,0.125,0.06472242663330453,0.22774561821129946,0.84375,0.7357193822745122,0.912851576617934,0.0,0.0,0.05662405979280534,-0.004003352766540818,0.001887043222364737,8,54,2
larger_population,community_only,0.75,0.5,0.3,neutral,100,64,64,0.0,0.0,0.05662405979280534,192.0,0.0,0.905,0.21875,0.13502319406719474,0.3343278395662582,0.21875,0.13502319406719474,0.3343278395662582,0.5625,0.4408620895699301,0.6770599029559693,0.0,0.0,0.05662405979280534,0.0007487410835789604,0.0031248540725921227,14,36,14,0.140625,0.0757857255603086,0.24616281741577023,0.265625,0.17296379074222612,0.38482873728565137,0.59375,0.4714520812860451,0.7054309075028039,0.0,0.0,0.05662405979280534,-0.005355398113618438,0.002691994060926974,17,38,9
larger_population,community_only,0.75,0.5,0.3,neutral,200,64,64,0.0,0.0,0.05662405979280534,192.0,0.0,0.7643749999999999,0.25,0.16014926530970577,0.36816276458669694,0.296875,0.19905151325539794,0.41770201103542925,0.453125,0.3372944778061167,0.5742640277994588,0.0,0.0,0.05662405979280534,-0.0034084026524181985,0.003889996965535046,19,29,16,0.203125,0.12273417819183653,0.3171363573101416,0.296875,0.19905151325539794,0.41770201103542925,0.5,0.3810209474394701,0.6189790525605299,0.0,0.0,0.05662405979280534,-0.004435744228901725,0.003488092888978423,19,32,13
larger_population,community_only,0.75,0.5,0.3,neutral,400,64,64,0.0,0.0,0.05662405979280534,192.0,0.0,0.7213671875000001,0.3125,0.21231066539482046,0.4339233570274815,0.34375,0.23923142078443355,0.46596359790081815,0.34375,0.23923142078443355,0.46596359790081815,0.0,0.0,0.05662405979280534,-0.004066995596027777,0.005110726163111139,22,22,20,0.265625,0.17296379074222612,0.38482873728565137,0.296875,0.19905151325539794,0.41770201103542925,0.4375,0.3229400970440308,0.5591379104300699,0.0,0.0,0.05662405979280534,-0.002590582052335484,0.004679187169650039,19,28,17
larger_population,community_only,0.75,0.5,0.3,selected,10,64,64,0.0,0.0,0.05662405979280534,192.0,0.0,2.3515625,0.0,0.0,0.05662405979280534,0.015625,0.002763541923337505,0.08334101600094265,0.984375,0.9166589839990573,0.9972364580766624,0.0,0.0,0.05662405979280534,0.00016892838412250165,0.000924004851541324,1,63,0,0.0,0.0,0.05662405979280534,0.0,0.0,0.05662405979280534,1.0,0.9433759402071946,1.0,0.0,0.0,0.05662405979280534,-0.0020551441150335496,0.0008408933140136918,0,64,0
larger_population,community_only,0.75,0.5,0.3,selected,40,64,64,0.0,0.0,0.05662405979280534,192.0,0.0,1.1875,0.15625,0.08714842338206585,0.2642806177254878,0.125,0.06472242663330453,0.22774561821129946,0.71875,0.5986606971779259,0.8140662766627217,0.0,0.0,0.05662405979280534,0.004432318960195888,0.0022313561733789656,8,46,10,0.046875,0.016069016786292974,0.12899653740093686,0.34375,0.23923142078443355,0.46596359790081815,0.609375,0.4869191788027247,0.7194443081175993,0.0,0.0,0.05662405979280534,-0.010705362198950037,0.0021348328734209924,22,39,3
larger_population,community_only,0.75,0.5,0.3,selected,50,64,64,0.0,0.0,0.05662405979280534,192.0,0.0,1.0975,0.140625,0.0757857255603086,0.24616281741577023,0.125,0.06472242663330453,0.22774561821129946,0.734375,0.6151712627143486,0.8270362092577739,0.0,0.0,0.05662405979280534,0.00310411503926707,0.0024584190238411,8,47,9,0.03125,0.008612138346171874,0.10697291770958313,0.375,0.2666598017882464,0.497496213159955,0.59375,0.4714520812860451,0.7054309075028039,0.0,0.0,0.05662405979280534,-0.013050554651227033,0.0022789637464365473,24,38,2
larger_population,community_only,0.75,0.5,0.3,selected,100,64,64,0.0,0.0,0.05662405979280534,192.0,0.0,0.905,0.234375,0.1474989559392414,0.35133257582568644,0.21875,0.13502319406719474,0.3343278395662582,0.546875,0.4257359722005412,0.6627055221938833,0.0,0.0,0.05662405979280534,0.0008720824869092188,0.00316459915131702,14,35,15,0.046875,0.016069016786292974,0.12899653740093686,0.59375,0.4714520812860451,0.7054309075028039,0.359375,0.25288402291451745,0.48179149390220904,0.0,0.0,0.05662405979280534,-0.02193310410194212,0.0030356132105320813,38,23,3
larger_population,community_only,0.75,0.5,0.3,selected,200,64,64,0.0,0.0,0.05662405979280534,192.0,0.0,0.7643749999999999,0.296875,0.19905151325539794,0.41770201103542925,0.234375,0.1474989559392414,0.35133257582568644,0.46875,0.35175987425176036,0.5892791294852899,0.0,0.0,0.05662405979280534,0.0006574557493269858,0.004851008008120336,15,30,19,0.03125,0.008612138346171874,0.10697291770958313,0.734375,0.6151712627143486,0.8270362092577739,0.234375,0.1474989559392414,0.35133257582568644,0.0,0.0,0.05662405979280534,-0.03543774070444167,0.003230618200215876,47,15,2
larger_population,community_only,0.75,0.5,0.3,selected,400,64,64,0.0,0.0,0.05662405979280534,192.0,0.0,0.7213671875000001,0.4375,0.3229400970440308,0.5591379104300699,0.328125,0.22570557904469185,0.45000894150908505,0.234375,0.1474989559392414,0.35133257582568644,0.0,0.0,0.05662405979280534,0.0025129841790945497,0.006390289632062145,21,15,28,0.03125,0.008612138346171874,0.10697291770958313,0.890625,0.7910135867310387,0.945998866555832,0.078125,0.03383117690855046,0.17019537354162906,0.0,0.0,0.05662405979280534,-0.049369082216888266,0.0033192416177992416,57,5,2
larger_population,community_only,0.75,0.5,0.7,neutral,10,64,64,0.0,0.0,0.05662405979280534,192.0,0.0,2.3515625,0.0,0.0,0.05662405979280534,0.0,0.0,0.05662405979280534,1.0,0.9433759402071946,1.0,0.0,0.0,0.05662405979280534,7.974682157635242e-05,0.0009946152173603646,0,64,0,0.0,0.0,0.05662405979280534,0.0,0.0,0.05662405979280534,1.0,0.9433759402071946,1.0,0.0,0.0,0.05662405979280534,-0.00012967838885642301,0.0009650118208658676,0,64,0
larger_population,community_only,0.75,0.5,0.7,neutral,40,64,64,0.0,0.0,0.05662405979280534,192.0,0.0,1.1875,0.078125,0.03383117690855046,0.17019537354162906,0.09375,0.04367825258519838,0.18982879599645597,0.828125,0.7178678837734179,0.9012225769875536,0.0,0.0,0.05662405979280534,-0.0006913605544043838,0.001801841042584125,6,53,5,0.078125,0.03383117690855046,0.17019537354162906,0.15625,0.08714842338206585,0.2642806177254878,0.765625,0.6486674241743136,0.8525010440607586,0.0,0.0,0.05662405979280534,-0.0004859326376756073,0.002205689090151231,10,49,5
larger_population,community_only,0.75,0.5,0.7,neutral,50,64,64,0.0,0.0,0.05662405979280534,192.0,0.0,1.0975,0.078125,0.03383117690855046,0.17019537354162906,0.15625,0.08714842338206585,0.2642806177254878,0.765625,0.6486674241743136,0.8525010440607586,0.0,0.0,0.05662405979280534,-0.001532541031745908,0.0020910143728286273,10,49,5,0.140625,0.0757857255603086,0.24616281741577023,0.171875,0.09877742301244645,0.282132116226582,0.6875,0.5660766429725185,0.7876893346051795,0.0,0.0,0.05662405979280534,0.00030904682536655233,0.002637568483880507,11,44,9
larger_population,community_only,0.75,0.5,0.7,neutral,100,64,64,0.0,0.0,0.05662405979280534,192.0,0.0,0.905,0.125,0.06472242663330453,0.22774561821129946,0.21875,0.13502319406719474,0.3343278395662582,0.65625,0.5340364020991819,0.7607685792155665,0.0,0.0,0.05662405979280534,-0.002188017120726065,0.0027140804306574847,14,42,8,0.1875,0.11064643172948806,0.29974360564101526,0.28125,0.18593372333727837,0.40133930282207403,0.53125,0.41072087051471007,0.6482401257482395,0.0,0.0,0.05662405979280534,-0.004335824973515728,0.003233102428617655,18,34,12
larger_population,community_only,0.75,0.5,0.7,neutral,200,64,64,0.0,0.0,0.05662405979280534,192.0,0.0,0.7643749999999999,0.25,0.16014926530970577,0.36816276458669694,0.296875,0.19905151325539794,0.41770201103542925,0.453125,0.3372944778061167,0.5742640277994588,0.0,0.0,0.05662405979280534,-0.0017100263141312608,0.0036703303934292435,19,29,16,0.21875,0.13502319406719474,0.3343278395662582,0.34375,0.23923142078443355,0.46596359790081815,0.4375,0.3229400970440308,0.5591379104300699,0.0,0.0,0.05662405979280534,-0.004869374115089945,0.003868911795269458,22,28,14
larger_population,community_only,0.75,0.5,0.7,neutral,400,64,64,0.0,0.0,0.05662405979280534,192.0,0.0,0.7213671875000001,0.34375,0.23923142078443355,0.46596359790081815,0.296875,0.19905151325539794,0.41770201103542925,0.359375,0.25288402291451745,0.48179149390220904,0.0,0.0,0.05662405979280534,0.0007587249424707305,0.0049447146837249415,19,23,22,0.296875,0.19905151325539794,0.41770201103542925,0.421875,0.30869782474345486,0.5438996845991709,0.28125,0.18593372333727837,0.40133930282207403,0.0,0.0,0.05662405979280534,-0.0033949142917216605,0.005177405478206131,27,18,19
larger_population,community_only,0.75,0.5,0.7,selected,10,64,64,0.0,0.0,0.05662405979280534,192.0,0.0,2.3515625,0.0,0.0,0.05662405979280534,0.015625,0.002763541923337505,0.08334101600094265,0.984375,0.9166589839990573,0.9972364580766624,0.0,0.0,0.05662405979280534,-0.0015372635388132463,0.0010923527844972439,1,63,0,0.0,0.0,0.05662405979280534,0.0,0.0,0.05662405979280534,1.0,0.9433759402071946,1.0,0.0,0.0,0.05662405979280534,-0.0016410938554930051,0.0008215722512600954,0,64,0
larger_population,community_only,0.75,0.5,0.7,selected,40,64,64,0.0,0.0,0.05662405979280534,192.0,0.0,1.1875,0.140625,0.0757857255603086,0.24616281741577023,0.0625,0.024571201396618017,0.14997485092208662,0.796875,0.6828636426898583,0.8772658218081634,0.0,0.0,0.05662405979280534,0.0007178952932132016,0.0022979458707275816,4,51,9,0.0,0.0,0.05662405979280534,0.21875,0.13502319406719474,0.3343278395662582,0.78125,0.6656721604337418,0.8649768059328052,0.0,0.0,0.05662405979280534,-0.01060282006736837,0.0018270587496984462,14,50,0
larger_population,community_only,0.75,0.5,0.7,selected,50,64,64,0.0,0.0,0.05662405979280534,192.0,0.0,1.0975,0.109375,0.05400113344416797,0.20898641326896122,0.140625,0.0757857255603086,0.24616281741577023,0.75,0.631837235413303,0.8398507346902941,0.0,0.0,0.05662405979280534,0.00014583194385170244,0.002625066490710272,9,48,7,0.015625,0.002763541923337505,0.08334101600094265,0.34375,0.23923142078443355,0.46596359790081815,0.640625,0.518208506097791,0.7471159770854825,0.0,0.0,0.05662405979280534,-0.012655204150504034,0.0020567109910383198,22,41,1
larger_population,community_only,0.75,0.5,0.7,selected,100,64,64,0.0,0.0,0.05662405979280534,192.0,0.0,0.905,0.265625,0.17296379074222612,0.38482873728565137,0.28125,0.18593372333727837,0.40133930282207403,0.453125,0.3372944778061167,0.5742640277994588,0.0,0.0,0.05662405979280534,-0.0032727755595305854,0.003735300865420898,18,29,17,0.046875,0.016069016786292974,0.12899653740093686,0.546875,0.4257359722005412,0.6627055221938833,0.40625,0.2945690924971961,0.5285479187139549,0.0,0.0,0.05662405979280534,-0.020952243825935024,0.0029912918638196964,35,26,3
larger_population,community_only,0.75,0.5,0.7,selected,200,64,64,0.0,0.0,0.05662405979280534,192.0,0.0,0.7643749999999999,0.25,0.16014926530970577,0.36816276458669694,0.34375,0.23923142078443355,0.46596359790081815,0.40625,0.2945690924971961,0.5285479187139549,0.0,0.0,0.05662405979280534,-0.006007893338316432,0.004587420730028049,22,26,16,0.046875,0.016069016786292974,0.12899653740093686,0.71875,0.5986606971779259,0.8140662766627217,0.234375,0.1474989559392414,0.35133257582568644,0.0,0.0,0.05662405979280534,-0.03662070901091821,0.003438700039236894,46,15,3
larger_population,community_only,0.75,0.5,0.7,selected,400,64,64,0.0,0.0,0.05662405979280534,192.0,0.0,0.7213671875000001,0.265625,0.17296379074222612,0.38482873728565137,0.4375,0.3229400970440308,0.5591379104300699,0.296875,0.19905151325539794,0.41770201103542925,0.0,0.0,0.05662405979280534,-0.010468084251402205,0.005559173680051665,28,19,17,0.015625,0.002763541923337505,0.08334101600094265,0.8125,0.7002563943589847,0.8893535682705119,0.171875,0.09877742301244645,0.282132116226582,0.0,0.0,0.05662405979280534,-0.04955493778314722,0.003883501013700092,52,11,1
larger_population,mainland,0.0,0.0,0.3,neutral,10,64,55,0.140625,0.0757857255603086,0.24616281741577023,159.265625,8.85442904898346,8.334375000000001,0.046875,0.016069016786292974,0.12899653740093686,0.0,0.0,0.05662405979280534,0.8125,0.7002563943589847,0.8893535682705119,0.140625,0.0757857255603086,0.24616281741577023,0.0004605040105374204,0.0012323226524859553,0,52,3,0.03125,0.008612138346171874,0.10697291770958313,0.0,0.0,0.05662405979280534,0.828125,0.7178678837734179,0.9012225769875536,0.140625,0.0757857255603086,0.24616281741577023,0.0007367394193817156,0.0012772474454696462,0,53,2
larger_population,mainland,0.0,0.0,0.3,neutral,40,64,43,0.328125,0.22570557904469185,0.45000894150908505,124.625,11.387399486427622,7.0625,0.15625,0.08714842338206585,0.2642806177254878,0.0625,0.024571201396618017,0.14997485092208662,0.453125,0.3372944778061167,0.5742640277994588,0.328125,0.22570557904469185,0.45000894150908505,0.0030018977514126633,0.0028135725240744647,4,29,10,0.078125,0.03383117690855046,0.17019537354162906,0.1875,0.11064643172948806,0.29974360564101526,0.40625,0.2945690924971961,0.5285479187139549,0.328125,0.22570557904469185,0.45000894150908505,-0.004202423185363175,0.0028531613399960755,12,26,5
larger_population,mainland,0.0,0.0,0.3,neutral,50,64,40,0.375,0.2666598017882464,0.497496213159955,119.90625,11.702023777581013,6.92,0.109375,0.05400113344416797,0.20898641326896122,0.0625,0.024571201396618017,0.14997485092208662,0.453125,0.3372944778061167,0.5742640277994588,0.375,0.2666598017882464,0.497496213159955,0.001091381536502005,0.0030764288262884595,4,29,7,0.125,0.06472242663330453,0.22774561821129946,0.15625,0.08714842338206585,0.2642806177254878,0.34375,0.23923142078443355,0.46596359790081815,0.375,0.2666598017882464,0.497496213159955,-0.0015359973895014048,0.0035821953323851652,10,22,8
larger_population,mainland,0.0,0.0,0.3,neutral,100,64,25,0.609375,0.4869191788027247,0.7194443081175993,72.125,11.699263560461524,6.5346875,0.09375,0.04367825258519838,0.18982879599645597,0.0625,0.024571201396618017,0.14997485092208662,0.234375,0.1474989559392414,0.35133257582568644,0.609375,0.4869191788027247,0.7194443081175993,0.005171691046185104,0.006052457784707062,4,15,6,0.125,0.06472242663330453,0.22774561821129946,0.109375,0.05400113344416797,0.20898641326896122,0.15625,0.08714842338206585,0.2642806177254878,0.609375,0.4869191788027247,0.7194443081175993,0.0032570618769758443,0.005209913084082462,7,10,8
larger_population,mainland,0.0,0.0,0.3,neutral,200,64,9,0.859375,0.7538371825842297,0.9242142744396914,27.0,8.40917865872082,6.255546875,0.046875,0.016069016786292974,0.12899653740093686,0.046875,0.016069016786292974,0.12899653740093686,0.046875,0.016069016786292974,0.12899653740093686,0.859375,0.7538371825842297,0.9242142744396914,-0.0005354127805841596,0.01618256274868955,3,3,3,0.0625,0.024571201396618017,0.14997485092208662,0.015625,0.002763541923337505,0.08334101600094265,0.0625,0.024571201396618017,0.14997485092208662,0.859375,0.7538371825842297,0.9242142744396914,0.007642200621622229,0.010358942592518421,1,4,4
larger_population,mainland,0.0,0.0,0.3,neutral,400,64,0,1.0,0.9433759402071946,1.0,0.0,0.0,6.0140625,0.0,0.0,0.05662405979280534,0.0,0.0,0.05662405979280534,0.0,0.0,0.05662405979280534,1.0,0.9433759402071946,1.0,,,0,0,0,0.0,0.0,0.05662405979280534,0.0,0.0,0.05662405979280534,0.0,0.0,0.05662405979280534,1.0,0.9433759402071946,1.0,,,0,0,0
larger_population,mainland,0.0,0.0,0.3,selected,10,64,57,0.109375,0.05400113344416797,0.20898641326896122,163.390625,8.443457396781245,8.334375000000001,0.21875,0.13502319406719474,0.3343278395662582,0.25,0.16014926530970577,0.36816276458669694,0.421875,0.30869782474345486,0.5438996845991709,0.109375,0.05400113344416797,0.20898641326896122,0.0030470546903192137,0.003957901698211782,16,27,14,0.453125,0.3372944778061167,0.5742640277994588,0.0,0.0,0.05662405979280534,0.4375,0.3229400970440308,0.5591379104300699,0.109375,0.05400113344416797,0.20898641326896122,0.01874734219336507,0.00129761271866823,0,28,29
larger_population,mainland,0.0,0.0,0.3,selected,40,64,48,0.25,0.16014926530970577,0.36816276458669694,144.0,10.474458731327633,7.0625,0.296875,0.19905151325539794,0.41770201103542925,0.34375,0.23923142078443355,0.46596359790081815,0.109375,0.05400113344416797,0.20898641326896122,0.25,0.16014926530970577,0.36816276458669694,-0.0029908506295231265,0.008326905482365967,22,7,19,0.71875,0.5986606971779259,0.8140662766627217,0.0,0.0,0.05662405979280534,0.03125,0.008612138346171874,0.10697291770958313,0.25,0.16014926530970577,0.36816276458669694,0.05029750726320617,0.0022126313583908158,0,2,46
larger_population,mainland,0.0,0.0,0.3,selected,50,64,45,0.296875,0.19905151325539794,0.41770201103542925,134.53125,11.023355633365135,6.92,0.328125,0.22570557904469185,0.45000894150908505,0.3125,0.21231066539482046,0.4339233570274815,0.0625,0.024571201396618017,0.14997485092208662,0.296875,0.19905151325539794,0.41770201103542925,0.0016156894623996338,0.008719079376005601,20,4,21,0.6875,0.5660766429725185,0.7876893346051795,0.0,0.0,0.05662405979280534,0.015625,0.002763541923337505,0.08334101600094265,0.296875,0.19905151325539794,0.41770201103542925,0.0581178249613113,0.002528011183378058,0,1,44
larger_population,mainland,0.0,0.0,0.3,selected,100,64,27,0.578125,0.456100315400829,0.6913021752565451,78.015625,11.87873776153391,6.5346875,0.15625,0.08714842338206585,0.2642806177254878,0.171875,0.09877742301244645,0.282132116226582,0.09375,0.04367825258519838,0.18982879599645597,0.578125,0.456100315400829,0.6913021752565451,0.00010182572232429485,0.012875677801888273,11,6,10,0.421875,0.30869782474345486,0.5438996845991709,0.0,0.0,0.05662405979280534,0.0,0.0,0.05662405979280534,0.578125,0.456100315400829,0.6913021752565451,0.07623798074518942,0.002116325702846205,0,0,27
larger_population,mainland,0.0,0.0,0.3,selected,200,64,9,0.859375,0.7538371825842297,0.9242142744396914,27.0,8.40917865872082,6.255546875,0.0625,0.024571201396618017,0.14997485092208662,0.03125,0.008612138346171874,0.10697291770958313,0.046875,0.016069016786292974,0.12899653740093686,0.859375,0.7538371825842297,0.9242142744396914,0.030173955849746772,0.018133297026265344,2,3,4,0.140625,0.0757857255603086,0.24616281741577023,0.0,0.0,0.05662405979280534,0.0,0.0,0.05662405979280534,0.859375,0.7538371825842297,0.9242142744396914,0.08481284159911727,0.0042063089351337775,0,0,9
larger_population,mainland,0.0,0.0,0.3,selected,400,64,4,0.9375,0.8500251490779133,0.9754287986033819,12.0,5.855400437691199,6.0140625,0.03125,0.008612138346171874,0.10697291770958313,0.0,0.0,0.05662405979280534,0.03125,0.008612138346171874,0.10697291770958313,0.9375,0.8500251490779133,0.9754287986033819,0.03606059226084292,0.02338555002092009,0,2,2,0.0625,0.024571201396618017,0.14997485092208662,0.0,0.0,0.05662405979280534,0.0,0.0,0.05662405979280534,0.9375,0.8500251490779133,0.9754287986033819,0.08349710846189093,0.005581432147943617,0,0,4
larger_population,mainland,0.0,0.0,0.7,neutral,10,64,62,0.03125,0.008612138346171874,0.10697291770958313,181.890625,5.096689965547317,8.334375000000001,0.0,0.0,0.05662405979280534,0.0,0.0,0.05662405979280534,0.96875,0.8930270822904169,0.9913878616538281,0.03125,0.008612138346171874,0.10697291770958313,0.0001770405849715418,0.0010571397931787591,0,62,0,0.03125,0.008612138346171874,0.10697291770958313,0.0,0.0,0.05662405979280534,0.9375,0.8500251490779133,0.9754287986033819,0.03125,0.008612138346171874,0.10697291770958313,0.0008362109596198803,0.0010800518401035291,0,60,2
larger_population,mainland,0.0,0.0,0.7,neutral,40,64,47,0.265625,0.17296379074222612,0.38482873728565137,138.9375,10.726484870570202,7.0625,0.046875,0.016069016786292974,0.12899653740093686,0.109375,0.05400113344416797,0.20898641326896122,0.578125,0.456100315400829,0.6913021752565451,0.265625,0.17296379074222612,0.38482873728565137,-0.003091237548830755,0.0024303405232050704,7,37,3,0.09375,0.04367825258519838,0.18982879599645597,0.0625,0.024571201396618017,0.14997485092208662,0.578125,0.456100315400829,0.6913021752565451,0.265625,0.17296379074222612,0.38482873728565137,0.000534213791049971,0.002514968916077911,4,37,6
larger_population,mainland,0.0,0.0,0.7,neutral,50,64,46,0.28125,0.18593372333727837,0.40133930282207403,137.28125,10.84297804992113,6.92,0.0625,0.024571201396618017,0.14997485092208662,0.140625,0.0757857255603086,0.24616281741577023,0.515625,0.39581601478580125,0.6336644833456737,0.28125,0.18593372333727837,0.40133930282207403,-0.0031601547092213623,0.002564120743396049,9,33,4,0.125,0.06472242663330453,0.22774561821129946,0.09375,0.04367825258519838,0.18982879599645597,0.5,0.3810209474394701,0.6189790525605299,0.28125,0.18593372333727837,0.40133930282207403,0.0011361967337858098,0.0029976911789955417,6,32,8
larger_population,mainland,0.0,0.0,0.7,neutral,100,64,33,0.484375,0.3663355166543264,0.6041839852141988,96.28125,12.062656133334459,6.5346875,0.1875,0.11064643172948806,0.29974360564101526,0.09375,0.04367825258519838,0.18982879599645597,0.234375,0.1474989559392414,0.35133257582568644,0.484375,0.3663355166543264,0.6041839852141988,0.001723840934642086,0.004910935280989956,6,15,12,0.171875,0.09877742301244645,0.282132116226582,0.125,0.06472242663330453,0.22774561821129946,0.21875,0.13502319406719474,0.3343278395662582,0.484375,0.3663355166543264,0.6041839852141988,0.0011375781397170235,0.006524588404232966,8,14,11
larger_population,mainland,0.0,0.0,0.7,neutral,200,64,9,0.859375,0.7538371825842297,0.9242142744396914,24.46875,7.991406866463323,6.255546875,0.078125,0.03383117690855046,0.17019537354162906,0.0,0.0,0.05662405979280534,0.0625,0.024571201396618017,0.14997485092208662,0.859375,0.7538371825842297,0.9242142744396914,0.02091439685519103,0.008481074361506852,0,4,5,0.0625,0.024571201396618017,0.14997485092208662,0.046875,0.016069016786292974,0.12899653740093686,0.03125,0.008612138346171874,0.10697291770958313,0.859375,0.7538371825842297,0.9242142744396914,0.0021810918115931868,0.016907189802375575,3,2,4
larger_population,mainland,0.0,0.0,0.7,neutral,400,64,3,0.953125,0.8710034625990631,0.983930983213707,9.0,5.11300861947808,6.0140625,0.0,0.0,0.05662405979280534,0.015625,0.002763541923337505,0.08334101600094265,0.03125,0.008612138346171874,0.10697291770958313,0.953125,0.8710034625990631,0.983930983213707,-0.01015289760754993,0.015881005175037807,1,2,0,0.03125,0.008612138346171874,0.10697291770958313,0.015625,0.002763541923337505,0.08334101600094265,0.0,0.0,0.05662405979280534,0.953125,0.8710034625990631,0.983930983213707,0.022158699117199882,0.02281275494473797,1,0,2
larger_population,mainland,0.0,0.0,0.7,selected,10,64,62,0.03125,0.008612138346171874,0.10697291770958313,183.65625,4.725722143417418,8.334375000000001,0.21875,0.13502319406719474,0.3343278395662582,0.140625,0.0757857255603086,0.24616281741577023,0.609375,0.4869191788027247,0.7194443081175993,0.03125,0.008612138346171874,0.10697291770958313,0.003912407865622481,0.002878782411297887,9,39,14,0.25,0.16014926530970577,0.36816276458669694,0.0,0.0,0.05662405979280534,0.71875,0.5986606971779259,0.8140662766627217,0.03125,0.008612138346171874,0.10697291770958313,0.015934990621896523,0.001036307458522476,0,46,16
larger_population,mainland,0.0,0.0,0.7,selected,40,64,54,0.15625,0.08714842338206585,0.2642806177254878,162.0,8.783100656536798,7.0625,0.421875,0.30869782474345486,0.5438996845991709,0.25,0.16014926530970577,0.36816276458669694,0.171875,0.09877742301244645,0.282132116226582,0.15625,0.08714842338206585,0.2642806177254878,0.00857716998125554,0.007343906981514627,16,11,27,0.828125,0.7178678837734179,0.9012225769875536,0.0,0.0,0.05662405979280534,0.015625,0.002763541923337505,0.08334101600094265,0.15625,0.08714842338206585,0.2642806177254878,0.04893376342697993,0.0018345463149177011,0,1,53
larger_population,mainland,0.0,0.0,0.7,selected,50,64,54,0.15625,0.08714842338206585,0.2642806177254878,162.0,8.783100656536798,6.92,0.40625,0.2945690924971961,0.5285479187139549,0.265625,0.17296379074222612,0.38482873728565137,0.171875,0.09877742301244645,0.282132116226582,0.15625,0.08714842338206585,0.2642806177254878,0.006936507056490419,0.007657224209365979,17,11,26,0.8125,0.7002563943589847,0.8893535682705119,0.0,0.0,0.05662405979280534,0.03125,0.008612138346171874,0.10697291770958313,0.15625,0.08714842338206585,0.2642806177254878,0.055412071896916534,0.0019552878008937827,0,2,52
larger_population,mainland,0.0,0.0,0.7,selected,100,64,42,0.34375,0.23923142078443355,0.46596359790081815,123.15625,11.58138941272448,6.5346875,0.34375,0.23923142078443355,0.46596359790081815,0.203125,0.12273417819183653,0.3171363573101416,0.109375,0.05400113344416797,0.20898641326896122,0.34375,0.23923142078443355,0.46596359790081815,0.011093350186385657,0.009237095244913979,13,7,22,0.65625,0.5340364020991819,0.7607685792155665,0.0,0.0,0.05662405979280534,0.0,0.0,0.05662405979280534,0.34375,0.23923142078443355,0.46596359790081815,0.07422296956386602,0.0016425640545683386,0,0,42
larger_population,mainland,0.0,0.0,0.7,selected,200,64,13,0.796875,0.6828636426898583,0.8772658218081634,39.0,9.732126474429199,6.255546875,0.125,0.06472242663330453,0.22774561821129946,0.046875,0.016069016786292974,0.12899653740093686,0.03125,0.008612138346171874,0.10697291770958313,0.796875,0.6828636426898583,0.8772658218081634,0.03386413006337325,0.017923409723409608,3,2,8,0.203125,0.12273417819183653,0.3171363573101416,0.0,0.0,0.05662405979280534,0.0,0.0,0.05662405979280534,0.796875,0.6828636426898583,0.8772658218081634,0.08558914020159761,0.003089682529633675,0,0,13
larger_population,mainland,0.0,0.0,0.7,selected,400,64,2,0.96875,0.8930270822904169,0.9913878616538281,6.0,4.20883424647321,6.0140625,0.0,0.0,0.05662405979280534,0.015625,0.002763541923337505,0.08334101600094265,0.015625,0.002763541923337505,0.08334101600094265,0.96875,0.8930270822904169,0.9913878616538281,-0.011499823560593092,0.011748382964415383,1,1,0,0.03125,0.008612138346171874,0.10697291770958313,0.0,0.0,0.05662405979280534,0.0,0.0,0.05662405979280534,0.96875,0.8930270822904169,0.9913878616538281,0.08599750708795295,0.004502747828003917,0,0,2
larger_population,mainland,0.0,0.5,0.3,neutral,10,64,64,0.0,0.0,0.05662405979280534,192.0,0.0,8.334375000000001,0.015625,0.002763541923337505,0.08334101600094265,0.015625,0.002763541923337505,0.08334101600094265,0.96875,0.8930270822904169,0.9913878616538281,0.0,0.0,0.05662405979280534,0.0012868576227603092,0.0011338534106017323,1,62,1,0.0,0.0,0.05662405979280534,0.03125,0.008612138346171874,0.10697291770958313,0.96875,0.8930270822904169,0.9913878616538281,0.0,0.0,0.05662405979280534,-0.00095577667949036,0.0012090147085154802,2,62,0
larger_population,mainland,0.0,0.5,0.3,neutral,40,64,64,0.0,0.0,0.05662405979280534,192.0,0.0,7.0625,0.265625,0.17296379074222612,0.38482873728565137,0.125,0.06472242663330453,0.22774561821129946,0.609375,0.4869191788027247,0.7194443081175993,0.0,0.0,0.05662405979280534,0.006084805251654919,0.0025581499287606066,8,39,17,0.140625,0.0757857255603086,0.24616281741577023,0.1875,0.11064643172948806,0.29974360564101526,0.671875,0.549991058490915,0.7742944209553081,0.0,0.0,0.05662405979280534,-0.0027884455862920658,0.0021116630548907154,12,43,9
larger_population,mainland,0.0,0.5,0.3,neutral,50,64,64,0.0,0.0,0.05662405979280534,192.0,0.0,6.92,0.28125,0.18593372333727837,0.40133930282207403,0.125,0.06472242663330453,0.22774561821129946,0.59375,0.4714520812860451,0.7054309075028039,0.0,0.0,0.05662405979280534,0.005465521273167832,0.002685976120424673,8,38,18,0.09375,0.04367825258519838,0.18982879599645597,0.140625,0.0757857255603086,0.24616281741577023,0.765625,0.6486674241743136,0.8525010440607586,0.0,0.0,0.05662405979280534,-0.0024259703223903856,0.0022577422395292914,9,49,6
larger_population,mainland,0.0,0.5,0.3,neutral,100,64,64,0.0,0.0,0.05662405979280534,192.0,0.0,6.5346875,0.34375,0.23923142078443355,0.46596359790081815,0.15625,0.08714842338206585,0.2642806177254878,0.5,0.3810209474394701,0.6189790525605299,0.0,0.0,0.05662405979280534,0.007969545589554655,0.0034553912647753166,10,32,22,0.21875,0.13502319406719474,0.3343278395662582,0.421875,0.30869782474345486,0.5438996845991709,0.359375,0.25288402291451745,0.48179149390220904,0.0,0.0,0.05662405979280534,-0.011284619462275042,0.004012014258398702,27,23,14
larger_population,mainland,0.0,0.5,0.3,neutral,200,64,64,0.0,0.0,0.05662405979280534,192.0,0.0,6.255546875,0.375,0.2666598017882464,0.497496213159955,0.1875,0.11064643172948806,0.29974360564101526,0.4375,0.3229400970440308,0.5591379104300699,0.0,0.0,0.05662405979280534,0.00864394401851025,0.004955942843582249,12,28,24,0.28125,0.18593372333727837,0.40133930282207403,0.5,0.3810209474394701,0.6189790525605299,0.21875,0.13502319406719474,0.3343278395662582,0.0,0.0,0.05662405979280534,-0.009859922671005675,0.005061523449791325,32,14,18
larger_population,mainland,0.0,0.5,0.3,neutral,400,64,64,0.0,0.0,0.05662405979280534,192.0,0.0,6.0140625,0.34375,0.23923142078443355,0.46596359790081815,0.4375,0.3229400970440308,0.5591379104300699,0.21875,0.13502319406719474,0.3343278395662582,0.0,0.0,0.05662405979280534,-0.0024070749187221556,0.006487345561277109,28,14,22,0.359375,0.25288402291451745,0.48179149390220904,0.421875,0.30869782474345486,0.5438996845991709,0.21875,0.13502319406719474,0.3343278395662582,0.0,0.0,0.05662405979280534,-0.007693213522841296,0.006438601251275434,27,14,23
larger_population,mainland,0.0,0.5,0.3,selected,10,64,64,0.0,0.0,0.05662405979280534,192.0,0.0,8.334375000000001,0.203125,0.12273417819183653,0.3171363573101416,0.15625,0.08714842338206585,0.2642806177254878,0.640625,0.518208506097791,0.7471159770854825,0.0,0.0,0.05662405979280534,0.002044350884946349,0.002628440138804799,10,41,13,0.109375,0.05400113344416797,0.20898641326896122,0.015625,0.002763541923337505,0.08334101600094265,0.875,0.7722543817887005,0.9352775733666955,0.0,0.0,0.05662405979280534,0.007019943862055455,0.0013640882052878963,1,56,7
larger_population,mainland,0.0,0.5,0.3,selected,40,64,64,0.0,0.0,0.05662405979280534,192.0,0.0,7.0625,0.40625,0.2945690924971961,0.5285479187139549,0.421875,0.30869782474345486,0.5438996845991709,0.171875,0.09877742301244645,0.282132116226582,0.0,0.0,0.05662405979280534,0.0016807018911989095,0.006261745895909585,27,11,26,0.546875,0.4257359722005412,0.6627055221938833,0.015625,0.002763541923337505,0.08334101600094265,0.4375,0.3229400970440308,0.5591379104300699,0.0,0.0,0.05662405979280534,0.026670353279785886,0.0025947134663280146,1,28,35
larger_population,mainland,0.0,0.5,0.3,selected,50,64,64,0.0,0.0,0.05662405979280534,192.0,0.0,6.92,0.421875,0.30869782474345486,0.5438996845991709,0.40625,0.2945690924971961,0.5285479187139549,0.171875,0.09877742301244645,0.282132116226582,0.0,0.0,0.05662405979280534,0.0007507603347549647,0.006800829613843261,26,11,27,0.6875,0.5660766429725185,0.7876893346051795,0.015625,0.002763541923337505,0.08334101600094265,0.296875,0.19905151325539794,0.41770201103542925,0.0,0.0,0.05662405979280534,0.031132020143253246,0.002681340960086442,1,19,44
larger_population,mainland,0.0,0.5,0.3,selected,100,64,64,0.0,0.0,0.05662405979280534,192.0,0.0,6.5346875,0.40625,0.2945690924971961,0.5285479187139549,0.390625,0.2805556918824008,0.5130808211972754,0.203125,0.12273417819183653,0.3171363573101416,0.0,0.0,0.05662405979280534,-0.0018262113194594358,0.007348068798137832,25,13,26,0.84375,0.7357193822745122,0.912851576617934,0.015625,0.002763541923337505,0.08334101600094265,0.140625,0.0757857255603086,0.24616281741577023,0.0,0.0,0.05662405979280534,0.04457039625604833,0.00313463958585539,1,9,54
larger_population,mainland,0.0,0.5,0.3,selected,200,64,64,0.0,0.0,0.05662405979280534,192.0,0.0,6.255546875,0.4375,0.3229400970440308,0.5591379104300699,0.375,0.2666598017882464,0.497496213159955,0.1875,0.11064643172948806,0.29974360564101526,0.0,0.0,0.05662405979280534,0.0011157931608451388,0.007663454702044729,24,12,28,0.96875,0.8930270822904169,0.9913878616538281,0.0,0.0,0.05662405979280534,0.03125,0.008612138346171874,0.10697291770958313,0.0,0.0,0.05662405979280534,0.06354610749312548,0.002544547645449274,0,2,62
larger_population,mainland,0.0,0.5,0.3,selected,400,64,64,0.0,0.0,0.05662405979280534,192.0,0.0,6.0140625,0.453125,0.3372944778061167,0.5742640277994588,0.359375,0.25288402291451745,0.48179149390220904,0.1875,0.11064643172948806,0.29974360564101526,0.0,0.0,0.05662405979280534,0.005455090672860019,0.007415941124169608,23,12,29,0.96875,0.8930270822904169,0.9913878616538281,0.0,0.0,0.05662405979280534,0.03125,0.008612138346171874,0.10697291770958313,0.0,0.0,0.05662405979280534,0.07120189907380373,0.002475125252302641,0,2,62
larger_population,mainland,0.0,0.5,0.7,neutral,10,64,64,0.0,0.0,0.05662405979280534,192.0,0.0,8.334375000000001,0.0,0.0,0.05662405979280534,0.046875,0.016069016786292974,0.12899653740093686,0.953125,0.8710034625990631,0.983930983213707,0.0,0.0,0.05662405979280534,-0.0016090729391395886,0.0012837949000095979,3,61,0,0.03125,0.008612138346171874,0.10697291770958313,0.03125,0.008612138346171874,0.10697291770958313,0.9375,0.8500251490779133,0.9754287986033819,0.0,0.0,0.05662405979280534,-0.0005235898127403677,0.001201984923211458,2,60,2
larger_population,mainland,0.0,0.5,0.7,neutral,40,64,64,0.0,0.0,0.05662405979280534,192.0,0.0,7.0625,0.125,0.06472242663330453,0.22774561821129946,0.15625,0.08714842338206585,0.2642806177254878,0.71875,0.5986606971779259,0.8140662766627217,0.0,0.0,0.05662405979280534,-0.0020717038511975355,0.0022926526178384072,10,46,8,0.1875,0.11064643172948806,0.29974360564101526,0.234375,0.1474989559392414,0.35133257582568644,0.578125,0.456100315400829,0.6913021752565451,0.0,0.0,0.05662405979280534,-0.0033049794654254868,0.0025882578458686642,15,37,12
larger_population,mainland,0.0,0.5,0.7,neutral,50,64,64,0.0,0.0,0.05662405979280534,192.0,0.0,6.92,0.1875,0.11064643172948806,0.29974360564101526,0.140625,0.0757857255603086,0.24616281741577023,0.671875,0.549991058490915,0.7742944209553081,0.0,0.0,0.05662405979280534,0.000383326464070001,0.002504659046291993,9,43,12,0.171875,0.09877742301244645,0.282132116226582,0.3125,0.21231066539482046,0.4339233570274815,0.515625,0.39581601478580125,0.6336644833456737,0.0,0.0,0.05662405979280534,-0.005004099491374616,0.003008438335003216,20,33,11
larger_population,mainland,0.0,0.5,0.7,neutral,100,64,64,0.0,0.0,0.05662405979280534,192.0,0.0,6.5346875,0.3125,0.21231066539482046,0.4339233570274815,0.21875,0.13502319406719474,0.3343278395662582,0.46875,0.35175987425176036,0.5892791294852899,0.0,0.0,0.05662405979280534,0.002991182790082583,0.0035628067414788657,14,30,20,0.171875,0.09877742301244645,0.282132116226582,0.359375,0.25288402291451745,0.48179149390220904,0.46875,0.35175987425176036,0.5892791294852899,0.0,0.0,0.05662405979280534,-0.006239889931389571,0.0036114188453748035,23,30,11
larger_population,mainland,0.0,0.5,0.7,neutral,200,64,64,0.0,0.0,0.05662405979280534,192.0,0.0,6.255546875,0.390625,0.2805556918824008,0.5130808211972754,0.34375,0.23923142078443355,0.46596359790081815,0.265625,0.17296379074222612,0.38482873728565137,0.0,0.0,0.05662405979280534,0.004292677051679515,0.004794402013631875,22,17,25,0.21875,0.13502319406719474,0.3343278395662582,0.390625,0.2805556918824008,0.5130808211972754,0.390625,0.2805556918824008,0.5130808211972754,0.0,0.0,0.05662405979280534,-0.008352757103092785,0.0051318227246491205,25,25,14
larger_population,mainland,0.0,0.5,0.7,neutral,400,64,64,0.0,0.0,0.05662405979280534,192.0,0.0,6.0140625,0.4375,0.3229400970440308,0.5591379104300699,0.34375,0.23923142078443355,0.46596359790081815,0.21875,0.13502319406719474,0.3343278395662582,0.0,0.0,0.05662405979280534,0.011160927945469933,0.006262920664525387,22,14,28,0.359375,0.25288402291451745,0.48179149390220904,0.4375,0.3229400970440308,0.5591379104300699,0.203125,0.12273417819183653,0.3171363573101416,0.0,0.0,0.05662405979280534,-0.00717755289350216,0.0064205891276239,28,13,23
larger_population,mainland,0.0,0.5,0.7,selected,10,64,64,0.0,0.0,0.05662405979280534,192.0,0.0,8.334375000000001,0.109375,0.05400113344416797,0.20898641326896122,0.109375,0.05400113344416797,0.20898641326896122,0.78125,0.6656721604337418,0.8649768059328052,0.0,0.0,0.05662405979280534,0.001805094855761408,0.002130301227369353,7,50,7,0.078125,0.03383117690855046,0.17019537354162906,0.0,0.0,0.05662405979280534,0.921875,0.8298046264583709,0.9661688230914496,0.0,0.0,0.05662405979280534,0.007248971786622489,0.0011126875888239692,0,59,5
larger_population,mainland,0.0,0.5,0.7,selected,40,64,64,0.0,0.0,0.05662405979280534,192.0,0.0,7.0625,0.453125,0.3372944778061167,0.5742640277994588,0.3125,0.21231066539482046,0.4339233570274815,0.234375,0.1474989559392414,0.35133257582568644,0.0,0.0,0.05662405979280534,0.00521595938483632,0.006054646581697021,20,15,29,0.6875,0.5660766429725185,0.7876893346051795,0.0,0.0,0.05662405979280534,0.3125,0.21231066539482046,0.4339233570274815,0.0,0.0,0.05662405979280534,0.027647140251959853,0.002078775920283187,0,20,44
larger_population,mainland,0.0,0.5,0.7,selected,50,64,64,0.0,0.0,0.05662405979280534,192.0,0.0,6.92,0.46875,0.35175987425176036,0.5892791294852899,0.3125,0.21231066539482046,0.4339233570274815,0.21875,0.13502319406719474,0.3343278395662582,0.0,0.0,0.05662405979280534,0.005953183946053341,0.006381183924521588,20,14,30,0.765625,0.6486674241743136,0.8525010440607586,0.015625,0.002763541923337505,0.08334101600094265,0.21875,0.13502319406719474,0.3343278395662582,0.0,0.0,0.05662405979280534,0.032254771977233185,0.0023746650932538887,1,14,49
larger_population,mainland,0.0,0.5,0.7,selected,100,64,64,0.0,0.0,0.05662405979280534,192.0,0.0,6.5346875,0.484375,0.3663355166543264,0.6041839852141988,0.3125,0.21231066539482046,0.4339233570274815,0.203125,0.12273417819183653,0.3171363573101416,0.0,0.0,0.05662405979280534,0.008816576181763786,0.006989861414247023,20,13,31,0.921875,0.8298046264583709,0.9661688230914496,0.0,0.0,0.05662405979280534,0.078125,0.03383117690855046,0.17019537354162906,0.0,0.0,0.05662405979280534,0.05156014648310722,0.0027128841793404718,0,5,59
larger_population,mainland,0.0,0.5,0.7,selected,200,64,64,0.0,0.0,0.05662405979280534,192.0,0.0,6.255546875,0.484375,0.3663355166543264,0.6041839852141988,0.375,0.2666598017882464,0.497496213159955,0.140625,0.0757857255603086,0.24616281741577023,0.0,0.0,0.05662405979280534,0.006338984938750595,0.007747530568776665,24,9,31,0.953125,0.8710034625990631,0.983930983213707,0.015625,0.002763541923337505,0.08334101600094265,0.03125,0.008612138346171874,0.10697291770958313,0.0,0.0,0.05662405979280534,0.0651132397453488,0.0029133044649488423,1,2,61
larger_population,mainland,0.0,0.5,0.7,selected,400,64,64,0.0,0.0,0.05662405979280534,192.0,0.0,6.0140625,0.46875,0.35175987425176036,0.5892791294852899,0.390625,0.2805556918824008,0.5130808211972754,0.140625,0.0757857255603086,0.24616281741577023,0.0,0.0,0.05662405979280534,0.006853301050205719,0.008016106866183252,25,9,30,0.921875,0.8298046264583709,0.9661688230914496,0.0,0.0,0.05662405979280534,0.078125,0.03383117690855046,0.17019537354162906,0.0,0.0,0.05662405979280534,0.07218852753633757,0.0028501131231536943,0,5,59
larger_population,mainland,0.75,0.0,0.3,neutral,10,64,64,0.0,0.0,0.05662405979280534,86.859375,8.028992207420274,8.334375000000001,0.0,0.0,0.05662405979280534,0.0,0.0,0.05662405979280534,1.0,0.9433759402071946,1.0,0.0,0.0,0.05662405979280534,-0.00031943959427000856,0.0009305056928686309,0,64,0,0.015625,0.002763541923337505,0.08334101600094265,0.0,0.0,0.05662405979280534,0.984375,0.9166589839990573,0.9972364580766624,0.0,0.0,0.05662405979280534,0.0007277745988164682,0.0009724396452029076,0,63,1
larger_population,mainland,0.75,0.0,0.3,neutral,40,64,14,0.78125,0.6656721604337418,0.8649768059328052,12.984375,5.467276941631731,7.0625,0.09375,0.04367825258519838,0.18982879599645597,0.09375,0.04367825258519838,0.18982879599645597,0.03125,0.008612138346171874,0.10697291770958313,0.78125,0.6656721604337418,0.8649768059328052,-0.004057044014950287,0.010730286081126715,6,2,6,0.03125,0.008612138346171874,0.10697291770958313,0.015625,0.002763541923337505,0.08334101600094265,0.171875,0.09877742301244645,0.282132116226582,0.78125,0.6656721604337418,0.8649768059328052,0.002486138749891636,0.005786910647135546,1,11,2
larger_population,mainland,0.75,0.0,0.3,neutral,50,64,8,0.875,0.7722543817887005,0.9352775733666955,7.6875,4.238012681445778,6.92,0.03125,0.008612138346171874,0.10697291770958313,0.015625,0.002763541923337505,0.08334101600094265,0.078125,0.03383117690855046,0.17019537354162906,0.875,0.7722543817887005,0.9352775733666955,-0.0018226320218119735,0.008262627899761883,1,5,2,0.046875,0.016069016786292974,0.12899653740093686,0.0,0.0,0.05662405979280534,0.078125,0.03383117690855046,0.17019537354162906,0.875,0.7722543817887005,0.9352775733666955,0.011035303827460125,0.010963764133024526,0,5,3
larger_population,mainland,0.75,0.0,0.3,neutral,100,64,0,1.0,0.9433759402071946,1.0,0.0,0.0,6.5346875,0.0,0.0,0.05662405979280534,0.0,0.0,0.05662405979280534,0.0,0.0,0.05662405979280534,1.0,0.9433759402071946,1.0,,,0,0,0,0.0,0.0,0.05662405979280534,0.0,0.0,0.05662405979280534,0.0,0.0,0.05662405979280534,1.0,0.9433759402071946,1.0,,,0,0,0
larger_population,mainland,0.75,0.0,0.3,neutral,200,64,0,1.0,0.9433759402071946,1.0,0.0,0.0,6.255546875,0.0,0.0,0.05662405979280534,0.0,0.0,0.05662405979280534,0.0,0.0,0.05662405979280534,1.0,0.9433759402071946,1.0,,,0,0,0,0.0,0.0,0.05662405979280534,0.0,0.0,0.05662405979280534,0.0,0.0,0.05662405979280534,1.0,0.9433759402071946,1.0,,,0,0,0
larger_population,mainland,0.75,0.0,0.3,neutral,400,64,0,1.0,0.9433759402071946,1.0,0.0,0.0,6.0140625,0.0,0.0,0.05662405979280534,0.0,0.0,0.05662405979280534,0.0,0.0,0.05662405979280534,1.0,0.9433759402071946,1.0,,,0,0,0,0.0,0.0,0.05662405979280534,0.0,0.0,0.05662405979280534,0.0,0.0,0.05662405979280534,1.0,0.9433759402071946,1.0,,,0,0,0
larger_population,mainland,0.75,0.0,0.3,selected,10,64,64,0.0,0.0,0.05662405979280534,89.53125,7.960809535924215,8.334375000000001,0.03125,0.008612138346171874,0.10697291770958313,0.0,0.0,0.05662405979280534,0.96875,0.8930270822904169,0.9913878616538281,0.0,0.0,0.05662405979280534,0.0015011387643292387,0.0010406852984384974,0,62,2,0.015625,0.002763541923337505,0.08334101600094265,0.015625,0.002763541923337505,0.08334101600094265,0.96875,0.8930270822904169,0.9913878616538281,0.0,0.0,0.05662405979280534,0.004051273057954233,0.0010217564994723534,1,62,1
larger_population,mainland,0.75,0.0,0.3,selected,40,64,12,0.8125,0.7002563943589847,0.8893535682705119,17.1875,6.391721572682778,7.0625,0.046875,0.016069016786292974,0.12899653740093686,0.046875,0.016069016786292974,0.12899653740093686,0.09375,0.04367825258519838,0.18982879599645597,0.8125,0.7002563943589847,0.8893535682705119,2.9498891846756654e-05,0.007684424632123499,3,6,3,0.046875,0.016069016786292974,0.12899653740093686,0.015625,0.002763541923337505,0.08334101600094265,0.125,0.06472242663330453,0.22774561821129946,0.8125,0.7002563943589847,0.8893535682705119,0.012075782866267195,0.005867697319518883,1,8,3
larger_population,mainland,0.75,0.0,0.3,selected,50,64,7,0.890625,0.7910135867310387,0.945998866555832,12.234375,5.391734846642406,6.92,0.03125,0.008612138346171874,0.10697291770958313,0.03125,0.008612138346171874,0.10697291770958313,0.046875,0.016069016786292974,0.12899653740093686,0.890625,0.7910135867310387,0.945998866555832,0.0018803307733243188,0.012578164629534858,2,3,2,0.046875,0.016069016786292974,0.12899653740093686,0.0,0.0,0.05662405979280534,0.0625,0.024571201396618017,0.14997485092208662,0.890625,0.7910135867310387,0.945998866555832,0.019419129596357523,0.004847816981906622,0,4,3
larger_population,mainland,0.75,0.0,0.3,selected,100,64,2,0.96875,0.8930270822904169,0.9913878616538281,0.046875,0.034716021271691086,6.5346875,0.03125,0.008612138346171874,0.10697291770958313,0.0,0.0,0.05662405979280534,0.0,0.0,0.05662405979280534,0.96875,0.8930270822904169,0.9913878616538281,0.056376269607494894,0.021543264900482667,0,0,2,0.03125,0.008612138346171874,0.10697291770958313,0.0,0.0,0.05662405979280534,0.0,0.0,0.05662405979280534,0.96875,0.8930270822904169,0.9913878616538281,0.04564710815273834,0.013230997798681447,0,0,2
larger_population,mainland,0.75,0.0,0.3,selected,200,64,0,1.0,0.9433759402071946,1.0,0.0,0.0,6.255546875,0.0,0.0,0.05662405979280534,0.0,0.0,0.05662405979280534,0.0,0.0,0.05662405979280534,1.0,0.9433759402071946,1.0,,,0,0,0,0.0,0.0,0.05662405979280534,0.0,0.0,0.05662405979280534,0.0,0.0,0.05662405979280534,1.0,0.9433759402071946,1.0,,,0,0,0
larger_population,mainland,0.75,0.0,0.3,selected,400,64,0,1.0,0.9433759402071946,1.0,0.0,0.0,6.0140625,0.0,0.0,0.05662405979280534,0.0,0.0,0.05662405979280534,0.0,0.0,0.05662405979280534,1.0,0.9433759402071946,1.0,,,0,0,0,0.0,0.0,0.05662405979280534,0.0,0.0,0.05662405979280534,0.0,0.0,0.05662405979280534,1.0,0.9433759402071946,1.0,,,0,0,0
larger_population,mainland,0.75,0.0,0.7,neutral,10,64,64,0.0,0.0,0.05662405979280534,119.09375,8.28287457859421,8.334375000000001,0.0,0.0,0.05662405979280534,0.0,0.0,0.05662405979280534,1.0,0.9433759402071946,1.0,0.0,0.0,0.05662405979280534,0.0003431118748112149,0.0008277459617297502,0,64,0,0.015625,0.002763541923337505,0.08334101600094265,0.0,0.0,0.05662405979280534,0.984375,0.9166589839990573,0.9972364580766624,0.0,0.0,0.05662405979280534,0.00041191034296734954,0.000913802083957914,0,63,1
larger_population,mainland,0.75,0.0,0.7,neutral,40,64,28,0.5625,0.4408620895699301,0.6770599029559693,29.1875,7.7664276416826326,7.0625,0.0625,0.024571201396618017,0.14997485092208662,0.03125,0.008612138346171874,0.10697291770958313,0.34375,0.23923142078443355,0.46596359790081815,0.5625,0.4408620895699301,0.6770599029559693,0.003620153472663356,0.003989664796567433,2,22,4,0.03125,0.008612138346171874,0.10697291770958313,0.0625,0.024571201396618017,0.14997485092208662,0.34375,0.23923142078443355,0.46596359790081815,0.5625,0.4408620895699301,0.6770599029559693,-0.007045810877773728,0.003877381671452777,4,22,2
larger_population,mainland,0.75,0.0,0.7,neutral,50,64,18,0.71875,0.5986606971779259,0.8140662766627217,23.46875,7.619223311078847,6.92,0.03125,0.008612138346171874,0.10697291770958313,0.0625,0.024571201396618017,0.14997485092208662,0.1875,0.11064643172948806,0.29974360564101526,0.71875,0.5986606971779259,0.8140662766627217,-0.0042583086716475775,0.006605287693099857,4,12,2,0.03125,0.008612138346171874,0.10697291770958313,0.078125,0.03383117690855046,0.17019537354162906,0.171875,0.09877742301244645,0.282132116226582,0.71875,0.5986606971779259,0.8140662766627217,-0.010779881647014815,0.006243627846448339,5,11,2
larger_population,mainland,0.75,0.0,0.7,neutral,100,64,2,0.96875,0.8930270822904169,0.9913878616538281,0.6875,0.531206230689936,6.5346875,0.0,0.0,0.05662405979280534,0.0,0.0,0.05662405979280534,0.03125,0.008612138346171874,0.10697291770958313,0.96875,0.8930270822904169,0.9913878616538281,0.006932630127508332,0.008080889910574207,0,2,0,0.015625,0.002763541923337505,0.08334101600094265,0.0,0.0,0.05662405979280534,0.015625,0.002763541923337505,0.08334101600094265,0.96875,0.8930270822904169,0.9913878616538281,0.013894879931675208,0.007504830246670923,0,1,1
larger_population,mainland,0.75,0.0,0.7,neutral,200,64,0,1.0,0.9433759402071946,1.0,0.0,0.0,6.255546875,0.0,0.0,0.05662405979280534,0.0,0.0,0.05662405979280534,0.0,0.0,0.05662405979280534,1.0,0.9433759402071946,1.0,,,0,0,0,0.0,0.0,0.05662405979280534,0.0,0.0,0.05662405979280534,0.0,0.0,0.05662405979280534,1.0,0.9433759402071946,1.0,,,0,0,0
larger_population,mainland,0.75,0.0,0.7,neutral,400,64,0,1.0,0.9433759402071946,1.0,0.0,0.0,6.0140625,0.0,0.0,0.05662405979280534,0.0,0.0,0.05662405979280534,0.0,0.0,0.05662405979280534,1.0,0.9433759402071946,1.0,,,0,0,0,0.0,0.0,0.05662405979280534,0.0,0.0,0.05662405979280534,0.0,0.0,0.05662405979280534,1.0,0.9433759402071946,1.0,,,0,0,0
larger_population,mainland,0.75,0.0,0.7,selected,10,64,64,0.0,0.0,0.05662405979280534,118.53125,8.281235025443184,8.334375000000001,0.0,0.0,0.05662405979280534,0.0,0.0,0.05662405979280534,1.0,0.9433759402071946,1.0,0.0,0.0,0.05662405979280534,0.00038016803479280596,0.0010318858421674143,0,64,0,0.015625,0.002763541923337505,0.08334101600094265,0.0,0.0,0.05662405979280534,0.984375,0.9166589839990573,0.9972364580766624,0.0,0.0,0.05662405979280534,0.003613974650462708,0.000861393051449813,0,63,1
larger_population,mainland,0.75,0.0,0.7,selected,40,64,28,0.5625,0.4408620895699301,0.6770599029559693,39.265625,8.931819628649038,7.0625,0.171875,0.09877742301244645,0.282132116226582,0.078125,0.03383117690855046,0.17019537354162906,0.1875,0.11064643172948806,0.29974360564101526,0.5625,0.4408620895699301,0.6770599029559693,0.006099797715957196,0.005891404514640866,5,12,11,0.203125,0.12273417819183653,0.3171363573101416,0.0,0.0,0.05662405979280534,0.234375,0.1474989559392414,0.35133257582568644,0.5625,0.4408620895699301,0.6770599029559693,0.022341031205137658,0.0038327910215005326,0,15,13
larger_population,mainland,0.75,0.0,0.7,selected,50,64,21,0.671875,0.549991058490915,0.7742944209553081,31.140625,8.593350234208302,6.92,0.171875,0.09877742301244645,0.282132116226582,0.0625,0.024571201396618017,0.14997485092208662,0.09375,0.04367825258519838,0.18982879599645597,0.671875,0.549991058490915,0.7742944209553081,0.015622874271813837,0.00617706787275062,4,6,11,0.15625,0.08714842338206585,0.2642806177254878,0.03125,0.008612138346171874,0.10697291770958313,0.140625,0.0757857255603086,0.24616281741577023,0.671875,0.549991058490915,0.7742944209553081,0.012949459737465717,0.006494885423480998,2,9,10
larger_population,mainland,0.75,0.0,0.7,selected,100,64,2,0.96875,0.8930270822904169,0.9913878616538281,2.953125,2.769002679134416,6.5346875,0.03125,0.008612138346171874,0.10697291770958313,0.0,0.0,0.05662405979280534,0.0,0.0,0.05662405979280534,0.96875,0.8930270822904169,0.9913878616538281,0.04376957334045217,0.01895189231192018,0,0,2,0.03125,0.008612138346171874,0.10697291770958313,0.0,0.0,0.05662405979280534,0.0,0.0,0.05662405979280534,0.96875,0.8930270822904169,0.9913878616538281,0.04231386654854241,0.005864686124196494,0,0,2
larger_population,mainland,0.75,0.0,0.7,selected,200,64,0,1.0,0.9433759402071946,1.0,0.0,0.0,6.255546875,0.0,0.0,0.05662405979280534,0.0,0.0,0.05662405979280534,0.0,0.0,0.05662405979280534,1.0,0.9433759402071946,1.0,,,0,0,0,0.0,0.0,0.05662405979280534,0.0,0.0,0.05662405979280534,0.0,0.0,0.05662405979280534,1.0,0.9433759402071946,1.0,,,0,0,0
larger_population,mainland,0.75,0.0,0.7,selected,400,64,0,1.0,0.9433759402071946,1.0,0.0,0.0,6.0140625,0.0,0.0,0.05662405979280534,0.0,0.0,0.05662405979280534,0.0,0.0,0.05662405979280534,1.0,0.9433759402071946,1.0,,,0,0,0,0.0,0.0,0.05662405979280534,0.0,0.0,0.05662405979280534,0.0,0.0,0.05662405979280534,1.0,0.9433759402071946,1.0,,,0,0,0
larger_population,mainland,0.75,0.5,0.3,neutral,10,64,64,0.0,0.0,0.05662405979280534,192.0,0.0,8.334375000000001,0.0,0.0,0.05662405979280534,0.0,0.0,0.05662405979280534,1.0,0.9433759402071946,1.0,0.0,0.0,0.05662405979280534,0.00022901430906640576,0.0009578384381919047,0,64,0,0.0,0.0,0.05662405979280534,0.0,0.0,0.05662405979280534,1.0,0.9433759402071946,1.0,0.0,0.0,0.05662405979280534,-0.0020281899869244915,0.0008146484655118416,0,64,0
larger_population,mainland,0.75,0.5,0.3,neutral,40,64,64,0.0,0.0,0.05662405979280534,192.0,0.0,7.0625,0.0625,0.024571201396618017,0.14997485092208662,0.0625,0.024571201396618017,0.14997485092208662,0.875,0.7722543817887005,0.9352775733666955,0.0,0.0,0.05662405979280534,0.00167715106519652,0.0019329734574872759,4,56,4,0.078125,0.03383117690855046,0.17019537354162906,0.125,0.06472242663330453,0.22774561821129946,0.796875,0.6828636426898583,0.8772658218081634,0.0,0.0,0.05662405979280534,-0.0017722538497661668,0.0018823289265871054,8,51,5
larger_population,mainland,0.75,0.5,0.3,neutral,50,64,64,0.0,0.0,0.05662405979280534,192.0,0.0,6.92,0.140625,0.0757857255603086,0.24616281741577023,0.09375,0.04367825258519838,0.18982879599645597,0.765625,0.6486674241743136,0.8525010440607586,0.0,0.0,0.05662405979280534,0.001524318406905421,0.0021327146676868376,6,49,9,0.0625,0.024571201396618017,0.14997485092208662,0.140625,0.0757857255603086,0.24616281741577023,0.796875,0.6828636426898583,0.8772658218081634,0.0,0.0,0.05662405979280534,-0.0026834154733312975,0.002060573099734548,9,51,4
larger_population,mainland,0.75,0.5,0.3,neutral,100,64,64,0.0,0.0,0.05662405979280534,192.0,0.0,6.5346875,0.234375,0.1474989559392414,0.35133257582568644,0.25,0.16014926530970577,0.36816276458669694,0.515625,0.39581601478580125,0.6336644833456737,0.0,0.0,0.05662405979280534,0.0017525351403590828,0.003273414161440913,16,33,15,0.203125,0.12273417819183653,0.3171363573101416,0.203125,0.12273417819183653,0.3171363573101416,0.59375,0.4714520812860451,0.7054309075028039,0.0,0.0,0.05662405979280534,-0.0001899973716443697,0.0026899717492772485,13,38,13
larger_population,mainland,0.75,0.5,0.3,neutral,200,64,64,0.0,0.0,0.05662405979280534,192.0,0.0,6.255546875,0.34375,0.23923142078443355,0.46596359790081815,0.203125,0.12273417819183653,0.3171363573101416,0.453125,0.3372944778061167,0.5742640277994588,0.0,0.0,0.05662405979280534,0.004172596116053948,0.003809114815182829,13,29,22,0.21875,0.13502319406719474,0.3343278395662582,0.34375,0.23923142078443355,0.46596359790081815,0.4375,0.3229400970440308,0.5591379104300699,0.0,0.0,0.05662405979280534,-0.0028944333874265007,0.0037597207545495815,22,28,14
larger_population,mainland,0.75,0.5,0.3,neutral,400,64,64,0.0,0.0,0.05662405979280534,192.0,0.0,6.0140625,0.375,0.2666598017882464,0.497496213159955,0.328125,0.22570557904469185,0.45000894150908505,0.296875,0.19905151325539794,0.41770201103542925,0.0,0.0,0.05662405979280534,0.0020963266443395903,0.005197217891018777,21,19,24,0.3125,0.21231066539482046,0.4339233570274815,0.28125,0.18593372333727837,0.40133930282207403,0.40625,0.2945690924971961,0.5285479187139549,0.0,0.0,0.05662405979280534,-0.002935759817334774,0.004975777288798334,18,26,20
larger_population,mainland,0.75,0.5,0.3,selected,10,64,64,0.0,0.0,0.05662405979280534,192.0,0.0,8.334375000000001,0.0,0.0,0.05662405979280534,0.0,0.0,0.05662405979280534,1.0,0.9433759402071946,1.0,0.0,0.0,0.05662405979280534,-0.0003171539308452617,0.000836305718026016,0,64,0,0.0,0.0,0.05662405979280534,0.0,0.0,0.05662405979280534,1.0,0.9433759402071946,1.0,0.0,0.0,0.05662405979280534,-0.0015542831143357154,0.000816351669840765,0,64,0
larger_population,mainland,0.75,0.5,0.3,selected,40,64,64,0.0,0.0,0.05662405979280534,192.0,0.0,7.0625,0.125,0.06472242663330453,0.22774561821129946,0.140625,0.0757857255603086,0.24616281741577023,0.734375,0.6151712627143486,0.8270362092577739,0.0,0.0,0.05662405979280534,0.00028673518556669286,0.0021854242046110894,9,47,8,0.03125,0.008612138346171874,0.10697291770958313,0.203125,0.12273417819183653,0.3171363573101416,0.765625,0.6486674241743136,0.8525010440607586,0.0,0.0,0.05662405979280534,-0.0042608735584569535,0.0019813691223827708,13,49,2
larger_population,mainland,0.75,0.5,0.3,selected,50,64,64,0.0,0.0,0.05662405979280534,192.0,0.0,6.92,0.15625,0.08714842338206585,0.2642806177254878,0.109375,0.05400113344416797,0.20898641326896122,0.734375,0.6151712627143486,0.8270362092577739,0.0,0.0,0.05662405979280534,0.00025700881025409947,0.0023013165903833757,7,47,10,0.0625,0.024571201396618017,0.14997485092208662,0.171875,0.09877742301244645,0.282132116226582,0.765625,0.6486674241743136,0.8525010440607586,0.0,0.0,0.05662405979280534,-0.004164485270949965,0.0021166159885153864,11,49,4
larger_population,mainland,0.75,0.5,0.3,selected,100,64,64,0.0,0.0,0.05662405979280534,192.0,0.0,6.5346875,0.25,0.16014926530970577,0.36816276458669694,0.34375,0.23923142078443355,0.46596359790081815,0.40625,0.2945690924971961,0.5285479187139549,0.0,0.0,0.05662405979280534,-0.0030213727184125617,0.003373888026739602,22,26,16,0.171875,0.09877742301244645,0.282132116226582,0.25,0.16014926530970577,0.36816276458669694,0.578125,0.456100315400829,0.6913021752565451,0.0,0.0,0.05662405979280534,-0.004451802589856441,0.0029455944210683973,16,37,11
larger_population,mainland,0.75,0.5,0.3,selected,200,64,64,0.0,0.0,0.05662405979280534,192.0,0.0,6.255546875,0.28125,0.18593372333727837,0.40133930282207403,0.390625,0.2805556918824008,0.5130808211972754,0.328125,0.22570557904469185,0.45000894150908505,0.0,0.0,0.05662405979280534,-0.006592042868317308,0.004546379890075914,25,21,18,0.203125,0.12273417819183653,0.3171363573101416,0.328125,0.22570557904469185,0.45000894150908505,0.46875,0.35175987425176036,0.5892791294852899,0.0,0.0,0.05662405979280534,-0.00286449420894282,0.003680365667195339,21,30,13
larger_population,mainland,0.75,0.5,0.3,selected,400,64,64,0.0,0.0,0.05662405979280534,192.0,0.0,6.0140625,0.34375,0.23923142078443355,0.46596359790081815,0.359375,0.25288402291451745,0.48179149390220904,0.296875,0.19905151325539794,0.41770201103542925,0.0,0.0,0.05662405979280534,-0.003972872759290485,0.005759523665167637,23,19,22,0.21875,0.13502319406719474,0.3343278395662582,0.34375,0.23923142078443355,0.46596359790081815,0.4375,0.3229400970440308,0.5591379104300699,0.0,0.0,0.05662405979280534,-0.0067220605267347315,0.004918538735694254,22,28,14
larger_population,mainland,0.75,0.5,0.7,neutral,10,64,64,0.0,0.0,0.05662405979280534,192.0,0.0,8.334375000000001,0.0,0.0,0.05662405979280534,0.0,0.0,0.05662405979280534,1.0,0.9433759402071946,1.0,0.0,0.0,0.05662405979280534,0.0012235266166437317,0.0009999950139437791,0,64,0,0.0,0.0,0.05662405979280534,0.0,0.0,0.05662405979280534,1.0,0.9433759402071946,1.0,0.0,0.0,0.05662405979280534,-0.0017521159743631417,0.000910974887683503,0,64,0
larger_population,mainland,0.75,0.5,0.7,neutral,40,64,64,0.0,0.0,0.05662405979280534,192.0,0.0,7.0625,0.109375,0.05400113344416797,0.20898641326896122,0.0625,0.024571201396618017,0.14997485092208662,0.828125,0.7178678837734179,0.9012225769875536,0.0,0.0,0.05662405979280534,0.002109833321052426,0.0019478328384163054,4,53,7,0.0625,0.024571201396618017,0.14997485092208662,0.109375,0.05400113344416797,0.20898641326896122,0.828125,0.7178678837734179,0.9012225769875536,0.0,0.0,0.05662405979280534,-0.0013908521804798755,0.001832176579579141,7,53,4
larger_population,mainland,0.75,0.5,0.7,neutral,50,64,64,0.0,0.0,0.05662405979280534,192.0,0.0,6.92,0.125,0.06472242663330453,0.22774561821129946,0.109375,0.05400113344416797,0.20898641326896122,0.765625,0.6486674241743136,0.8525010440607586,0.0,0.0,0.05662405979280534,0.00026426172082719655,0.0020648254109433637,7,49,8,0.0625,0.024571201396618017,0.14997485092208662,0.140625,0.0757857255603086,0.24616281741577023,0.796875,0.6828636426898583,0.8772658218081634,0.0,0.0,0.05662405979280534,-0.003326526838714822,0.0019227533452842872,9,51,4
larger_population,mainland,0.75,0.5,0.7,neutral,100,64,64,0.0,0.0,0.05662405979280534,192.0,0.0,6.5346875,0.1875,0.11064643172948806,0.29974360564101526,0.140625,0.0757857255603086,0.24616281741577023,0.671875,0.549991058490915,0.7742944209553081,0.0,0.0,0.05662405979280534,0.002653609990319241,0.002670367647557772,9,43,12,0.203125,0.12273417819183653,0.3171363573101416,0.234375,0.1474989559392414,0.35133257582568644,0.5625,0.4408620895699301,0.6770599029559693,0.0,0.0,0.05662405979280534,-0.002560780829177752,0.0030009904204377994,15,36,13
larger_population,mainland,0.75,0.5,0.7,neutral,200,64,64,0.0,0.0,0.05662405979280534,192.0,0.0,6.255546875,0.21875,0.13502319406719474,0.3343278395662582,0.1875,0.11064643172948806,0.29974360564101526,0.59375,0.4714520812860451,0.7054309075028039,0.0,0.0,0.05662405979280534,4.12698681988722e-05,0.003690408537027265,12,38,14,0.296875,0.19905151325539794,0.41770201103542925,0.296875,0.19905151325539794,0.41770201103542925,0.40625,0.2945690924971961,0.5285479187139549,0.0,0.0,0.05662405979280534,0.0012231993761683086,0.004239203032075566,19,26,19
larger_population,mainland,0.75,0.5,0.7,neutral,400,64,64,0.0,0.0,0.05662405979280534,192.0,0.0,6.0140625,0.3125,0.21231066539482046,0.4339233570274815,0.296875,0.19905151325539794,0.41770201103542925,0.390625,0.2805556918824008,0.5130808211972754,0.0,0.0,0.05662405979280534,-0.0018233913228536437,0.004615814644221328,19,25,20,0.453125,0.3372944778061167,0.5742640277994588,0.28125,0.18593372333727837,0.40133930282207403,0.265625,0.17296379074222612,0.38482873728565137,0.0,0.0,0.05662405979280534,0.008100509250494273,0.005123372845554489,18,17,29
larger_population,mainland,0.75,0.5,0.7,selected,10,64,64,0.0,0.0,0.05662405979280534,192.0,0.0,8.334375000000001,0.015625,0.002763541923337505,0.08334101600094265,0.0,0.0,0.05662405979280534,0.984375,0.9166589839990573,0.9972364580766624,0.0,0.0,0.05662405979280534,0.0006636338619442437,0.0010440236095350173,0,63,1,0.0,0.0,0.05662405979280534,0.0,0.0,0.05662405979280534,1.0,0.9433759402071946,1.0,0.0,0.0,0.05662405979280534,-0.0016222237933034393,0.0008248497684424369,0,64,0
larger_population,mainland,0.75,0.5,0.7,selected,40,64,64,0.0,0.0,0.05662405979280534,192.0,0.0,7.0625,0.234375,0.1474989559392414,0.35133257582568644,0.078125,0.03383117690855046,0.17019537354162906,0.6875,0.5660766429725185,0.7876893346051795,0.0,0.0,0.05662405979280534,0.004014841805814778,0.0022828372020418136,5,44,15,0.0625,0.024571201396618017,0.14997485092208662,0.0625,0.024571201396618017,0.14997485092208662,0.875,0.7722543817887005,0.9352775733666955,0.0,0.0,0.05662405979280534,0.0008071552287848447,0.0017898751201511987,4,56,4
larger_population,mainland,0.75,0.5,0.7,selected,50,64,64,0.0,0.0,0.05662405979280534,192.0,0.0,6.92,0.234375,0.1474989559392414,0.35133257582568644,0.109375,0.05400113344416797,0.20898641326896122,0.65625,0.5340364020991819,0.7607685792155665,0.0,0.0,0.05662405979280534,0.004509290464085342,0.002542968974586369,7,42,15,0.125,0.06472242663330453,0.22774561821129946,0.078125,0.03383117690855046,0.17019537354162906,0.796875,0.6828636426898583,0.8772658218081634,0.0,0.0,0.05662405979280534,0.001445281589845286,0.0020427557682866433,5,51,8
larger_population,mainland,0.75,0.5,0.7,selected,100,64,64,0.0,0.0,0.05662405979280534,192.0,0.0,6.5346875,0.34375,0.23923142078443355,0.46596359790081815,0.15625,0.08714842338206585,0.2642806177254878,0.5,0.3810209474394701,0.6189790525605299,0.0,0.0,0.05662405979280534,0.008089068238633281,0.0036130809628839365,10,32,22,0.203125,0.12273417819183653,0.3171363573101416,0.171875,0.09877742301244645,0.282132116226582,0.625,0.502503786840045,0.7333401982117536,0.0,0.0,0.05662405979280534,-0.0007579673386396641,0.00290307539020301,11,40,13
larger_population,mainland,0.75,0.5,0.7,selected,200,64,64,0.0,0.0,0.05662405979280534,192.0,0.0,6.255546875,0.3125,0.21231066539482046,0.4339233570274815,0.265625,0.17296379074222612,0.38482873728565137,0.421875,0.30869782474345486,0.5438996845991709,0.0,0.0,0.05662405979280534,0.002652153364838575,0.004658577724913008,17,27,20,0.25,0.16014926530970577,0.36816276458669694,0.328125,0.22570557904469185,0.45000894150908505,0.421875,0.30869782474345486,0.5438996845991709,0.0,0.0,0.05662405979280534,-0.005574873308712197,0.003845673408276675,21,27,16
larger_population,mainland,0.75,0.5,0.7,selected,400,64,64,0.0,0.0,0.05662405979280534,192.0,0.0,6.0140625,0.375,0.2666598017882464,0.497496213159955,0.265625,0.17296379074222612,0.38482873728565137,0.359375,0.25288402291451745,0.48179149390220904,0.0,0.0,0.05662405979280534,0.0010124969362435808,0.0056718018952559126,17,23,24,0.25,0.16014926530970577,0.36816276458669694,0.375,0.2666598017882464,0.497496213159955,0.375,0.2666598017882464,0.497496213159955,0.0,0.0,0.05662405979280534,-0.009610101314454236,0.004917545295648337,24,24,16
primary,activity_only,0.0,0.0,0.3,fixed,10,256,171,0.33203125,0.2771993280647148,0.3918296237033514,30.19921875,1.405155292010562,8.490234375,0.0,0.0,0.01478385642587143,0.0,0.0,0.01478385642587143,0.66796875,0.6081703762966486,0.7228006719352853,0.33203125,0.2771993280647148,0.3918296237033514,6.817158923136926e-18,5.51010895473102e-18,0,171,0,0.0,0.0,0.01478385642587143,0.0,0.0,0.01478385642587143,0.66796875,0.6081703762966486,0.7228006719352853,0.33203125,0.2771993280647148,0.3918296237033514,5.518652461587035e-18,9.21632929954536e-18,0,171,0
primary,activity_only,0.0,0.0,0.3,fixed,40,256,97,0.62109375,0.5602917977137302,0.678315237058129,17.40625,1.4253254164899176,7.18935546875,0.0,0.0,0.01478385642587143,0.0,0.0,0.01478385642587143,0.37890625,0.32168476294187087,0.43970820228626983,0.62109375,0.5602917977137302,0.678315237058129,7.43963882480775e-18,7.02792583053511e-18,0,97,0,0.0,0.0,0.01478385642587143,0.0,0.0,0.01478385642587143,0.37890625,0.32168476294187087,0.43970820228626983,0.62109375,0.5602917977137302,0.678315237058129,-1.0301038372810731e-17,1.177035002719026e-17,0,97,0
primary,activity_only,0.0,0.0,0.3,fixed,50,256,77,0.69921875,0.6404354133918495,0.7521116438134674,14.03515625,1.3534557915059957,7.036875,0.0,0.0,0.01478385642587143,0.0,0.0,0.01478385642587143,0.30078125,0.24788835618653265,0.35956458660815055,0.69921875,0.6404354133918495,0.7521116438134674,-1.4418480839287748e-18,5.3298619318650325e-18,0,77,0,0.0,0.0,0.01478385642587143,0.0,0.0,0.01478385642587143,0.30078125,0.24788835618653265,0.35956458660815055,0.69921875,0.6404354133918495,0.7521116438134674,-1.4418480839287746e-17,8.299282950138571e-18,0,77,0
primary,activity_only,0.0,0.0,0.3,fixed,100,256,25,0.90234375,0.8598151377544601,0.9329759777778466,4.578125,0.8763857855058836,6.67265625,0.0,0.0,0.01478385642587143,0.0,0.0,0.01478385642587143,0.09765625,0.06702402222215342,0.14018486224554,0.90234375,0.8598151377544601,0.9329759777778466,-6.661338147750939e-18,4.881615836846586e-18,0,25,0,0.0,0.0,0.01478385642587143,0.0,0.0,0.01478385642587143,0.09765625,0.06702402222215342,0.14018486224554,0.90234375,0.8598151377544601,0.9329759777778466,0.0,0.0,0,25,0
primary,activity_only,0.0,0.0,0.3,fixed,200,256,4,0.984375,0.9605207372908033,0.9939074017966336,0.75,0.3727875913107813,6.3741796875,0.0,0.0,0.01478385642587143,0.0,0.0,0.01478385642587143,0.015625,0.006092598203366294,0.039479262709196654,0.984375,0.9605207372908033,0.9939074017966336,0.0,0.0,0,4,0,0.0,0.0,0.01478385642587143,0.0,0.0,0.01478385642587143,0.015625,0.006092598203366294,0.039479262709196654,0.984375,0.9605207372908033,0.9939074017966336,0.0,0.0,0,4,0
primary,activity_only,0.0,0.0,0.3,fixed,400,256,0,1.0,0.9852161435741286,1.0,0.0,0.0,6.144931640625,0.0,0.0,0.01478385642587143,0.0,0.0,0.01478385642587143,0.0,0.0,0.01478385642587143,1.0,0.9852161435741286,1.0,,,0,0,0,0.0,0.0,0.01478385642587143,0.0,0.0,0.01478385642587143,0.0,0.0,0.01478385642587143,1.0,0.9852161435741286,1.0,,,0,0,0
primary,activity_only,0.0,0.0,0.3,neutral,10,256,167,0.34765625,0.29196088318828545,0.40785607306647226,29.421875,1.419189853104373,8.490234375,0.078125,0.05114064056843023,0.11758323829089878,0.0859375,0.05743557903626671,0.12668230206640807,0.48828125,0.4276765099686914,0.5492324866662899,0.34765625,0.29196088318828545,0.40785607306647226,-0.0002521482187724954,0.0012796663243178949,22,125,20,0.0859375,0.05743557903626671,0.12668230206640807,0.109375,0.07676405306596229,0.15353583476674978,0.45703125,0.3970936285540288,0.5182393591075696,0.34765625,0.29196088318828545,0.40785607306647226,-0.0020593691676449896,0.001502860902825428,28,117,22
primary,activity_only,0.0,0.0,0.3,neutral,40,256,91,0.64453125,0.5841561693914309,0.7006328721104657,16.015625,1.393150796082391,7.18935546875,0.10546875,0.07350191137657121,0.14910097533446798,0.10546875,0.07350191137657121,0.14910097533446798,0.14453125,0.10671067600593546,0.1928622219218325,0.64453125,0.5841561693914309,0.7006328721104657,3.209989658156939e-05,0.0031631584871810014,27,37,27,0.07421875,0.048026107191811204,0.11300077054584494,0.12890625,0.09328077992555084,0.17550411351552564,0.15234375,0.11348877125313496,0.20147812891797878,0.64453125,0.5841561693914309,0.7006328721104657,-0.007278030463270199,0.003698107049339286,33,39,19
primary,activity_only,0.0,0.0,0.3,neutral,50,256,68,0.734375,0.6770967582431306,0.7847233090572421,12.03515625,1.2802508873119682,7.036875,0.07421875,0.048026107191811204,0.11300077054584494,0.0546875,0.03285229140400938,0.08968958072528235,0.13671875,0.09997371828318014,0.1842051774012421,0.734375,0.6770967582431306,0.7847233090572421,0.003433876826623803,0.003453217889086184,14,35,19,0.0625,0.03883364112851165,0.09910223324412587,0.1015625,0.07025498422463894,0.14465090136472736,0.1015625,0.07025498422463894,0.14465090136472736,0.734375,0.6770967582431306,0.7847233090572421,-0.006367729951694477,0.004481010775543943,26,26,16
primary,activity_only,0.0,0.0,0.3,neutral,100,256,20,0.921875,0.8824167617091012,0.9488593594315697,3.73828125,0.8042422070688495,6.67265625,0.02734375,0.013307156355121155,0.05535570792246043,0.01171875,0.003993287123007758,0.033881572667882304,0.0390625,0.0213540358427329,0.07039983179986732,0.921875,0.8824167617091012,0.9488593594315697,0.0038336190146292482,0.007464460044093457,3,10,7,0.0234375,0.010784867555857603,0.0501809956000511,0.02734375,0.013307156355121155,0.05535570792246043,0.02734375,0.013307156355121155,0.05535570792246043,0.921875,0.8824167617091012,0.9488593594315697,-0.006034225641688404,0.00986625173609979,7,7,6
primary,activity_only,0.0,0.0,0.3,neutral,200,256,3,0.98828125,0.9661184273321177,0.9960067128769923,0.5625,0.3234834526179771,6.3741796875,0.00390625,0.0006898821669617927,0.021790975380582514,0.00390625,0.0006898821669617927,0.021790975380582514,0.00390625,0.0006898821669617927,0.021790975380582514,0.98828125,0.9661184273321177,0.9960067128769923,-0.011009827087786592,0.02476565100079489,1,1,1,0.0078125,0.002145090367681419,0.028032768301535768,0.0,0.0,0.01478385642587143,0.00390625,0.0006898821669617927,0.021790975380582514,0.98828125,0.9661184273321177,0.9960067128769923,0.047728390698303536,0.023585974770478108,0,1,2
primary,activity_only,0.0,0.0,0.3,neutral,400,256,0,1.0,0.9852161435741286,1.0,0.0,0.0,6.144931640625,0.0,0.0,0.01478385642587143,0.0,0.0,0.01478385642587143,0.0,0.0,0.01478385642587143,1.0,0.9852161435741286,1.0,,,0,0,0,0.0,0.0,0.01478385642587143,0.0,0.0,0.01478385642587143,0.0,0.0,0.01478385642587143,1.0,0.9852161435741286,1.0,,,0,0,0
primary,activity_only,0.0,0.0,0.3,selected,10,256,177,0.30859375,0.2551887425019035,0.36765820253612547,31.1171875,1.39453856601997,8.490234375,0.19140625,0.14791734057779737,0.24401957081004516,0.1875,0.14443796573655726,0.2398019445296124,0.3125,0.2588458887858718,0.37169805737383,0.30859375,0.2551887425019035,0.36765820253612547,0.0022713620189442974,0.002219910810150796,48,80,49,0.3125,0.2588458887858718,0.37169805737383,0.01953125,0.008370729784579391,0.04489813224965644,0.359375,0.30307650360756977,0.4198314560122066,0.30859375,0.2551887425019035,0.36765820253612547,0.017414696468731384,0.0014958061315077016,5,92,80
primary,activity_only,0.0,0.0,0.3,selected,40,256,113,0.55859375,0.49734573849859953,0.6181092783264936,20.48046875,1.4759089834978645,7.18935546875,0.16015625,0.12030547683153675,0.21005542558292273,0.18359375,0.14096616877647156,0.23557674036802523,0.09765625,0.06702402222215342,0.14018486224554,0.55859375,0.49734573849859953,0.6181092783264936,-0.0015180689336335906,0.004747786447951105,47,25,41,0.3828125,0.3254185065983358,0.4436714597514778,0.0078125,0.002145090367681419,0.028032768301535768,0.05078125,0.029913811386553534,0.08493105962106533,0.55859375,0.49734573849859953,0.6181092783264936,0.050422083066645175,0.0024702914884416932,2,13,98
primary,activity_only,0.0,0.0,0.3,selected,50,256,99,0.61328125,0.5523692568024001,0.6708437757261134,18.0,1.4443517441344798,7.036875,0.14453125,0.10671067600593546,0.1928622219218325,0.17578125,0.13404604842154846,0.22710285847960257,0.06640625,0.04187072285916844,0.10376215263514196,0.61328125,0.5523692568024001,0.6708437757261134,-0.0014682256258540414,0.005470941073396811,45,17,37,0.359375,0.30307650360756977,0.4198314560122066,0.00390625,0.0006898821669617927,0.021790975380582514,0.0234375,0.010784867555857603,0.0501809956000511,0.61328125,0.5523692568024001,0.6708437757261134,0.05673064604134849,0.002336647709503124,1,6,92
primary,activity_only,0.0,0.0,0.3,selected,100,256,50,0.8046875,0.7517702074567393,0.8485958800337453,9.1015625,1.1689361638394717,6.67265625,0.08203125,0.05427759190690546,0.12214328807409647,0.08984375,0.06061336726621258,0.1312015149581351,0.0234375,0.010784867555857603,0.0501809956000511,0.8046875,0.7517702074567393,0.8485958800337453,-0.0012185745490250189,0.009016954379636082,23,6,21,0.1953125,0.15140411996625466,0.24822979254326075,0.0,0.0,0.01478385642587143,0.0,0.0,0.01478385642587143,0.8046875,0.7517702074567393,0.8485958800337453,0.07298470229591275,0.0028476280448177377,0,0,50
primary,activity_only,0.0,0.0,0.3,selected,200,256,8,0.96875,0.9395583934922568,0.9840817411084887,1.5,0.5230003936563584,6.3741796875,0.015625,0.006092598203366294,0.039479262709196654,0.0078125,0.002145090367681419,0.028032768301535768,0.0078125,0.002145090367681419,0.028032768301535768,0.96875,0.9395583934922568,0.9840817411084887,0.026973706491264203,0.01551601204862953,2,2,4,0.03125,0.015918258891511296,0.06044160650774316,0.0,0.0,0.01478385642587143,0.0,0.0,0.01478385642587143,0.96875,0.9395583934922568,0.9840817411084887,0.07571581188655925,0.005519421698953842,0,0,8
primary,activity_only,0.0,0.0,0.3,selected,400,256,1,0.99609375,0.9782090246194175,0.9993101178330381,0.1875,0.1875,6.144931640625,0.00390625,0.0006898821669617927,0.021790975380582514,0.0,0.0,0.01478385642587143,0.0,0.0,0.01478385642587143,0.99609375,0.9782090246194175,0.9993101178330381,0.07421537381082638,,0,0,1,0.00390625,0.0006898821669617927,0.021790975380582514,0.0,0.0,0.01478385642587143,0.0,0.0,0.01478385642587143,0.99609375,0.9782090246194175,0.9993101178330381,0.06537534746485818,,0,0,1
primary,activity_only,0.0,0.0,0.7,fixed,10,256,180,0.296875,0.24424521529493903,0.35551072637807124,31.60546875,1.391518163511862,8.490234375,0.0,0.0,0.01478385642587143,0.0,0.0,0.01478385642587143,0.703125,0.6444892736219288,0.755754784705061,0.296875,0.24424521529493903,0.35551072637807124,0.0,7.968957410692997e-18,0,180,0,0.0,0.0,0.01478385642587143,0.0,0.0,0.01478385642587143,0.703125,0.6444892736219288,0.755754784705061,0.296875,0.24424521529493903,0.35551072637807124,1.1719020815487763e-17,8.389765396473302e-18,0,180,0
primary,activity_only,0.0,0.0,0.7,fixed,40,256,102,0.6015625,0.540515032751419,0.6596069964120759,17.94140625,1.4414859544757372,7.18935546875,0.0,0.0,0.01478385642587143,0.0,0.0,0.01478385642587143,0.3984375,0.3403930035879241,0.459484967248581,0.6015625,0.540515032751419,0.6596069964120759,-7.619177619976565e-18,1.1394717561401041e-17,0,102,0,0.0,0.0,0.01478385642587143,0.0,0.0,0.01478385642587143,0.3984375,0.3403930035879241,0.459484967248581,0.6015625,0.540515032751419,0.6596069964120759,-8.707631565687502e-18,8.978234544184098e-18,0,102,0
primary,activity_only,0.0,0.0,0.7,fixed,50,256,81,0.68359375,0.6242666601546496,0.7374923925639758,14.7734375,1.3758178237155196,7.036875,0.0,0.0,0.01478385642587143,0.0,0.0,0.01478385642587143,0.31640625,0.26250760743602425,0.37573333984535046,0.68359375,0.6242666601546496,0.7374923925639758,-1.0965165675310187e-17,1.1638388313634722e-17,0,81,0,0.0,0.0,0.01478385642587143,0.0,0.0,0.01478385642587143,0.31640625,0.26250760743602425,0.37573333984535046,0.68359375,0.6242666601546496,0.7374923925639758,1.0965165675310187e-17,1.2390421152573391e-17,0,81,0
primary,activity_only,0.0,0.0,0.7,fixed,100,256,31,0.87890625,0.8332442794764335,0.9133648293258357,5.6015625,0.9576299585354885,6.67265625,0.0,0.0,0.01478385642587143,0.0,0.0,0.01478385642587143,0.12109375,0.08663517067416432,0.1667557205235664,0.87890625,0.8332442794764335,0.9133648293258357,3.581364595565021e-18,3.5813645955650225e-18,0,31,0,0.0,0.0,0.01478385642587143,0.0,0.0,0.01478385642587143,0.12109375,0.08663517067416432,0.1667557205235664,0.87890625,0.8332442794764335,0.9133648293258357,2.1488187573390126e-17,1.3785540270938435e-17,0,31,0
primary,activity_only,0.0,0.0,0.7,fixed,200,256,4,0.984375,0.9605207372908033,0.9939074017966336,0.75,0.3727875913107813,6.3741796875,0.0,0.0,0.01478385642587143,0.0,0.0,0.01478385642587143,0.015625,0.006092598203366294,0.039479262709196654,0.984375,0.9605207372908033,0.9939074017966336,0.0,0.0,0,4,0,0.0,0.0,0.01478385642587143,0.0,0.0,0.01478385642587143,0.015625,0.006092598203366294,0.039479262709196654,0.984375,0.9605207372908033,0.9939074017966336,0.0,0.0,0,4,0
primary,activity_only,0.0,0.0,0.7,fixed,400,256,0,1.0,0.9852161435741286,1.0,0.0,0.0,6.144931640625,0.0,0.0,0.01478385642587143,0.0,0.0,0.01478385642587143,0.0,0.0,0.01478385642587143,1.0,0.9852161435741286,1.0,,,0,0,0,0.0,0.0,0.01478385642587143,0.0,0.0,0.01478385642587143,0.0,0.0,0.01478385642587143,1.0,0.9852161435741286,1.0,,,0,0,0
primary,activity_only,0.0,0.0,0.7,neutral,10,256,175,0.31640625,0.26250760743602425,0.37573333984535046,30.7890625,1.4057208120588063,8.490234375,0.07421875,0.048026107191811204,0.11300077054584494,0.09375,0.0638098481830768,0.13570203516294374,0.515625,0.4546288138005892,0.5761591906861023,0.31640625,0.26250760743602425,0.37573333984535046,-0.0012352356421027055,0.0013627760382182502,24,132,19,0.10546875,0.07350191137657121,0.14910097533446798,0.07421875,0.048026107191811204,0.11300077054584494,0.50390625,0.4430558870480185,0.5646411140736544,0.31640625,0.26250760743602425,0.37573333984535046,0.0011459626969028912,0.0014434214015085353,19,129,27
primary,activity_only,0.0,0.0,0.7,neutral,40,256,101,0.60546875,0.5444625238945793,0.6633565063905884,17.265625,1.411828192985022,7.18935546875,0.1171875,0.08333128838163656,0.16236260169442127,0.11328125,0.0800407222974869,0.15795616665689804,0.1640625,0.12372760124959209,0.21433030228654026,0.60546875,0.5444625238945793,0.6633565063905884,0.0009090959805805728,0.0031363095865497227,29,42,30,0.1484375,0.1100947469586396,0.19717515209080125,0.07421875,0.048026107191811204,0.11300077054584494,0.171875,0.13059812036467136,0.2228537854148068,0.60546875,0.5444625238945793,0.6633565063905884,0.009216415218641647,0.003453116895622166,19,44,38
primary,activity_only,0.0,0.0,0.7,neutral,50,256,79,0.69140625,0.6323417974638745,0.7448112574980965,14.05078125,1.3570030994150863,7.036875,0.1171875,0.08333128838163656,0.16236260169442127,0.09375,0.0638098481830768,0.13570203516294374,0.09765625,0.06702402222215342,0.14018486224554,0.69140625,0.6323417974638745,0.7448112574980965,0.002630363570015464,0.004355020661738933,24,25,30,0.125,0.08995183318684266,0.17113605913256094,0.0625,0.03883364112851165,0.09910223324412587,0.12109375,0.08663517067416432,0.1667557205235664,0.69140625,0.6323417974638745,0.7448112574980965,0.012077998433159346,0.004436868487166157,16,31,32
primary,activity_only,0.0,0.0,0.7,neutral,100,256,34,0.8671875,0.8201396562762842,0.9033784491609664,6.06640625,0.9839542253021951,6.67265625,0.05078125,0.029913811386553534,0.08493105962106533,0.03515625,0.018604096092635542,0.0654527704282918,0.046875,0.027014851001628076,0.0801330188843179,0.8671875,0.8201396562762842,0.9033784491609664,0.004659552924417319,0.008528676127824257,9,12,13,0.05859375,0.03582660763317509,0.09441226561778955,0.02734375,0.013307156355121155,0.05535570792246043,0.046875,0.027014851001628076,0.0801330188843179,0.8671875,0.8201396562762842,0.9033784491609664,0.008145942788113434,0.007458654965225269,7,12,15
primary,activity_only,0.0,0.0,0.7,neutral,200,256,4,0.984375,0.9605207372908033,0.9939074017966336,0.75,0.3727875913107813,6.3741796875,0.0078125,0.002145090367681419,0.028032768301535768,0.00390625,0.0006898821669617927,0.021790975380582514,0.00390625,0.0006898821669617927,0.021790975380582514,0.984375,0.9605207372908033,0.9939074017966336,0.006482165514622884,0.036964972514061355,1,1,2,0.0078125,0.002145090367681419,0.028032768301535768,0.0078125,0.002145090367681419,0.028032768301535768,0.0,0.0,0.01478385642587143,0.984375,0.9605207372908033,0.9939074017966336,-0.007389294594536577,0.027832980331448945,2,0,2
primary,activity_only,0.0,0.0,0.7,neutral,400,256,0,1.0,0.9852161435741286,1.0,0.0,0.0,6.144931640625,0.0,0.0,0.01478385642587143,0.0,0.0,0.01478385642587143,0.0,0.0,0.01478385642587143,1.0,0.9852161435741286,1.0,,,0,0,0,0.0,0.0,0.01478385642587143,0.0,0.0,0.01478385642587143,0.0,0.0,0.01478385642587143,1.0,0.9852161435741286,1.0,,,0,0,0
primary,activity_only,0.0,0.0,0.7,selected,10,256,187,0.26953125,0.2188800151092185,0.3269969187120816,33.06640625,1.3572487800043793,8.490234375,0.21875,0.1724715978199255,0.27334432141962717,0.1640625,0.12372760124959209,0.21433030228654026,0.34765625,0.29196088318828545,0.40785607306647226,0.26953125,0.2188800151092185,0.3269969187120816,0.0018288309768189192,0.0020945569587901905,42,89,56,0.32421875,0.2698445830530154,0.38379036647170506,0.01953125,0.008370729784579391,0.04489813224965644,0.38671875,0.3291562242738866,0.4476307431975999,0.26953125,0.2188800151092185,0.3269969187120816,0.01806323633222525,0.0014229111391605026,5,99,83
primary,activity_only,0.0,0.0,0.7,selected,40,256,127,0.50390625,0.4430558870480185,0.5646411140736544,22.3203125,1.4749425378004095,7.18935546875,0.2109375,0.16542210475657976,0.26499981223962715,0.17578125,0.13404604842154846,0.22710285847960257,0.109375,0.07676405306596229,0.15353583476674978,0.50390625,0.4430558870480185,0.5646411140736544,0.0006873964487980938,0.004929002229879315,45,28,54,0.44140625,0.38189072167350635,0.5026542615014005,0.0,0.0,0.01478385642587143,0.0546875,0.03285229140400938,0.08968958072528235,0.50390625,0.4430558870480185,0.5646411140736544,0.05240512548703836,0.0020941965540940033,0,14,113
primary,activity_only,0.0,0.0,0.7,selected,50,256,110,0.5703125,0.5090737118284735,0.6294723083616384,20.1953125,1.4783374213892373,7.036875,0.17578125,0.13404604842154846,0.22710285847960257,0.1640625,0.12372760124959209,0.21433030228654026,0.08984375,0.06061336726621258,0.1312015149581351,0.5703125,0.5090737118284735,0.6294723083616384,-0.0019375334791121614,0.005542038138494298,42,23,45,0.39453125,0.33664349360941154,0.45553747610542067,0.0,0.0,0.01478385642587143,0.03515625,0.018604096092635542,0.0654527704282918,0.5703125,0.5090737118284735,0.6294723083616384,0.056947933444007635,0.0023366118329205686,0,9,101
primary,activity_only,0.0,0.0,0.7,selected,100,256,49,0.80859375,0.7559804291899548,0.8520826594222026,9.0703125,1.170123998209447,6.67265625,0.07421875,0.048026107191811204,0.11300077054584494,0.07421875,0.048026107191811204,0.11300077054584494,0.04296875,0.024159813300607562,0.07529105546366555,0.80859375,0.7559804291899548,0.8520826594222026,-0.0017435777765873427,0.008919039414316232,19,11,19,0.1875,0.14443796573655726,0.2398019445296124,0.0,0.0,0.01478385642587143,0.00390625,0.0006898821669617927,0.021790975380582514,0.80859375,0.7559804291899548,0.8520826594222026,0.0711945567209856,0.00336714845717683,0,1,48
primary,activity_only,0.0,0.0,0.7,selected,200,256,7,0.97265625,0.9446442920775396,0.9866928436448789,1.3125,0.4902074140846193,6.3741796875,0.0078125,0.002145090367681419,0.028032768301535768,0.0078125,0.002145090367681419,0.028032768301535768,0.01171875,0.003993287123007758,0.033881572667882304,0.97265625,0.9446442920775396,0.9866928436448789,0.0023651397438033683,0.023997334957368686,2,3,2,0.02734375,0.013307156355121155,0.05535570792246043,0.0,0.0,0.01478385642587143,0.0,0.0,0.01478385642587143,0.97265625,0.9446442920775396,0.9866928436448789,0.08222719486493786,0.00930254443277416,0,0,7
primary,activity_only,0.0,0.0,0.7,selected,400,256,0,1.0,0.9852161435741286,1.0,0.0,0.0,6.144931640625,0.0,0.0,0.01478385642587143,0.0,0.0,0.01478385642587143,0.0,0.0,0.01478385642587143,1.0,0.9852161435741286,1.0,,,0,0,0,0.0,0.0,0.01478385642587143,0.0,0.0,0.01478385642587143,0.0,0.0,0.01478385642587143,1.0,0.9852161435741286,1.0,,,0,0,0
primary,activity_only,0.0,0.5,0.3,fixed,10,256,256,0.0,0.0,0.01478385642587143,48.0,0.0,8.490234375,0.0,0.0,0.01478385642587143,0.0,0.0,0.01478385642587143,1.0,0.9852161435741286,1.0,0.0,0.0,0.01478385642587143,0.0,0.0,0,256,0,0.0,0.0,0.01478385642587143,0.0,0.0,0.01478385642587143,1.0,0.9852161435741286,1.0,0.0,0.0,0.01478385642587143,0.0,0.0,0,256,0
primary,activity_only,0.0,0.5,0.3,fixed,40,256,256,0.0,0.0,0.01478385642587143,48.0,0.0,7.18935546875,0.0,0.0,0.01478385642587143,0.0,0.0,0.01478385642587143,1.0,0.9852161435741286,1.0,0.0,0.0,0.01478385642587143,0.0,0.0,0,256,0,0.0,0.0,0.01478385642587143,0.0,0.0,0.01478385642587143,1.0,0.9852161435741286,1.0,0.0,0.0,0.01478385642587143,0.0,0.0,0,256,0
primary,activity_only,0.0,0.5,0.3,fixed,50,256,256,0.0,0.0,0.01478385642587143,48.0,0.0,7.036875,0.0,0.0,0.01478385642587143,0.0,0.0,0.01478385642587143,1.0,0.9852161435741286,1.0,0.0,0.0,0.01478385642587143,0.0,0.0,0,256,0,0.0,0.0,0.01478385642587143,0.0,0.0,0.01478385642587143,1.0,0.9852161435741286,1.0,0.0,0.0,0.01478385642587143,0.0,0.0,0,256,0
primary,activity_only,0.0,0.5,0.3,fixed,100,256,256,0.0,0.0,0.01478385642587143,48.0,0.0,6.67265625,0.0,0.0,0.01478385642587143,0.0,0.0,0.01478385642587143,1.0,0.9852161435741286,1.0,0.0,0.0,0.01478385642587143,0.0,0.0,0,256,0,0.0,0.0,0.01478385642587143,0.0,0.0,0.01478385642587143,1.0,0.9852161435741286,1.0,0.0,0.0,0.01478385642587143,0.0,0.0,0,256,0
primary,activity_only,0.0,0.5,0.3,fixed,200,256,256,0.0,0.0,0.01478385642587143,48.0,0.0,6.3741796875,0.0,0.0,0.01478385642587143,0.0,0.0,0.01478385642587143,1.0,0.9852161435741286,1.0,0.0,0.0,0.01478385642587143,0.0,0.0,0,256,0,0.0,0.0,0.01478385642587143,0.0,0.0,0.01478385642587143,1.0,0.9852161435741286,1.0,0.0,0.0,0.01478385642587143,0.0,0.0,0,256,0
primary,activity_only,0.0,0.5,0.3,fixed,400,256,256,0.0,0.0,0.01478385642587143,48.0,0.0,6.144931640625,0.0,0.0,0.01478385642587143,0.0,0.0,0.01478385642587143,1.0,0.9852161435741286,1.0,0.0,0.0,0.01478385642587143,0.0,0.0,0,256,0,0.0,0.0,0.01478385642587143,0.0,0.0,0.01478385642587143,1.0,0.9852161435741286,1.0,0.0,0.0,0.01478385642587143,0.0,0.0,0,256,0
primary,activity_only,0.0,0.5,0.3,neutral,10,256,256,0.0,0.0,0.01478385642587143,48.0,0.0,8.490234375,0.16796875,0.12715856241588983,0.2185963422419154,0.16015625,0.12030547683153675,0.21005542558292273,0.671875,0.6121878040809798,0.7264802452726269,0.0,0.0,0.01478385642587143,0.00045951071793806696,0.0012515832058855516,41,172,43,0.14453125,0.10671067600593546,0.1928622219218325,0.140625,0.10333688392273097,0.18853901288336414,0.71484375,0.6566796990946451,0.7666553625973633,0.0,0.0,0.01478385642587143,0.0008637419988471106,0.0011658803787994289,36,183,37
primary,activity_only,0.0,0.5,0.3,neutral,40,256,256,0.0,0.0,0.01478385642587143,48.0,0.0,7.18935546875,0.33203125,0.2771993280647148,0.3918296237033514,0.3359375,0.280883264256863,0.395842688632876,0.33203125,0.2771993280647148,0.3918296237033514,0.0,0.0,0.01478385642587143,-0.0004316560610209062,0.00240971877076176,86,85,85,0.375,0.31795501653541774,0.43574094757105014,0.2734375,0.22248853918114145,0.33108539576183155,0.3515625,0.295661910800322,0.41185204657610863,0.0,0.0,0.01478385642587143,0.003065611699445391,0.0022786985190959333,70,90,96
primary,activity_only,0.0,0.5,0.3,neutral,50,256,256,0.0,0.0,0.01478385642587143,48.0,0.0,7.036875,0.33203125,0.2771993280647148,0.3918296237033514,0.34765625,0.29196088318828545,0.40785607306647226,0.3203125,0.26617385334096993,0.3797640950620776,0.0,0.0,0.01478385642587143,0.00016410477662271155,0.0024821132495810557,89,82,85,0.3984375,0.3403930035879241,0.459484967248581,0.24609375,0.19734067215723067,0.3023542549340322,0.35546875,0.29936712788953435,0.4158438306085691,0.0,0.0,0.01478385642587143,0.004182906321201885,0.0025217530365421407,63,91,102
primary,activity_only,0.0,0.5,0.3,neutral,100,256,256,0.0,0.0,0.01478385642587143,48.0,0.0,6.67265625,0.3828125,0.3254185065983358,0.4436714597514778,0.37109375,0.3142292916101357,0.43176967137465927,0.24609375,0.19734067215723067,0.3023542549340322,0.0,0.0,0.01478385642587143,0.00017991866595439248,0.0031938623825173394,95,63,98,0.4140625,0.3554297681158383,0.4752362072073583,0.3125,0.2588458887858718,0.37169805737383,0.2734375,0.22248853918114145,0.33108539576183155,0.0,0.0,0.01478385642587143,0.004711662671879069,0.0030095382373274754,80,70,106
primary,activity_only,0.0,0.5,0.3,neutral,200,256,256,0.0,0.0,0.01478385642587143,48.0,0.0,6.3741796875,0.40234375,0.3441464041785611,0.46342856777961694,0.38671875,0.3291562242738866,0.4476307431975999,0.2109375,0.16542210475657976,0.26499981223962715,0.0,0.0,0.01478385642587143,0.002338589683115052,0.0034917025578053377,99,54,103,0.4296875,0.37052769163836163,0.4909262881715265,0.33984375,0.28457152593543,0.39985142807598195,0.23046875,0.183093576056734,0.28581334654783735,0.0,0.0,0.01478385642587143,0.005624847356035951,0.003356640773716052,87,59,110
primary,activity_only,0.0,0.5,0.3,neutral,400,256,256,0.0,0.0,0.01478385642587143,48.0,0.0,6.144931640625,0.39453125,0.33664349360941154,0.45553747610542067,0.40234375,0.3441464041785611,0.46342856777961694,0.203125,0.15839924133131683,0.25662867342154433,0.0,0.0,0.01478385642587143,0.0018214836206660594,0.003590977879815158,103,52,101,0.4140625,0.3554297681158383,0.4752362072073583,0.36328125,0.3067900082905613,0.4238149524508879,0.22265625,0.17600601030365376,0.27750691005757183,0.0,0.0,0.01478385642587143,0.003891413244350805,0.003462410680547134,93,57,106
primary,activity_only,0.0,0.5,0.3,selected,10,256,256,0.0,0.0,0.01478385642587143,48.0,0.0,8.490234375,0.203125,0.15839924133131683,0.25662867342154433,0.20703125,0.16190727728556475,0.2608176385889693,0.58984375,0.5286958295312854,0.6483351962671908,0.0,0.0,0.01478385642587143,-0.00029516629116355976,0.0015342170171183688,53,151,52,0.20703125,0.16190727728556475,0.2608176385889693,0.1171875,0.08333128838163656,0.16236260169442127,0.67578125,0.6162096335282949,0.7301554169469846,0.0,0.0,0.01478385642587143,0.004156363716657936,0.0012424104237023675,30,173,53
primary,activity_only,0.0,0.5,0.3,selected,40,256,256,0.0,0.0,0.01478385642587143,48.0,0.0,7.18935546875,0.33984375,0.28457152593543,0.39985142807598195,0.3671875,0.3105076134241139,0.4277943484390082,0.29296875,0.240606845197983,0.3514520953533543,0.0,0.0,0.01478385642587143,-0.0018516242685084462,0.00292954424746387,94,75,87,0.48828125,0.4276765099686914,0.5492324866662899,0.1875,0.14443796573655726,0.2398019445296124,0.32421875,0.2698445830530154,0.38379036647170506,0.0,0.0,0.01478385642587143,0.014667219124924594,0.002418476707061875,48,83,125
primary,activity_only,0.0,0.5,0.3,selected,50,256,256,0.0,0.0,0.01478385642587143,48.0,0.0,7.036875,0.375,0.31795501653541774,0.43574094757105014,0.40625,0.34790367679855766,0.4673682962812932,0.21875,0.1724715978199255,0.27334432141962717,0.0,0.0,0.01478385642587143,-0.001985156781647548,0.0031088979080284777,104,56,96,0.49609375,0.43535888592634564,0.5569441129519814,0.19921875,0.15489813913670408,0.2524327744944842,0.3046875,0.25153621542356636,0.36361372849278967,0.0,0.0,0.01478385642587143,0.01564169575327514,0.002579634838135263,51,78,127
primary,activity_only,0.0,0.5,0.3,selected,100,256,256,0.0,0.0,0.01478385642587143,48.0,0.0,6.67265625,0.3828125,0.3254185065983358,0.4436714597514778,0.43359375,0.37431161888417475,0.4948393620473863,0.18359375,0.14096616877647156,0.23557674036802523,0.0,0.0,0.01478385642587143,-0.0027452236423032624,0.0034399292995172274,111,47,98,0.51953125,0.4584937753463775,0.5799912302619868,0.2421875,0.19377015335079256,0.2982277726187974,0.23828125,0.1902054003663705,0.2940955244815466,0.0,0.0,0.01478385642587143,0.0190325904814368,0.0030615528185144163,62,61,133
primary,activity_only,0.0,0.5,0.3,selected,200,256,256,0.0,0.0,0.01478385642587143,48.0,0.0,6.3741796875,0.3828125,0.3254185065983358,0.4436714597514778,0.44140625,0.38189072167350635,0.5026542615014005,0.17578125,0.13404604842154846,0.22710285847960257,0.0,0.0,0.01478385642587143,-0.003994258234204429,0.0035158493704122856,113,45,98,0.5859375,0.5247637927926416,0.6445702318841617,0.23828125,0.1902054003663705,0.2940955244815466,0.17578125,0.13404604842154846,0.22710285847960257,0.0,0.0,0.01478385642587143,0.024290287678741626,0.0032632691438113145,61,45,150
primary,activity_only,0.0,0.5,0.3,selected,400,256,256,0.0,0.0,0.01478385642587143,48.0,0.0,6.144931640625,0.37890625,0.32168476294187087,0.43970820228626983,0.44140625,0.38189072167350635,0.5026542615014005,0.1796875,0.13750213221413665,0.23134377580868726,0.0,0.0,0.01478385642587143,-0.004143972703072488,0.0035342023765895137,113,46,97,0.578125,0.5169111683468876,0.63702885408657,0.25390625,0.20449864653192884,0.31059028280267975,0.16796875,0.12715856241588983,0.2185963422419154,0.0,0.0,0.01478385642587143,0.0241561897385935,0.0033494199128760345,65,43,148
primary,activity_only,0.0,0.5,0.7,fixed,10,256,256,0.0,0.0,0.01478385642587143,48.0,0.0,8.490234375,0.0,0.0,0.01478385642587143,0.0,0.0,0.01478385642587143,1.0,0.9852161435741286,1.0,0.0,0.0,0.01478385642587143,0.0,0.0,0,256,0,0.0,0.0,0.01478385642587143,0.0,0.0,0.01478385642587143,1.0,0.9852161435741286,1.0,0.0,0.0,0.01478385642587143,0.0,0.0,0,256,0
primary,activity_only,0.0,0.5,0.7,fixed,40,256,256,0.0,0.0,0.01478385642587143,48.0,0.0,7.18935546875,0.0,0.0,0.01478385642587143,0.0,0.0,0.01478385642587143,1.0,0.9852161435741286,1.0,0.0,0.0,0.01478385642587143,0.0,0.0,0,256,0,0.0,0.0,0.01478385642587143,0.0,0.0,0.01478385642587143,1.0,0.9852161435741286,1.0,0.0,0.0,0.01478385642587143,0.0,0.0,0,256,0
primary,activity_only,0.0,0.5,0.7,fixed,50,256,256,0.0,0.0,0.01478385642587143,48.0,0.0,7.036875,0.0,0.0,0.01478385642587143,0.0,0.0,0.01478385642587143,1.0,0.9852161435741286,1.0,0.0,0.0,0.01478385642587143,0.0,0.0,0,256,0,0.0,0.0,0.01478385642587143,0.0,0.0,0.01478385642587143,1.0,0.9852161435741286,1.0,0.0,0.0,0.01478385642587143,0.0,0.0,0,256,0
primary,activity_only,0.0,0.5,0.7,fixed,100,256,256,0.0,0.0,0.01478385642587143,48.0,0.0,6.67265625,0.0,0.0,0.01478385642587143,0.0,0.0,0.01478385642587143,1.0,0.9852161435741286,1.0,0.0,0.0,0.01478385642587143,0.0,0.0,0,256,0,0.0,0.0,0.01478385642587143,0.0,0.0,0.01478385642587143,1.0,0.9852161435741286,1.0,0.0,0.0,0.01478385642587143,0.0,0.0,0,256,0
primary,activity_only,0.0,0.5,0.7,fixed,200,256,256,0.0,0.0,0.01478385642587143,48.0,0.0,6.3741796875,0.0,0.0,0.01478385642587143,0.0,0.0,0.01478385642587143,1.0,0.9852161435741286,1.0,0.0,0.0,0.01478385642587143,0.0,0.0,0,256,0,0.0,0.0,0.01478385642587143,0.0,0.0,0.01478385642587143,1.0,0.9852161435741286,1.0,0.0,0.0,0.01478385642587143,0.0,0.0,0,256,0
primary,activity_only,0.0,0.5,0.7,fixed,400,256,256,0.0,0.0,0.01478385642587143,48.0,0.0,6.144931640625,0.0,0.0,0.01478385642587143,0.0,0.0,0.01478385642587143,1.0,0.9852161435741286,1.0,0.0,0.0,0.01478385642587143,0.0,0.0,0,256,0,0.0,0.0,0.01478385642587143,0.0,0.0,0.01478385642587143,1.0,0.9852161435741286,1.0,0.0,0.0,0.01478385642587143,0.0,0.0,0,256,0
primary,activity_only,0.0,0.5,0.7,neutral,10,256,256,0.0,0.0,0.01478385642587143,48.0,0.0,8.490234375,0.1328125,0.09662155083903351,0.17986034372371584,0.15625,0.11689244351430939,0.20577145777847722,0.7109375,0.6526113609415182,0.7630266996288174,0.0,0.0,0.01478385642587143,-0.0007388651989760318,0.0012535149465329324,40,182,34,0.17578125,0.13404604842154846,0.22710285847960257,0.13671875,0.09997371828318014,0.1842051774012421,0.6875,0.62830194262617,0.7411541112141282,0.0,0.0,0.01478385642587143,0.0012432581859859887,0.0012579028588795738,35,176,45
primary,activity_only,0.0,0.5,0.7,neutral,40,256,256,0.0,0.0,0.01478385642587143,48.0,0.0,7.18935546875,0.30859375,0.2551887425019035,0.36765820253612547,0.32421875,0.2698445830530154,0.38379036647170506,0.3671875,0.3105076134241139,0.4277943484390082,0.0,0.0,0.01478385642587143,-0.0009421829248715953,0.002200587825718175,83,94,79,0.3515625,0.295661910800322,0.41185204657610863,0.29296875,0.240606845197983,0.3514520953533543,0.35546875,0.29936712788953435,0.4158438306085691,0.0,0.0,0.01478385642587143,0.0011268385157320237,0.002462098963583187,75,91,90
primary,activity_only,0.0,0.5,0.7,neutral,50,256,256,0.0,0.0,0.01478385642587143,48.0,0.0,7.036875,0.31640625,0.26250760743602425,0.37573333984535046,0.32421875,0.2698445830530154,0.38379036647170506,0.359375,0.30307650360756977,0.4198314560122066,0.0,0.0,0.01478385642587143,-0.00075491800282056,0.0024459788543100334,83,92,81,0.359375,0.30307650360756977,0.4198314560122066,0.28125,0.2297209150846507,0.33924702210166807,0.359375,0.30307650360756977,0.4198314560122066,0.0,0.0,0.01478385642587143,0.00204926172447307,0.0025702200364560147,72,92,92
primary,activity_only,0.0,0.5,0.7,neutral,100,256,256,0.0,0.0,0.01478385642587143,48.0,0.0,6.67265625,0.34375,0.28826407712322777,0.403855878009857,0.35546875,0.29936712788953435,0.4158438306085691,0.30078125,0.24788835618653265,0.35956458660815055,0.0,0.0,0.01478385642587143,0.0009776955315217565,0.0028905341965911936,91,77,88,0.3984375,0.3403930035879241,0.459484967248581,0.37109375,0.3142292916101357,0.43176967137465927,0.23046875,0.183093576056734,0.28581334654783735,0.0,0.0,0.01478385642587143,-0.0005507246575637585,0.003132168403669093,95,59,102
primary,activity_only,0.0,0.5,0.7,neutral,200,256,256,0.0,0.0,0.01478385642587143,48.0,0.0,6.3741796875,0.375,0.31795501653541774,0.43574094757105014,0.375,0.31795501653541774,0.43574094757105014,0.25,0.20091686568173925,0.3064750625311965,0.0,0.0,0.01478385642587143,0.000507248557261497,0.0032497697382297143,96,64,96,0.40625,0.34790367679855766,0.4673682962812932,0.41796875,0.35919855391479266,0.4791644225300769,0.17578125,0.13404604842154846,0.22710285847960257,0.0,0.0,0.01478385642587143,-0.002305876939828251,0.0034680381524312804,107,45,104
primary,activity_only,0.0,0.5,0.7,neutral,400,256,256,0.0,0.0,0.01478385642587143,48.0,0.0,6.144931640625,0.37109375,0.3142292916101357,0.43176967137465927,0.3671875,0.3105076134241139,0.4277943484390082,0.26171875,0.21167863808724405,0.31880429349071027,0.0,0.0,0.01478385642587143,0.0014129030614475546,0.003267036400456954,94,67,95,0.41015625,0.3516648037328092,0.47130417046871464,0.4453125,0.38568587527356124,0.5065561090230184,0.14453125,0.10671067600593546,0.1928622219218325,0.0,0.0,0.01478385642587143,-0.003707236299220791,0.0035637989948567265,114,37,105
primary,activity_only,0.0,0.5,0.7,selected,10,256,256,0.0,0.0,0.01478385642587143,48.0,0.0,8.490234375,0.22265625,0.17600601030365376,0.27750691005757183,0.22265625,0.17600601030365376,0.27750691005757183,0.5546875,0.4934438909769816,0.6143141247264388,0.0,0.0,0.01478385642587143,3.13333379837002e-05,0.0015045006850549665,57,142,57,0.25390625,0.20449864653192884,0.31059028280267975,0.08984375,0.06061336726621258,0.1312015149581351,0.65625,0.596144121990143,0.7117359228767722,0.0,0.0,0.01478385642587143,0.005777834052889648,0.0012060710332734387,23,168,65
primary,activity_only,0.0,0.5,0.7,selected,40,256,256,0.0,0.0,0.01478385642587143,48.0,0.0,7.18935546875,0.359375,0.30307650360756977,0.4198314560122066,0.34765625,0.29196088318828545,0.40785607306647226,0.29296875,0.240606845197983,0.3514520953533543,0.0,0.0,0.01478385642587143,0.0001775912450051255,0.0028002756089469776,89,75,92,0.48828125,0.4276765099686914,0.5492324866662899,0.1875,0.14443796573655726,0.2398019445296124,0.32421875,0.2698445830530154,0.38379036647170506,0.0,0.0,0.01478385642587143,0.016093428846740095,0.0022497107236137165,48,83,125
primary,activity_only,0.0,0.5,0.7,selected,50,256,256,0.0,0.0,0.01478385642587143,48.0,0.0,7.036875,0.36328125,0.3067900082905613,0.4238149524508879,0.3671875,0.3105076134241139,0.4277943484390082,0.26953125,0.2188800151092185,0.3269969187120816,0.0,0.0,0.01478385642587143,-0.0007068935839091208,0.0030020409029334195,94,69,93,0.51171875,0.45076751333371007,0.5723234900313086,0.1875,0.14443796573655726,0.2398019445296124,0.30078125,0.24788835618653265,0.35956458660815055,0.0,0.0,0.01478385642587143,0.018250831441393528,0.0024649755335783186,48,77,131
primary,activity_only,0.0,0.5,0.7,selected,100,256,256,0.0,0.0,0.01478385642587143,48.0,0.0,6.67265625,0.37890625,0.32168476294187087,0.43970820228626983,0.40234375,0.3441464041785611,0.46342856777961694,0.21875,0.1724715978199255,0.27334432141962717,0.0,0.0,0.01478385642587143,-0.0014025447037610498,0.003222535317841574,103,56,97,0.5859375,0.5247637927926416,0.6445702318841617,0.2109375,0.16542210475657976,0.26499981223962715,0.203125,0.15839924133131683,0.25662867342154433,0.0,0.0,0.01478385642587143,0.024368907494081757,0.003003084248305273,54,52,150
primary,activity_only,0.0,0.5,0.7,selected,200,256,256,0.0,0.0,0.01478385642587143,48.0,0.0,6.3741796875,0.40625,0.34790367679855766,0.4673682962812932,0.40234375,0.3441464041785611,0.46342856777961694,0.19140625,0.14791734057779737,0.24401957081004516,0.0,0.0,0.01478385642587143,-0.00038395736141018074,0.0034186795363186236,103,49,104,0.60546875,0.5444625238945793,0.6633565063905884,0.23828125,0.1902054003663705,0.2940955244815466,0.15625,0.11689244351430939,0.20577145777847722,0.0,0.0,0.01478385642587143,0.026575185892204534,0.003280558189975798,61,40,155
primary,activity_only,0.0,0.5,0.7,selected,400,256,256,0.0,0.0,0.01478385642587143,48.0,0.0,6.144931640625,0.4140625,0.3554297681158383,0.4752362072073583,0.40625,0.34790367679855766,0.4673682962812932,0.1796875,0.13750213221413665,0.23134377580868726,0.0,0.0,0.01478385642587143,-0.00031763848436471617,0.0034607017000224376,104,46,106,0.6015625,0.540515032751419,0.6596069964120759,0.2421875,0.19377015335079256,0.2982277726187974,0.15625,0.11689244351430939,0.20577145777847722,0.0,0.0,0.01478385642587143,0.026815136961039064,0.003398924560099508,62,40,154
primary,activity_only,0.75,0.0,0.3,fixed,10,256,252,0.015625,0.006092598203366294,0.039479262709196654,5.74609375,0.29347729555239666,8.490234375,0.0,0.0,0.01478385642587143,0.0,0.0,0.01478385642587143,0.984375,0.9605207372908033,0.9939074017966336,0.015625,0.006092598203366294,0.039479262709196654,6.1679056923619804e-18,1.3992525359410903e-17,0,252,0,0.0,0.0,0.01478385642587143,0.0,0.0,0.01478385642587143,0.984375,0.9605207372908033,0.9939074017966336,0.015625,0.006092598203366294,0.039479262709196654,9.472140884698756e-18,2.235897913351281e-17,0,252,0
primary,activity_only,0.75,0.0,0.3,fixed,40,256,0,1.0,0.9852161435741286,1.0,0.0,0.0,7.18935546875,0.0,0.0,0.01478385642587143,0.0,0.0,0.01478385642587143,0.0,0.0,0.01478385642587143,1.0,0.9852161435741286,1.0,,,0,0,0,0.0,0.0,0.01478385642587143,0.0,0.0,0.01478385642587143,0.0,0.0,0.01478385642587143,1.0,0.9852161435741286,1.0,,,0,0,0
primary,activity_only,0.75,0.0,0.3,fixed,50,256,0,1.0,0.9852161435741286,1.0,0.0,0.0,7.036875,0.0,0.0,0.01478385642587143,0.0,0.0,0.01478385642587143,0.0,0.0,0.01478385642587143,1.0,0.9852161435741286,1.0,,,0,0,0,0.0,0.0,0.01478385642587143,0.0,0.0,0.01478385642587143,0.0,0.0,0.01478385642587143,1.0,0.9852161435741286,1.0,,,0,0,0
primary,activity_only,0.75,0.0,0.3,fixed,100,256,0,1.0,0.9852161435741286,1.0,0.0,0.0,6.67265625,0.0,0.0,0.01478385642587143,0.0,0.0,0.01478385642587143,0.0,0.0,0.01478385642587143,1.0,0.9852161435741286,1.0,,,0,0,0,0.0,0.0,0.01478385642587143,0.0,0.0,0.01478385642587143,0.0,0.0,0.01478385642587143,1.0,0.9852161435741286,1.0,,,0,0,0
primary,activity_only,0.75,0.0,0.3,fixed,200,256,0,1.0,0.9852161435741286,1.0,0.0,0.0,6.3741796875,0.0,0.0,0.01478385642587143,0.0,0.0,0.01478385642587143,0.0,0.0,0.01478385642587143,1.0,0.9852161435741286,1.0,,,0,0,0,0.0,0.0,0.01478385642587143,0.0,0.0,0.01478385642587143,0.0,0.0,0.01478385642587143,1.0,0.9852161435741286,1.0,,,0,0,0
primary,activity_only,0.75,0.0,0.3,fixed,400,256,0,1.0,0.9852161435741286,1.0,0.0,0.0,6.144931640625,0.0,0.0,0.01478385642587143,0.0,0.0,0.01478385642587143,0.0,0.0,0.01478385642587143,1.0,0.9852161435741286,1.0,,,0,0,0,0.0,0.0,0.01478385642587143,0.0,0.0,0.01478385642587143,0.0,0.0,0.01478385642587143,1.0,0.9852161435741286,1.0,,,0,0,0
primary,activity_only,0.75,0.0,0.3,neutral,10,256,250,0.0234375,0.010784867555857603,0.0501809956000511,5.30078125,0.2251714979494905,8.490234375,0.18359375,0.14096616877647156,0.23557674036802523,0.12890625,0.09328077992555084,0.17550411351552564,0.6640625,0.6041573113671239,0.719116735743137,0.0234375,0.010784867555857603,0.0501809956000511,0.0029757270627004014,0.0014166563525981643,33,170,47,0.15625,0.11689244351430939,0.20577145777847722,0.1953125,0.15140411996625466,0.24822979254326075,0.625,0.5642590524289499,0.6820449834645823,0.0234375,0.010784867555857603,0.0501809956000511,-0.002069043334341215,0.0013804281371687702,50,160,40
primary,activity_only,0.75,0.0,0.3,neutral,40,256,0,1.0,0.9852161435741286,1.0,0.0,0.0,7.18935546875,0.0,0.0,0.01478385642587143,0.0,0.0,0.01478385642587143,0.0,0.0,0.01478385642587143,1.0,0.9852161435741286,1.0,,,0,0,0,0.0,0.0,0.01478385642587143,0.0,0.0,0.01478385642587143,0.0,0.0,0.01478385642587143,1.0,0.9852161435741286,1.0,,,0,0,0
primary,activity_only,0.75,0.0,0.3,neutral,50,256,0,1.0,0.9852161435741286,1.0,0.0,0.0,7.036875,0.0,0.0,0.01478385642587143,0.0,0.0,0.01478385642587143,0.0,0.0,0.01478385642587143,1.0,0.9852161435741286,1.0,,,0,0,0,0.0,0.0,0.01478385642587143,0.0,0.0,0.01478385642587143,0.0,0.0,0.01478385642587143,1.0,0.9852161435741286,1.0,,,0,0,0
primary,activity_only,0.75,0.0,0.3,neutral,100,256,0,1.0,0.9852161435741286,1.0,0.0,0.0,6.67265625,0.0,0.0,0.01478385642587143,0.0,0.0,0.01478385642587143,0.0,0.0,0.01478385642587143,1.0,0.9852161435741286,1.0,,,0,0,0,0.0,0.0,0.01478385642587143,0.0,0.0,0.01478385642587143,0.0,0.0,0.01478385642587143,1.0,0.9852161435741286,1.0,,,0,0,0
primary,activity_only,0.75,0.0,0.3,neutral,200,256,0,1.0,0.9852161435741286,1.0,0.0,0.0,6.3741796875,0.0,0.0,0.01478385642587143,0.0,0.0,0.01478385642587143,0.0,0.0,0.01478385642587143,1.0,0.9852161435741286,1.0,,,0,0,0,0.0,0.0,0.01478385642587143,0.0,0.0,0.01478385642587143,0.0,0.0,0.01478385642587143,1.0,0.9852161435741286,1.0,,,0,0,0
primary,activity_only,0.75,0.0,0.3,neutral,400,256,0,1.0,0.9852161435741286,1.0,0.0,0.0,6.144931640625,0.0,0.0,0.01478385642587143,0.0,0.0,0.01478385642587143,0.0,0.0,0.01478385642587143,1.0,0.9852161435741286,1.0,,,0,0,0,0.0,0.0,0.01478385642587143,0.0,0.0,0.01478385642587143,0.0,0.0,0.01478385642587143,1.0,0.9852161435741286,1.0,,,0,0,0
primary,activity_only,0.75,0.0,0.3,selected,10,256,249,0.02734375,0.013307156355121155,0.05535570792246043,5.42578125,0.2498955003333526,8.490234375,0.2109375,0.16542210475657976,0.26499981223962715,0.19140625,0.14791734057779737,0.24401957081004516,0.5703125,0.5090737118284735,0.6294723083616384,0.02734375,0.013307156355121155,0.05535570792246043,0.002450470043672591,0.001587898090253182,49,146,54,0.1796875,0.13750213221413665,0.23134377580868726,0.1328125,0.09662155083903351,0.17986034372371584,0.66015625,0.600148571924018,0.71542847406457,0.02734375,0.013307156355121155,0.05535570792246043,0.0017994250500508644,0.0013156844618069416,34,169,46
primary,activity_only,0.75,0.0,0.3,selected,40,256,0,1.0,0.9852161435741286,1.0,0.0,0.0,7.18935546875,0.0,0.0,0.01478385642587143,0.0,0.0,0.01478385642587143,0.0,0.0,0.01478385642587143,1.0,0.9852161435741286,1.0,,,0,0,0,0.0,0.0,0.01478385642587143,0.0,0.0,0.01478385642587143,0.0,0.0,0.01478385642587143,1.0,0.9852161435741286,1.0,,,0,0,0
primary,activity_only,0.75,0.0,0.3,selected,50,256,0,1.0,0.9852161435741286,1.0,0.0,0.0,7.036875,0.0,0.0,0.01478385642587143,0.0,0.0,0.01478385642587143,0.0,0.0,0.01478385642587143,1.0,0.9852161435741286,1.0,,,0,0,0,0.0,0.0,0.01478385642587143,0.0,0.0,0.01478385642587143,0.0,0.0,0.01478385642587143,1.0,0.9852161435741286,1.0,,,0,0,0
primary,activity_only,0.75,0.0,0.3,selected,100,256,0,1.0,0.9852161435741286,1.0,0.0,0.0,6.67265625,0.0,0.0,0.01478385642587143,0.0,0.0,0.01478385642587143,0.0,0.0,0.01478385642587143,1.0,0.9852161435741286,1.0,,,0,0,0,0.0,0.0,0.01478385642587143,0.0,0.0,0.01478385642587143,0.0,0.0,0.01478385642587143,1.0,0.9852161435741286,1.0,,,0,0,0
primary,activity_only,0.75,0.0,0.3,selected,200,256,0,1.0,0.9852161435741286,1.0,0.0,0.0,6.3741796875,0.0,0.0,0.01478385642587143,0.0,0.0,0.01478385642587143,0.0,0.0,0.01478385642587143,1.0,0.9852161435741286,1.0,,,0,0,0,0.0,0.0,0.01478385642587143,0.0,0.0,0.01478385642587143,0.0,0.0,0.01478385642587143,1.0,0.9852161435741286,1.0,,,0,0,0
primary,activity_only,0.75,0.0,0.3,selected,400,256,0,1.0,0.9852161435741286,1.0,0.0,0.0,6.144931640625,0.0,0.0,0.01478385642587143,0.0,0.0,0.01478385642587143,0.0,0.0,0.01478385642587143,1.0,0.9852161435741286,1.0,,,0,0,0,0.0,0.0,0.01478385642587143,0.0,0.0,0.01478385642587143,0.0,0.0,0.01478385642587143,1.0,0.9852161435741286,1.0,,,0,0,0
primary,activity_only,0.75,0.0,0.7,fixed,10,256,252,0.015625,0.006092598203366294,0.039479262709196654,5.93359375,0.2717237745338189,8.490234375,0.0,0.0,0.01478385642587143,0.0,0.0,0.01478385642587143,0.984375,0.9605207372908033,0.9939074017966336,0.015625,0.006092598203366294,0.039479262709196654,-5.0224374923518987e-17,2.7106188712705492e-17,0,252,0,0.0,0.0,0.01478385642587143,0.0,0.0,0.01478385642587143,0.984375,0.9605207372908033,0.9939074017966336,0.015625,0.006092598203366294,0.039479262709196654,7.709882115452476e-18,2.22502895075349e-17,0,252,0
primary,activity_only,0.75,0.0,0.7,fixed,40,256,0,1.0,0.9852161435741286,1.0,0.0,0.0,7.18935546875,0.0,0.0,0.01478385642587143,0.0,0.0,0.01478385642587143,0.0,0.0,0.01478385642587143,1.0,0.9852161435741286,1.0,,,0,0,0,0.0,0.0,0.01478385642587143,0.0,0.0,0.01478385642587143,0.0,0.0,0.01478385642587143,1.0,0.9852161435741286,1.0,,,0,0,0
primary,activity_only,0.75,0.0,0.7,fixed,50,256,0,1.0,0.9852161435741286,1.0,0.0,0.0,7.036875,0.0,0.0,0.01478385642587143,0.0,0.0,0.01478385642587143,0.0,0.0,0.01478385642587143,1.0,0.9852161435741286,1.0,,,0,0,0,0.0,0.0,0.01478385642587143,0.0,0.0,0.01478385642587143,0.0,0.0,0.01478385642587143,1.0,0.9852161435741286,1.0,,,0,0,0
primary,activity_only,0.75,0.0,0.7,fixed,100,256,0,1.0,0.9852161435741286,1.0,0.0,0.0,6.67265625,0.0,0.0,0.01478385642587143,0.0,0.0,0.01478385642587143,0.0,0.0,0.01478385642587143,1.0,0.9852161435741286,1.0,,,0,0,0,0.0,0.0,0.01478385642587143,0.0,0.0,0.01478385642587143,0.0,0.0,0.01478385642587143,1.0,0.9852161435741286,1.0,,,0,0,0
primary,activity_only,0.75,0.0,0.7,fixed,200,256,0,1.0,0.9852161435741286,1.0,0.0,0.0,6.3741796875,0.0,0.0,0.01478385642587143,0.0,0.0,0.01478385642587143,0.0,0.0,0.01478385642587143,1.0,0.9852161435741286,1.0,,,0,0,0,0.0,0.0,0.01478385642587143,0.0,0.0,0.01478385642587143,0.0,0.0,0.01478385642587143,1.0,0.9852161435741286,1.0,,,0,0,0
primary,activity_only,0.75,0.0,0.7,fixed,400,256,0,1.0,0.9852161435741286,1.0,0.0,0.0,6.144931640625,0.0,0.0,0.01478385642587143,0.0,0.0,0.01478385642587143,0.0,0.0,0.01478385642587143,1.0,0.9852161435741286,1.0,,,0,0,0,0.0,0.0,0.01478385642587143,0.0,0.0,0.01478385642587143,0.0,0.0,0.01478385642587143,1.0,0.9852161435741286,1.0,,,0,0,0
primary,activity_only,0.75,0.0,0.7,neutral,10,256,252,0.015625,0.006092598203366294,0.039479262709196654,5.67578125,0.24598771252708457,8.490234375,0.171875,0.13059812036467136,0.2228537854148068,0.17578125,0.13404604842154846,0.22710285847960257,0.63671875,0.576185047549112,0.6932099917094386,0.015625,0.006092598203366294,0.039479262709196654,-0.0007745214132945857,0.0014223602750314329,45,163,44,0.171875,0.13059812036467136,0.2228537854148068,0.1640625,0.12372760124959209,0.21433030228654026,0.6484375,0.5881479534238914,0.704338089199678,0.015625,0.006092598203366294,0.039479262709196654,-0.00017370324496252922,0.0015473737743305306,42,166,44
primary,activity_only,0.75,0.0,0.7,neutral,40,256,0,1.0,0.9852161435741286,1.0,0.0,0.0,7.18935546875,0.0,0.0,0.01478385642587143,0.0,0.0,0.01478385642587143,0.0,0.0,0.01478385642587143,1.0,0.9852161435741286,1.0,,,0,0,0,0.0,0.0,0.01478385642587143,0.0,0.0,0.01478385642587143,0.0,0.0,0.01478385642587143,1.0,0.9852161435741286,1.0,,,0,0,0
primary,activity_only,0.75,0.0,0.7,neutral,50,256,0,1.0,0.9852161435741286,1.0,0.0,0.0,7.036875,0.0,0.0,0.01478385642587143,0.0,0.0,0.01478385642587143,0.0,0.0,0.01478385642587143,1.0,0.9852161435741286,1.0,,,0,0,0,0.0,0.0,0.01478385642587143,0.0,0.0,0.01478385642587143,0.0,0.0,0.01478385642587143,1.0,0.9852161435741286,1.0,,,0,0,0
primary,activity_only,0.75,0.0,0.7,neutral,100,256,0,1.0,0.9852161435741286,1.0,0.0,0.0,6.67265625,0.0,0.0,0.01478385642587143,0.0,0.0,0.01478385642587143,0.0,0.0,0.01478385642587143,1.0,0.9852161435741286,1.0,,,0,0,0,0.0,0.0,0.01478385642587143,0.0,0.0,0.01478385642587143,0.0,0.0,0.01478385642587143,1.0,0.9852161435741286,1.0,,,0,0,0
primary,activity_only,0.75,0.0,0.7,neutral,200,256,0,1.0,0.9852161435741286,1.0,0.0,0.0,6.3741796875,0.0,0.0,0.01478385642587143,0.0,0.0,0.01478385642587143,0.0,0.0,0.01478385642587143,1.0,0.9852161435741286,1.0,,,0,0,0,0.0,0.0,0.01478385642587143,0.0,0.0,0.01478385642587143,0.0,0.0,0.01478385642587143,1.0,0.9852161435741286,1.0,,,0,0,0
primary,activity_only,0.75,0.0,0.7,neutral,400,256,0,1.0,0.9852161435741286,1.0,0.0,0.0,6.144931640625,0.0,0.0,0.01478385642587143,0.0,0.0,0.01478385642587143,0.0,0.0,0.01478385642587143,1.0,0.9852161435741286,1.0,,,0,0,0,0.0,0.0,0.01478385642587143,0.0,0.0,0.01478385642587143,0.0,0.0,0.01478385642587143,1.0,0.9852161435741286,1.0,,,0,0,0
primary,activity_only,0.75,0.0,0.7,selected,10,256,252,0.015625,0.006092598203366294,0.039479262709196654,5.71484375,0.257074641354973,8.490234375,0.171875,0.13059812036467136,0.2228537854148068,0.16015625,0.12030547683153675,0.21005542558292273,0.65234375,0.5921439269335277,0.7080391168117145,0.015625,0.006092598203366294,0.039479262709196654,0.0008970806001111687,0.0014047304748305337,41,167,44,0.171875,0.13059812036467136,0.2228537854148068,0.13671875,0.09997371828318014,0.1842051774012421,0.67578125,0.6162096335282949,0.7301554169469846,0.015625,0.006092598203366294,0.039479262709196654,0.0003904556421979521,0.0014075502026848334,35,173,44
primary,activity_only,0.75,0.0,0.7,selected,40,256,1,0.99609375,0.9782090246194175,0.9993101178330381,0.00390625,0.00390625,7.18935546875,0.00390625,0.0006898821669617927,0.021790975380582514,0.0,0.0,0.01478385642587143,0.0,0.0,0.01478385642587143,0.99609375,0.9782090246194175,0.9993101178330381,0.030021278270580765,,0,0,1,0.0,0.0,0.01478385642587143,0.0,0.0,0.01478385642587143,0.00390625,0.0006898821669617927,0.021790975380582514,0.99609375,0.9782090246194175,0.9993101178330381,-0.002358811711751785,,0,1,0
primary,activity_only,0.75,0.0,0.7,selected,50,256,0,1.0,0.9852161435741286,1.0,0.0,0.0,7.036875,0.0,0.0,0.01478385642587143,0.0,0.0,0.01478385642587143,0.0,0.0,0.01478385642587143,1.0,0.9852161435741286,1.0,,,0,0,0,0.0,0.0,0.01478385642587143,0.0,0.0,0.01478385642587143,0.0,0.0,0.01478385642587143,1.0,0.9852161435741286,1.0,,,0,0,0
primary,activity_only,0.75,0.0,0.7,selected,100,256,0,1.0,0.9852161435741286,1.0,0.0,0.0,6.67265625,0.0,0.0,0.01478385642587143,0.0,0.0,0.01478385642587143,0.0,0.0,0.01478385642587143,1.0,0.9852161435741286,1.0,,,0,0,0,0.0,0.0,0.01478385642587143,0.0,0.0,0.01478385642587143,0.0,0.0,0.01478385642587143,1.0,0.9852161435741286,1.0,,,0,0,0
primary,activity_only,0.75,0.0,0.7,selected,200,256,0,1.0,0.9852161435741286,1.0,0.0,0.0,6.3741796875,0.0,0.0,0.01478385642587143,0.0,0.0,0.01478385642587143,0.0,0.0,0.01478385642587143,1.0,0.9852161435741286,1.0,,,0,0,0,0.0,0.0,0.01478385642587143,0.0,0.0,0.01478385642587143,0.0,0.0,0.01478385642587143,1.0,0.9852161435741286,1.0,,,0,0,0
primary,activity_only,0.75,0.0,0.7,selected,400,256,0,1.0,0.9852161435741286,1.0,0.0,0.0,6.144931640625,0.0,0.0,0.01478385642587143,0.0,0.0,0.01478385642587143,0.0,0.0,0.01478385642587143,1.0,0.9852161435741286,1.0,,,0,0,0,0.0,0.0,0.01478385642587143,0.0,0.0,0.01478385642587143,0.0,0.0,0.01478385642587143,1.0,0.9852161435741286,1.0,,,0,0,0
primary,activity_only,0.75,0.5,0.3,fixed,10,256,256,0.0,0.0,0.01478385642587143,47.95703125,0.021624916322942493,8.490234375,0.0,0.0,0.01478385642587143,0.0,0.0,0.01478385642587143,1.0,0.9852161435741286,1.0,0.0,0.0,0.01478385642587143,0.0,0.0,0,256,0,0.0,0.0,0.01478385642587143,0.0,0.0,0.01478385642587143,1.0,0.9852161435741286,1.0,0.0,0.0,0.01478385642587143,-2.168404344971009e-19,2.168404344971009e-19,0,256,0
primary,activity_only,0.75,0.5,0.3,fixed,40,256,256,0.0,0.0,0.01478385642587143,47.9375,0.03006325031675456,7.18935546875,0.0,0.0,0.01478385642587143,0.0,0.0,0.01478385642587143,1.0,0.9852161435741286,1.0,0.0,0.0,0.01478385642587143,-2.168404344971009e-19,2.168404344971009e-19,0,256,0,0.0,0.0,0.01478385642587143,0.0,0.0,0.01478385642587143,1.0,0.9852161435741286,1.0,0.0,0.0,0.01478385642587143,-1.0842021724855044e-18,8.387208700075373e-19,0,256,0
primary,activity_only,0.75,0.5,0.3,fixed,50,256,256,0.0,0.0,0.01478385642587143,47.9609375,0.023355657759679023,7.036875,0.0,0.0,0.01478385642587143,0.0,0.0,0.01478385642587143,1.0,0.9852161435741286,1.0,0.0,0.0,0.01478385642587143,0.0,0.0,0,256,0,0.0,0.0,0.01478385642587143,0.0,0.0,0.01478385642587143,1.0,0.9852161435741286,1.0,0.0,0.0,0.01478385642587143,4.336808689942018e-19,4.336808689942018e-19,0,256,0
primary,activity_only,0.75,0.5,0.3,fixed,100,256,256,0.0,0.0,0.01478385642587143,47.9765625,0.017441856754208073,6.67265625,0.0,0.0,0.01478385642587143,0.0,0.0,0.01478385642587143,1.0,0.9852161435741286,1.0,0.0,0.0,0.01478385642587143,0.0,0.0,0,256,0,0.0,0.0,0.01478385642587143,0.0,0.0,0.01478385642587143,1.0,0.9852161435741286,1.0,0.0,0.0,0.01478385642587143,-2.168404344971009e-19,2.168404344971009e-19,0,256,0
primary,activity_only,0.75,0.5,0.3,fixed,200,256,256,0.0,0.0,0.01478385642587143,47.96484375,0.03147799032414258,6.3741796875,0.0,0.0,0.01478385642587143,0.0,0.0,0.01478385642587143,1.0,0.9852161435741286,1.0,0.0,0.0,0.01478385642587143,-2.168404344971009e-19,2.168404344971009e-19,0,256,0,0.0,0.0,0.01478385642587143,0.0,0.0,0.01478385642587143,1.0,0.9852161435741286,1.0,0.0,0.0,0.01478385642587143,-8.673617379884035e-19,8.673617379884035e-19,0,256,0
primary,activity_only,0.75,0.5,0.3,fixed,400,256,256,0.0,0.0,0.01478385642587143,47.98046875,0.012923193964681274,6.144931640625,0.0,0.0,0.01478385642587143,0.0,0.0,0.01478385642587143,1.0,0.9852161435741286,1.0,0.0,0.0,0.01478385642587143,0.0,0.0,0,256,0,0.0,0.0,0.01478385642587143,0.0,0.0,0.01478385642587143,1.0,0.9852161435741286,1.0,0.0,0.0,0.01478385642587143,0.0,0.0,0,256,0
primary,activity_only,0.75,0.5,0.3,neutral,10,256,256,0.0,0.0,0.01478385642587143,47.96875,0.019860882580156027,8.490234375,0.1015625,0.07025498422463894,0.14465090136472736,0.078125,0.05114064056843023,0.11758323829089878,0.8203125,0.7686562241913127,0.8624978677858633,0.0,0.0,0.01478385642587143,0.0001066915281250269,0.0008987663030432829,20,210,26,0.08984375,0.06061336726621258,0.1312015149581351,0.1015625,0.07025498422463894,0.14465090136472736,0.80859375,0.7559804291899548,0.8520826594222026,0.0,0.0,0.01478385642587143,-0.0004859808518616127,0.0009202637361525874,26,207,23
primary,activity_only,0.75,0.5,0.3,neutral,40,256,256,0.0,0.0,0.01478385642587143,47.9609375,0.019806576556221193,7.18935546875,0.2734375,0.22248853918114145,0.33108539576183155,0.23046875,0.183093576056734,0.28581334654783735,0.49609375,0.43535888592634564,0.5569441129519814,0.0,0.0,0.01478385642587143,0.0005284790627073937,0.0017654415328291187,59,127,70,0.2578125,0.20808593083982155,0.31469999961646,0.2734375,0.22248853918114145,0.33108539576183155,0.46875,0.4085346505933857,0.5298893404332313,0.0,0.0,0.01478385642587143,-0.0013976577967494306,0.0019078821624683607,70,120,66
primary,activity_only,0.75,0.5,0.3,neutral,50,256,256,0.0,0.0,0.01478385642587143,47.96484375,0.03147799032414258,7.036875,0.27734375,0.22610219451112512,0.3351687415535207,0.265625,0.21527669094275786,0.3229032417568694,0.45703125,0.3970936285540288,0.5182393591075696,0.0,0.0,0.01478385642587143,-0.0010944294846516626,0.001924038193758608,68,117,71,0.26171875,0.21167863808724405,0.31880429349071027,0.31640625,0.26250760743602425,0.37573333984535046,0.421875,0.36297114591343,0.4830888316531124,0.0,0.0,0.01478385642587143,-0.0024866446938536634,0.0021244950235724588,81,108,67
primary,activity_only,0.75,0.5,0.3,neutral,100,256,256,0.0,0.0,0.01478385642587143,47.984375,0.01233810602540429,6.67265625,0.328125,0.2735197547273731,0.38781219591902016,0.31640625,0.26250760743602425,0.37573333984535046,0.35546875,0.29936712788953435,0.4158438306085691,0.0,0.0,0.01478385642587143,-7.35168324461485e-05,0.0025888874339258447,81,91,84,0.33203125,0.2771993280647148,0.3918296237033514,0.3671875,0.3105076134241139,0.4277943484390082,0.30078125,0.24788835618653265,0.35956458660815055,0.0,0.0,0.01478385642587143,-0.0031763814688676316,0.0027781028145989865,94,77,85
primary,activity_only,0.75,0.5,0.3,neutral,200,256,256,0.0,0.0,0.01478385642587143,47.95703125,0.027264854668453888,6.3741796875,0.31640625,0.26250760743602425,0.37573333984535046,0.4140625,0.3554297681158383,0.4752362072073583,0.26953125,0.2188800151092185,0.3269969187120816,0.0,0.0,0.01478385642587143,-0.0036038672831190943,0.003116093490135214,106,69,81,0.35546875,0.29936712788953435,0.4158438306085691,0.4296875,0.37052769163836163,0.4909262881715265,0.21484375,0.16894358808976334,0.26917533002811644,0.0,0.0,0.01478385642587143,-0.0037573363286129047,0.0033353974585701588,110,55,91
primary,activity_only,0.75,0.5,0.3,neutral,400,256,256,0.0,0.0,0.01478385642587143,47.98046875,0.01028272495230972,6.144931640625,0.3359375,0.280883264256863,0.395842688632876,0.42578125,0.36674752969705376,0.48700944899116155,0.23828125,0.1902054003663705,0.2940955244815466,0.0,0.0,0.01478385642587143,-0.004408821866721345,0.003444369136167478,109,61,86,0.35546875,0.29936712788953435,0.4158438306085691,0.453125,0.3932873375109957,0.5143486490289297,0.19140625,0.14791734057779737,0.24401957081004516,0.0,0.0,0.01478385642587143,-0.004565795985780741,0.0036301554972240162,116,49,91
primary,activity_only,0.75,0.5,0.3,selected,10,256,256,0.0,0.0,0.01478385642587143,47.97265625,0.019494450626754544,8.490234375,0.06640625,0.04187072285916844,0.10376215263514196,0.09375,0.0638098481830768,0.13570203516294374,0.83984375,0.7899445744170772,0.8796945231684632,0.0,0.0,0.01478385642587143,-0.0004962283533807136,0.0009106288263692034,24,215,17,0.0625,0.03883364112851165,0.09910223324412587,0.11328125,0.0800407222974869,0.15795616665689804,0.82421875,0.7728971415203973,0.8659539515784516,0.0,0.0,0.01478385642587143,-0.0018875857260080993,0.0009090953651973929,29,211,16
primary,activity_only,0.75,0.5,0.3,selected,40,256,256,0.0,0.0,0.01478385642587143,47.9453125,0.024515643452641803,7.18935546875,0.24609375,0.19734067215723067,0.3023542549340322,0.29296875,0.240606845197983,0.3514520953533543,0.4609375,0.40090361566150806,0.5221263731217632,0.0,0.0,0.01478385642587143,-0.0018670106324252343,0.001823227399533575,75,118,63,0.1640625,0.12372760124959209,0.21433030228654026,0.3359375,0.280883264256863,0.395842688632876,0.5,0.43920555858906296,0.560794441410937,0.0,0.0,0.01478385642587143,-0.0073985649404570645,0.0018932373044725094,86,128,42
primary,activity_only,0.75,0.5,0.3,selected,50,256,256,0.0,0.0,0.01478385642587143,47.921875,0.039224541356245875,7.036875,0.296875,0.24424521529493903,0.35551072637807124,0.31640625,0.26250760743602425,0.37573333984535046,0.38671875,0.3291562242738866,0.4476307431975999,0.0,0.0,0.01478385642587143,-0.0013505330156564428,0.0020669994422932844,81,99,76,0.1875,0.14443796573655726,0.2398019445296124,0.3671875,0.3105076134241139,0.4277943484390082,0.4453125,0.38568587527356124,0.5065561090230184,0.0,0.0,0.01478385642587143,-0.008741775349124029,0.002006137151365516,94,114,48
primary,activity_only,0.75,0.5,0.3,selected,100,256,256,0.0,0.0,0.01478385642587143,47.9765625,0.016540287546846125,6.67265625,0.30859375,0.2551887425019035,0.36765820253612547,0.40234375,0.3441464041785611,0.46342856777961694,0.2890625,0.2369733003711826,0.34738863905848194,0.0,0.0,0.01478385642587143,-0.004366188879775448,0.0028597300446374075,103,74,79,0.21875,0.1724715978199255,0.27334432141962717,0.48046875,0.4200087697380131,0.5415062246536225,0.30078125,0.24788835618653265,0.35956458660815055,0.0,0.0,0.01478385642587143,-0.014417906286333049,0.002653374664831438,123,77,56
primary,activity_only,0.75,0.5,0.3,selected,200,256,256,0.0,0.0,0.01478385642587143,47.9609375,0.021297299938756852,6.3741796875,0.328125,0.2735197547273731,0.38781219591902016,0.421875,0.36297114591343,0.4830888316531124,0.25,0.20091686568173925,0.3064750625311965,0.0,0.0,0.01478385642587143,-0.0033064316230673337,0.003446727959758162,108,64,84,0.21484375,0.16894358808976334,0.26917533002811644,0.5625,0.5012513172897817,0.6219007006569843,0.22265625,0.17600601030365376,0.27750691005757183,0.0,0.0,0.01478385642587143,-0.023173929871224977,0.003042006273094412,144,57,55
primary,activity_only,0.75,0.5,0.3,selected,400,256,256,0.0,0.0,0.01478385642587143,47.9765625,0.010972458139475814,6.144931640625,0.37109375,0.3142292916101357,0.43176967137465927,0.41796875,0.35919855391479266,0.4791644225300769,0.2109375,0.16542210475657976,0.26499981223962715,0.0,0.0,0.01478385642587143,-0.0017920844553360351,0.0036795258540414113,107,54,95,0.22265625,0.17600601030365376,0.27750691005757183,0.609375,0.5484139251193965,0.6671021062874443,0.16796875,0.12715856241588983,0.2185963422419154,0.0,0.0,0.01478385642587143,-0.027550186994899185,0.0032436822080238706,156,43,57
primary,activity_only,0.75,0.5,0.7,fixed,10,256,256,0.0,0.0,0.01478385642587143,47.98828125,0.01171875,8.490234375,0.0,0.0,0.01478385642587143,0.0,0.0,0.01478385642587143,1.0,0.9852161435741286,1.0,0.0,0.0,0.01478385642587143,4.336808689942018e-19,4.336808689942018e-19,0,256,0,0.0,0.0,0.01478385642587143,0.0,0.0,0.01478385642587143,1.0,0.9852161435741286,1.0,0.0,0.0,0.01478385642587143,0.0,0.0,0,256,0
primary,activity_only,0.75,0.5,0.7,fixed,40,256,256,0.0,0.0,0.01478385642587143,47.94140625,0.025997588309034158,7.18935546875,0.0,0.0,0.01478385642587143,0.0,0.0,0.01478385642587143,1.0,0.9852161435741286,1.0,0.0,0.0,0.01478385642587143,-4.336808689942018e-19,4.336808689942018e-19,0,256,0,0.0,0.0,0.01478385642587143,0.0,0.0,0.01478385642587143,1.0,0.9852161435741286,1.0,0.0,0.0,0.01478385642587143,-2.168404344971009e-19,2.168404344971009e-19,0,256,0
primary,activity_only,0.75,0.5,0.7,fixed,50,256,256,0.0,0.0,0.01478385642587143,48.0,0.0,7.036875,0.0,0.0,0.01478385642587143,0.0,0.0,0.01478385642587143,1.0,0.9852161435741286,1.0,0.0,0.0,0.01478385642587143,0.0,0.0,0,256,0,0.0,0.0,0.01478385642587143,0.0,0.0,0.01478385642587143,1.0,0.9852161435741286,1.0,0.0,0.0,0.01478385642587143,0.0,0.0,0,256,0
primary,activity_only,0.75,0.5,0.7,fixed,100,256,256,0.0,0.0,0.01478385642587143,47.984375,0.015625,6.67265625,0.0,0.0,0.01478385642587143,0.0,0.0,0.01478385642587143,1.0,0.9852161435741286,1.0,0.0,0.0,0.01478385642587143,0.0,0.0,0,256,0,0.0,0.0,0.01478385642587143,0.0,0.0,0.01478385642587143,1.0,0.9852161435741286,1.0,0.0,0.0,0.01478385642587143,0.0,0.0,0,256,0
primary,activity_only,0.75,0.5,0.7,fixed,200,256,256,0.0,0.0,0.01478385642587143,47.953125,0.021944916278951627,6.3741796875,0.0,0.0,0.01478385642587143,0.0,0.0,0.01478385642587143,1.0,0.9852161435741286,1.0,0.0,0.0,0.01478385642587143,0.0,1.0643777371246589e-18,0,256,0,0.0,0.0,0.01478385642587143,0.0,0.0,0.01478385642587143,1.0,0.9852161435741286,1.0,0.0,0.0,0.01478385642587143,-2.168404344971009e-19,4.856299365229931e-19,0,256,0
primary,activity_only,0.75,0.5,0.7,fixed,400,256,256,0.0,0.0,0.01478385642587143,47.96875,0.01739376015003262,6.144931640625,0.0,0.0,0.01478385642587143,0.0,0.0,0.01478385642587143,1.0,0.9852161435741286,1.0,0.0,0.0,0.01478385642587143,8.673617379884035e-19,8.673617379884035e-19,0,256,0,0.0,0.0,0.01478385642587143,0.0,0.0,0.01478385642587143,1.0,0.9852161435741286,1.0,0.0,0.0,0.01478385642587143,2.168404344971009e-19,2.168404344971009e-19,0,256,0
primary,activity_only,0.75,0.5,0.7,neutral,10,256,256,0.0,0.0,0.01478385642587143,47.9765625,0.014570744741722414,8.490234375,0.10546875,0.07350191137657121,0.14910097533446798,0.0625,0.03883364112851165,0.09910223324412587,0.83203125,0.7814036577580846,0.8728414375841101,0.0,0.0,0.01478385642587143,0.001113296822946479,0.0008899161490592771,16,213,27,0.05078125,0.029913811386553534,0.08493105962106533,0.0703125,0.04493554746197091,0.10839432915401236,0.87890625,0.8332442794764335,0.9133648293258357,0.0,0.0,0.01478385642587143,0.0001166690071123203,0.0008423421899097488,18,225,13
primary,activity_only,0.75,0.5,0.7,neutral,40,256,256,0.0,0.0,0.01478385642587143,47.9609375,0.021297299938756852,7.18935546875,0.3203125,0.26617385334096993,0.3797640950620776,0.25,0.20091686568173925,0.3064750625311965,0.4296875,0.37052769163836163,0.4909262881715265,0.0,0.0,0.01478385642587143,0.001638333087615496,0.0017746427665463445,64,110,82,0.26953125,0.2188800151092185,0.3269969187120816,0.26171875,0.21167863808724405,0.31880429349071027,0.46875,0.4085346505933857,0.5298893404332313,0.0,0.0,0.01478385642587143,-2.8380778010975247e-05,0.0018957323426660921,67,120,69
primary,activity_only,0.75,0.5,0.7,neutral,50,256,256,0.0,0.0,0.01478385642587143,47.98046875,0.01028272495230972,7.036875,0.328125,0.2735197547273731,0.38781219591902016,0.2734375,0.22248853918114145,0.33108539576183155,0.3984375,0.3403930035879241,0.459484967248581,0.0,0.0,0.01478385642587143,0.003603428645175669,0.0019270107970540847,70,102,84,0.265625,0.21527669094275786,0.3229032417568694,0.28515625,0.23334463740263667,0.3433203009053549,0.44921875,0.389484750270348,0.5104542351479046,0.0,0.0,0.01478385642587143,-0.0007707201237142987,0.0021297676010883894,73,115,68
primary,activity_only,0.75,0.5,0.7,neutral,100,256,256,0.0,0.0,0.01478385642587143,47.98828125,0.01171875,6.67265625,0.37109375,0.3142292916101357,0.43176967137465927,0.3359375,0.280883264256863,0.395842688632876,0.29296875,0.240606845197983,0.3514520953533543,0.0,0.0,0.01478385642587143,0.00427554781187014,0.0026760212217069026,86,75,95,0.375,0.31795501653541774,0.43574094757105014,0.3359375,0.280883264256863,0.395842688632876,0.2890625,0.2369733003711826,0.34738863905848194,0.0,0.0,0.01478385642587143,0.0002925036199599618,0.0026880363722261874,86,74,96
primary,activity_only,0.75,0.5,0.7,neutral,200,256,256,0.0,0.0,0.01478385642587143,47.984375,0.009536999029579277,6.3741796875,0.3984375,0.3403930035879241,0.459484967248581,0.359375,0.30307650360756977,0.4198314560122066,0.2421875,0.19377015335079256,0.2982277726187974,0.0,0.0,0.01478385642587143,0.004204401405784167,0.0031617600879102537,92,62,102,0.421875,0.36297114591343,0.4830888316531124,0.3671875,0.3105076134241139,0.4277943484390082,0.2109375,0.16542210475657976,0.26499981223962715,0.0,0.0,0.01478385642587143,-0.0007877485791070846,0.0031261302798832958,94,54,108
primary,activity_only,0.75,0.5,0.7,neutral,400,256,256,0.0,0.0,0.01478385642587143,47.9921875,0.005513429182282041,6.144931640625,0.43359375,0.37431161888417475,0.4948393620473863,0.34375,0.28826407712322777,0.403855878009857,0.22265625,0.17600601030365376,0.27750691005757183,0.0,0.0,0.01478385642587143,0.004833608872794274,0.003556811030902388,88,57,111,0.40234375,0.3441464041785611,0.46342856777961694,0.40625,0.34790367679855766,0.4673682962812932,0.19140625,0.14791734057779737,0.24401957081004516,0.0,0.0,0.01478385642587143,-0.002796539398008016,0.0034599890962505177,104,49,103
primary,activity_only,0.75,0.5,0.7,selected,10,256,256,0.0,0.0,0.01478385642587143,47.9765625,0.014570744741722414,8.490234375,0.10546875,0.07350191137657121,0.14910097533446798,0.08203125,0.05427759190690546,0.12214328807409647,0.8125,0.7601980554703877,0.8555620342634428,0.0,0.0,0.01478385642587143,0.0007923140383030874,0.0009441125230451696,21,208,27,0.0625,0.03883364112851165,0.09910223324412587,0.08203125,0.05427759190690546,0.12214328807409647,0.85546875,0.8071377780781674,0.8932893239940645,0.0,0.0,0.01478385642587143,-0.0010006779138909518,0.0008553360014366747,21,219,16
primary,activity_only,0.75,0.5,0.7,selected,40,256,256,0.0,0.0,0.01478385642587143,47.94921875,0.023593993473617143,7.18935546875,0.2890625,0.2369733003711826,0.34738863905848194,0.2265625,0.1795467073799799,0.28166321410291856,0.484375,0.4238408093138977,0.5453711861994108,0.0,0.0,0.01478385642587143,0.0026604311030680636,0.0017662086586581838,58,124,74,0.21875,0.1724715978199255,0.27334432141962717,0.3359375,0.280883264256863,0.395842688632876,0.4453125,0.38568587527356124,0.5065561090230184,0.0,0.0,0.01478385642587143,-0.005725124846263149,0.0017890683788525333,86,114,56
primary,activity_only,0.75,0.5,0.7,selected,50,256,256,0.0,0.0,0.01478385642587143,47.9765625,0.014570744741722414,7.036875,0.30078125,0.24788835618653265,0.35956458660815055,0.265625,0.21527669094275786,0.3229032417568694,0.43359375,0.37431161888417475,0.4948393620473863,0.0,0.0,0.01478385642587143,0.0023861529778874155,0.0019537141708463354,68,111,77,0.22265625,0.17600601030365376,0.27750691005757183,0.37109375,0.3142292916101357,0.43176967137465927,0.40625,0.34790367679855766,0.4673682962812932,0.0,0.0,0.01478385642587143,-0.006194451721924857,0.0019635377969454797,95,104,57
primary,activity_only,0.75,0.5,0.7,selected,100,256,256,0.0,0.0,0.01478385642587143,47.984375,0.015625,6.67265625,0.34375,0.28826407712322777,0.403855878009857,0.33203125,0.2771993280647148,0.3918296237033514,0.32421875,0.2698445830530154,0.38379036647170506,0.0,0.0,0.01478385642587143,4.819707275996064e-05,0.0025973531413135726,85,83,88,0.23046875,0.183093576056734,0.28581334654783735,0.43359375,0.37431161888417475,0.4948393620473863,0.3359375,0.280883264256863,0.395842688632876,0.0,0.0,0.01478385642587143,-0.011642980367558804,0.002573719857297166,111,86,59
primary,activity_only,0.75,0.5,0.7,selected,200,256,256,0.0,0.0,0.01478385642587143,47.99609375,0.00390625,6.3741796875,0.37890625,0.32168476294187087,0.43970820228626983,0.390625,0.33289789371255574,0.45158607488060365,0.23046875,0.183093576056734,0.28581334654783735,0.0,0.0,0.01478385642587143,-0.0005382462970906065,0.0031406092782661323,100,59,97,0.2421875,0.19377015335079256,0.2982277726187974,0.53515625,0.4739903018869167,0.5952827082081391,0.22265625,0.17600601030365376,0.27750691005757183,0.0,0.0,0.01478385642587143,-0.018959052691986705,0.0030611578830839264,137,57,62
primary,activity_only,0.75,0.5,0.7,selected,400,256,256,0.0,0.0,0.01478385642587143,48.0,0.0,6.144931640625,0.40234375,0.3441464041785611,0.46342856777961694,0.421875,0.36297114591343,0.4830888316531124,0.17578125,0.13404604842154846,0.22710285847960257,0.0,0.0,0.01478385642587143,0.0006490952534133096,0.003500218023275588,108,45,103,0.2578125,0.20808593083982155,0.31469999961646,0.55859375,0.49734573849859953,0.6181092783264936,0.18359375,0.14096616877647156,0.23557674036802523,0.0,0.0,0.01478385642587143,-0.0205297922799659,0.0033984576587000985,143,47,66
primary,both,0.0,0.0,0.3,fixed,10,256,84,0.671875,0.6121878040809798,0.7264802452726269,14.93359375,1.382498886940602,2.40234375,0.0,0.0,0.01478385642587143,0.0,0.0,0.01478385642587143,0.328125,0.2735197547273731,0.38781219591902016,0.671875,0.6121878040809798,0.7264802452726269,2.64338815386942e-18,4.966560193695715e-18,0,84,0,0.0,0.0,0.01478385642587143,0.0,0.0,0.01478385642587143,0.328125,0.2735197547273731,0.38781219591902016,0.671875,0.6121878040809798,0.7264802452726269,-8.591011500075616e-18,1.1723935679051629e-17,0,84,0
primary,both,0.0,0.0,0.3,fixed,40,256,0,1.0,0.9852161435741286,1.0,0.0,0.0,1.2353515625,0.0,0.0,0.01478385642587143,0.0,0.0,0.01478385642587143,0.0,0.0,0.01478385642587143,1.0,0.9852161435741286,1.0,,,0,0,0,0.0,0.0,0.01478385642587143,0.0,0.0,0.01478385642587143,0.0,0.0,0.01478385642587143,1.0,0.9852161435741286,1.0,,,0,0,0
primary,both,0.0,0.0,0.3,fixed,50,256,0,1.0,0.9852161435741286,1.0,0.0,0.0,1.127578125,0.0,0.0,0.01478385642587143,0.0,0.0,0.01478385642587143,0.0,0.0,0.01478385642587143,1.0,0.9852161435741286,1.0,,,0,0,0,0.0,0.0,0.01478385642587143,0.0,0.0,0.01478385642587143,0.0,0.0,0.01478385642587143,1.0,0.9852161435741286,1.0,,,0,0,0
primary,both,0.0,0.0,0.3,fixed,100,256,0,1.0,0.9852161435741286,1.0,0.0,0.0,0.9062109375,0.0,0.0,0.01478385642587143,0.0,0.0,0.01478385642587143,0.0,0.0,0.01478385642587143,1.0,0.9852161435741286,1.0,,,0,0,0,0.0,0.0,0.01478385642587143,0.0,0.0,0.01478385642587143,0.0,0.0,0.01478385642587143,1.0,0.9852161435741286,1.0,,,0,0,0
primary,both,0.0,0.0,0.3,fixed,200,256,0,1.0,0.9852161435741286,1.0,0.0,0.0,0.78705078125,0.0,0.0,0.01478385642587143,0.0,0.0,0.01478385642587143,0.0,0.0,0.01478385642587143,1.0,0.9852161435741286,1.0,,,0,0,0,0.0,0.0,0.01478385642587143,0.0,0.0,0.01478385642587143,0.0,0.0,0.01478385642587143,1.0,0.9852161435741286,1.0,,,0,0,0
primary,both,0.0,0.0,0.3,fixed,400,256,0,1.0,0.9852161435741286,1.0,0.0,0.0,0.7280957031249999,0.0,0.0,0.01478385642587143,0.0,0.0,0.01478385642587143,0.0,0.0,0.01478385642587143,1.0,0.9852161435741286,1.0,,,0,0,0,0.0,0.0,0.01478385642587143,0.0,0.0,0.01478385642587143,0.0,0.0,0.01478385642587143,1.0,0.9852161435741286,1.0,,,0,0,0
primary,both,0.0,0.0,0.3,neutral,10,256,83,0.67578125,0.6162096335282949,0.7301554169469846,15.0078125,1.3861180649779479,2.40234375,0.03515625,0.018604096092635542,0.0654527704282918,0.046875,0.027014851001628076,0.0801330188843179,0.2421875,0.19377015335079256,0.2982277726187974,0.67578125,0.6162096335282949,0.7301554169469846,-0.0014336066308236557,0.001911869760879447,12,62,9,0.03515625,0.018604096092635542,0.0654527704282918,0.04296875,0.024159813300607562,0.07529105546366555,0.24609375,0.19734067215723067,0.3023542549340322,0.67578125,0.6162096335282949,0.7301554169469846,0.00022005576037169143,0.0018178172034838153,11,63,9
primary,both,0.0,0.0,0.3,neutral,40,256,0,1.0,0.9852161435741286,1.0,0.0,0.0,1.2353515625,0.0,0.0,0.01478385642587143,0.0,0.0,0.01478385642587143,0.0,0.0,0.01478385642587143,1.0,0.9852161435741286,1.0,,,0,0,0,0.0,0.0,0.01478385642587143,0.0,0.0,0.01478385642587143,0.0,0.0,0.01478385642587143,1.0,0.9852161435741286,1.0,,,0,0,0
primary,both,0.0,0.0,0.3,neutral,50,256,0,1.0,0.9852161435741286,1.0,0.0,0.0,1.127578125,0.0,0.0,0.01478385642587143,0.0,0.0,0.01478385642587143,0.0,0.0,0.01478385642587143,1.0,0.9852161435741286,1.0,,,0,0,0,0.0,0.0,0.01478385642587143,0.0,0.0,0.01478385642587143,0.0,0.0,0.01478385642587143,1.0,0.9852161435741286,1.0,,,0,0,0
primary,both,0.0,0.0,0.3,neutral,100,256,0,1.0,0.9852161435741286,1.0,0.0,0.0,0.9062109375,0.0,0.0,0.01478385642587143,0.0,0.0,0.01478385642587143,0.0,0.0,0.01478385642587143,1.0,0.9852161435741286,1.0,,,0,0,0,0.0,0.0,0.01478385642587143,0.0,0.0,0.01478385642587143,0.0,0.0,0.01478385642587143,1.0,0.9852161435741286,1.0,,,0,0,0
primary,both,0.0,0.0,0.3,neutral,200,256,0,1.0,0.9852161435741286,1.0,0.0,0.0,0.78705078125,0.0,0.0,0.01478385642587143,0.0,0.0,0.01478385642587143,0.0,0.0,0.01478385642587143,1.0,0.9852161435741286,1.0,,,0,0,0,0.0,0.0,0.01478385642587143,0.0,0.0,0.01478385642587143,0.0,0.0,0.01478385642587143,1.0,0.9852161435741286,1.0,,,0,0,0
primary,both,0.0,0.0,0.3,neutral,400,256,0,1.0,0.9852161435741286,1.0,0.0,0.0,0.7280957031249999,0.0,0.0,0.01478385642587143,0.0,0.0,0.01478385642587143,0.0,0.0,0.01478385642587143,1.0,0.9852161435741286,1.0,,,0,0,0,0.0,0.0,0.01478385642587143,0.0,0.0,0.01478385642587143,0.0,0.0,0.01478385642587143,1.0,0.9852161435741286,1.0,,,0,0,0
primary,both,0.0,0.0,0.3,selected,10,256,90,0.6484375,0.5881479534238914,0.704338089199678,16.23828125,1.4141510871327778,2.40234375,0.09765625,0.06702402222215342,0.14018486224554,0.12109375,0.08663517067416432,0.1667557205235664,0.1328125,0.09662155083903351,0.17986034372371584,0.6484375,0.5881479534238914,0.704338089199678,-0.006256815014946255,0.0038326844821238515,31,34,25,0.15234375,0.11348877125313496,0.20147812891797878,0.01953125,0.008370729784579391,0.04489813224965644,0.1796875,0.13750213221413665,0.23134377580868726,0.6484375,0.5881479534238914,0.704338089199678,0.015573673920664595,0.0021858307945440314,5,46,39
primary,both,0.0,0.0,0.3,selected,40,256,0,1.0,0.9852161435741286,1.0,0.0,0.0,1.2353515625,0.0,0.0,0.01478385642587143,0.0,0.0,0.01478385642587143,0.0,0.0,0.01478385642587143,1.0,0.9852161435741286,1.0,,,0,0,0,0.0,0.0,0.01478385642587143,0.0,0.0,0.01478385642587143,0.0,0.0,0.01478385642587143,1.0,0.9852161435741286,1.0,,,0,0,0
primary,both,0.0,0.0,0.3,selected,50,256,0,1.0,0.9852161435741286,1.0,0.0,0.0,1.127578125,0.0,0.0,0.01478385642587143,0.0,0.0,0.01478385642587143,0.0,0.0,0.01478385642587143,1.0,0.9852161435741286,1.0,,,0,0,0,0.0,0.0,0.01478385642587143,0.0,0.0,0.01478385642587143,0.0,0.0,0.01478385642587143,1.0,0.9852161435741286,1.0,,,0,0,0
primary,both,0.0,0.0,0.3,selected,100,256,0,1.0,0.9852161435741286,1.0,0.0,0.0,0.9062109375,0.0,0.0,0.01478385642587143,0.0,0.0,0.01478385642587143,0.0,0.0,0.01478385642587143,1.0,0.9852161435741286,1.0,,,0,0,0,0.0,0.0,0.01478385642587143,0.0,0.0,0.01478385642587143,0.0,0.0,0.01478385642587143,1.0,0.9852161435741286,1.0,,,0,0,0
primary,both,0.0,0.0,0.3,selected,200,256,0,1.0,0.9852161435741286,1.0,0.0,0.0,0.78705078125,0.0,0.0,0.01478385642587143,0.0,0.0,0.01478385642587143,0.0,0.0,0.01478385642587143,1.0,0.9852161435741286,1.0,,,0,0,0,0.0,0.0,0.01478385642587143,0.0,0.0,0.01478385642587143,0.0,0.0,0.01478385642587143,1.0,0.9852161435741286,1.0,,,0,0,0
primary,both,0.0,0.0,0.3,selected,400,256,0,1.0,0.9852161435741286,1.0,0.0,0.0,0.7280957031249999,0.0,0.0,0.01478385642587143,0.0,0.0,0.01478385642587143,0.0,0.0,0.01478385642587143,1.0,0.9852161435741286,1.0,,,0,0,0,0.0,0.0,0.01478385642587143,0.0,0.0,0.01478385642587143,0.0,0.0,0.01478385642587143,1.0,0.9852161435741286,1.0,,,0,0,0
primary,both,0.0,0.0,0.7,fixed,10,256,74,0.7109375,0.6526113609415182,0.7630266996288174,13.30078125,1.3360104854432495,2.40234375,0.0,0.0,0.01478385642587143,0.0,0.0,0.01478385642587143,0.2890625,0.2369733003711826,0.34738863905848194,0.7109375,0.6526113609415182,0.7630266996288174,7.50150692314295e-18,9.146227020539627e-18,0,74,0,0.0,0.0,0.01478385642587143,0.0,0.0,0.01478385642587143,0.2890625,0.2369733003711826,0.34738863905848194,0.7109375,0.6526113609415182,0.7630266996288174,9.00180830777154e-18,1.2226393961143399e-17,0,74,0
primary,both,0.0,0.0,0.7,fixed,40,256,5,0.98046875,0.9551018677503436,0.9916292702154206,0.9375,0.4159614129445465,1.2353515625,0.0,0.0,0.01478385642587143,0.0,0.0,0.01478385642587143,0.01953125,0.008370729784579391,0.04489813224965644,0.98046875,0.9551018677503436,0.9916292702154206,0.0,0.0,0,5,0,0.0,0.0,0.01478385642587143,0.0,0.0,0.01478385642587143,0.01953125,0.008370729784579391,0.04489813224965644,0.98046875,0.9551018677503436,0.9916292702154206,0.0,0.0,0,5,0
primary,both,0.0,0.0,0.7,fixed,50,256,2,0.9921875,0.9719672316984642,0.9978549096323186,0.375,0.264644600749538,1.127578125,0.0,0.0,0.01478385642587143,0.0,0.0,0.01478385642587143,0.0078125,0.002145090367681419,0.028032768301535768,0.9921875,0.9719672316984642,0.9978549096323186,0.0,0.0,0,2,0,0.0,0.0,0.01478385642587143,0.0,0.0,0.01478385642587143,0.0078125,0.002145090367681419,0.028032768301535768,0.9921875,0.9719672316984642,0.9978549096323186,0.0,0.0,0,2,0
primary,both,0.0,0.0,0.7,fixed,100,256,0,1.0,0.9852161435741286,1.0,0.0,0.0,0.9062109375,0.0,0.0,0.01478385642587143,0.0,0.0,0.01478385642587143,0.0,0.0,0.01478385642587143,1.0,0.9852161435741286,1.0,,,0,0,0,0.0,0.0,0.01478385642587143,0.0,0.0,0.01478385642587143,0.0,0.0,0.01478385642587143,1.0,0.9852161435741286,1.0,,,0,0,0
primary,both,0.0,0.0,0.7,fixed,200,256,0,1.0,0.9852161435741286,1.0,0.0,0.0,0.78705078125,0.0,0.0,0.01478385642587143,0.0,0.0,0.01478385642587143,0.0,0.0,0.01478385642587143,1.0,0.9852161435741286,1.0,,,0,0,0,0.0,0.0,0.01478385642587143,0.0,0.0,0.01478385642587143,0.0,0.0,0.01478385642587143,1.0,0.9852161435741286,1.0,,,0,0,0
primary,both,0.0,0.0,0.7,fixed,400,256,0,1.0,0.9852161435741286,1.0,0.0,0.0,0.7280957031249999,0.0,0.0,0.01478385642587143,0.0,0.0,0.01478385642587143,0.0,0.0,0.01478385642587143,1.0,0.9852161435741286,1.0,,,0,0,0,0.0,0.0,0.01478385642587143,0.0,0.0,0.01478385642587143,0.0,0.0,0.01478385642587143,1.0,0.9852161435741286,1.0,,,0,0,0
primary,both,0.0,0.0,0.7,neutral,10,256,77,0.69921875,0.6404354133918495,0.7521116438134674,13.66796875,1.346841674464598,2.40234375,0.02734375,0.013307156355121155,0.05535570792246043,0.05859375,0.03582660763317509,0.09441226561778955,0.21484375,0.16894358808976334,0.26917533002811644,0.69921875,0.6404354133918495,0.7521116438134674,-0.0034624963545260446,0.0020060875036041386,15,55,7,0.046875,0.027014851001628076,0.0801330188843179,0.04296875,0.024159813300607562,0.07529105546366555,0.2109375,0.16542210475657976,0.26499981223962715,0.69921875,0.6404354133918495,0.7521116438134674,-0.00021315011371339835,0.0023044676692102434,11,54,12
primary,both,0.0,0.0,0.7,neutral,40,256,4,0.984375,0.9605207372908033,0.9939074017966336,0.75,0.3727875913107813,1.2353515625,0.0,0.0,0.01478385642587143,0.0,0.0,0.01478385642587143,0.015625,0.006092598203366294,0.039479262709196654,0.984375,0.9605207372908033,0.9939074017966336,0.001438153057299385,0.006991328081004644,0,4,0,0.0078125,0.002145090367681419,0.028032768301535768,0.00390625,0.0006898821669617927,0.021790975380582514,0.00390625,0.0006898821669617927,0.021790975380582514,0.984375,0.9605207372908033,0.9939074017966336,0.008002872129793795,0.01440835883799287,1,1,2
primary,both,0.0,0.0,0.7,neutral,50,256,2,0.9921875,0.9719672316984642,0.9978549096323186,0.375,0.264644600749538,1.127578125,0.0,0.0,0.01478385642587143,0.00390625,0.0006898821669617927,0.021790975380582514,0.00390625,0.0006898821669617927,0.021790975380582514,0.9921875,0.9719672316984642,0.9978549096323186,-0.0026226251975456916,0.01979998777674979,1,1,0,0.00390625,0.0006898821669617927,0.021790975380582514,0.00390625,0.0006898821669617927,0.021790975380582514,0.0,0.0,0.01478385642587143,0.9921875,0.9719672316984642,0.9978549096323186,0.005951844709167903,0.03040233991060834,1,0,1
primary,both,0.0,0.0,0.7,neutral,100,256,0,1.0,0.9852161435741286,1.0,0.0,0.0,0.9062109375,0.0,0.0,0.01478385642587143,0.0,0.0,0.01478385642587143,0.0,0.0,0.01478385642587143,1.0,0.9852161435741286,1.0,,,0,0,0,0.0,0.0,0.01478385642587143,0.0,0.0,0.01478385642587143,0.0,0.0,0.01478385642587143,1.0,0.9852161435741286,1.0,,,0,0,0
primary,both,0.0,0.0,0.7,neutral,200,256,0,1.0,0.9852161435741286,1.0,0.0,0.0,0.78705078125,0.0,0.0,0.01478385642587143,0.0,0.0,0.01478385642587143,0.0,0.0,0.01478385642587143,1.0,0.9852161435741286,1.0,,,0,0,0,0.0,0.0,0.01478385642587143,0.0,0.0,0.01478385642587143,0.0,0.0,0.01478385642587143,1.0,0.9852161435741286,1.0,,,0,0,0
primary,both,0.0,0.0,0.7,neutral,400,256,0,1.0,0.9852161435741286,1.0,0.0,0.0,0.7280957031249999,0.0,0.0,0.01478385642587143,0.0,0.0,0.01478385642587143,0.0,0.0,0.01478385642587143,1.0,0.9852161435741286,1.0,,,0,0,0,0.0,0.0,0.01478385642587143,0.0,0.0,0.01478385642587143,0.0,0.0,0.01478385642587143,1.0,0.9852161435741286,1.0,,,0,0,0
primary,both,0.0,0.0,0.7,selected,10,256,83,0.67578125,0.6162096335282949,0.7301554169469846,14.73828125,1.3776459882014118,2.40234375,0.07421875,0.048026107191811204,0.11300077054584494,0.1328125,0.09662155083903351,0.17986034372371584,0.1171875,0.08333128838163656,0.16236260169442127,0.67578125,0.6162096335282949,0.7301554169469846,-0.004456768091252903,0.004125365830595481,34,30,19,0.15625,0.11689244351430939,0.20577145777847722,0.00390625,0.0006898821669617927,0.021790975380582514,0.1640625,0.12372760124959209,0.21433030228654026,0.67578125,0.6162096335282949,0.7301554169469846,0.018544948362331972,0.0019396408726733937,1,42,40
primary,both,0.0,0.0,0.7,selected,40,256,5,0.98046875,0.9551018677503436,0.9916292702154206,0.9375,0.4159614129445465,1.2353515625,0.00390625,0.0006898821669617927,0.021790975380582514,0.015625,0.006092598203366294,0.039479262709196654,0.0,0.0,0.01478385642587143,0.98046875,0.9551018677503436,0.9916292702154206,-0.03327325511981951,0.02413791506307424,4,0,1,0.015625,0.006092598203366294,0.039479262709196654,0.0,0.0,0.01478385642587143,0.00390625,0.0006898821669617927,0.021790975380582514,0.98046875,0.9551018677503436,0.9916292702154206,0.05212886614090621,0.014619627792327708,0,1,4
primary,both,0.0,0.0,0.7,selected,50,256,2,0.9921875,0.9719672316984642,0.9978549096323186,0.375,0.264644600749538,1.127578125,0.0,0.0,0.01478385642587143,0.00390625,0.0006898821669617927,0.021790975380582514,0.00390625,0.0006898821669617927,0.021790975380582514,0.9921875,0.9719672316984642,0.9978549096323186,-0.03485620484935237,0.029654272563610303,1,1,0,0.0078125,0.002145090367681419,0.028032768301535768,0.0,0.0,0.01478385642587143,0.0,0.0,0.01478385642587143,0.9921875,0.9719672316984642,0.9978549096323186,0.057660169806710515,0.003592190653417648,0,0,2
primary,both,0.0,0.0,0.7,selected,100,256,0,1.0,0.9852161435741286,1.0,0.0,0.0,0.9062109375,0.0,0.0,0.01478385642587143,0.0,0.0,0.01478385642587143,0.0,0.0,0.01478385642587143,1.0,0.9852161435741286,1.0,,,0,0,0,0.0,0.0,0.01478385642587143,0.0,0.0,0.01478385642587143,0.0,0.0,0.01478385642587143,1.0,0.9852161435741286,1.0,,,0,0,0
primary,both,0.0,0.0,0.7,selected,200,256,0,1.0,0.9852161435741286,1.0,0.0,0.0,0.78705078125,0.0,0.0,0.01478385642587143,0.0,0.0,0.01478385642587143,0.0,0.0,0.01478385642587143,1.0,0.9852161435741286,1.0,,,0,0,0,0.0,0.0,0.01478385642587143,0.0,0.0,0.01478385642587143,0.0,0.0,0.01478385642587143,1.0,0.9852161435741286,1.0,,,0,0,0
primary,both,0.0,0.0,0.7,selected,400,256,0,1.0,0.9852161435741286,1.0,0.0,0.0,0.7280957031249999,0.0,0.0,0.01478385642587143,0.0,0.0,0.01478385642587143,0.0,0.0,0.01478385642587143,1.0,0.9852161435741286,1.0,,,0,0,0,0.0,0.0,0.01478385642587143,0.0,0.0,0.01478385642587143,0.0,0.0,0.01478385642587143,1.0,0.9852161435741286,1.0,,,0,0,0
primary,both,0.0,0.5,0.3,fixed,10,256,256,0.0,0.0,0.01478385642587143,48.0,0.0,2.40234375,0.0,0.0,0.01478385642587143,0.0,0.0,0.01478385642587143,1.0,0.9852161435741286,1.0,0.0,0.0,0.01478385642587143,0.0,0.0,0,256,0,0.0,0.0,0.01478385642587143,0.0,0.0,0.01478385642587143,1.0,0.9852161435741286,1.0,0.0,0.0,0.01478385642587143,0.0,0.0,0,256,0
primary,both,0.0,0.5,0.3,fixed,40,256,256,0.0,0.0,0.01478385642587143,48.0,0.0,1.2353515625,0.0,0.0,0.01478385642587143,0.0,0.0,0.01478385642587143,1.0,0.9852161435741286,1.0,0.0,0.0,0.01478385642587143,0.0,0.0,0,256,0,0.0,0.0,0.01478385642587143,0.0,0.0,0.01478385642587143,1.0,0.9852161435741286,1.0,0.0,0.0,0.01478385642587143,0.0,0.0,0,256,0
primary,both,0.0,0.5,0.3,fixed,50,256,256,0.0,0.0,0.01478385642587143,48.0,0.0,1.127578125,0.0,0.0,0.01478385642587143,0.0,0.0,0.01478385642587143,1.0,0.9852161435741286,1.0,0.0,0.0,0.01478385642587143,0.0,0.0,0,256,0,0.0,0.0,0.01478385642587143,0.0,0.0,0.01478385642587143,1.0,0.9852161435741286,1.0,0.0,0.0,0.01478385642587143,0.0,0.0,0,256,0
primary,both,0.0,0.5,0.3,fixed,100,256,256,0.0,0.0,0.01478385642587143,48.0,0.0,0.9062109375,0.0,0.0,0.01478385642587143,0.0,0.0,0.01478385642587143,1.0,0.9852161435741286,1.0,0.0,0.0,0.01478385642587143,0.0,0.0,0,256,0,0.0,0.0,0.01478385642587143,0.0,0.0,0.01478385642587143,1.0,0.9852161435741286,1.0,0.0,0.0,0.01478385642587143,0.0,0.0,0,256,0
primary,both,0.0,0.5,0.3,fixed,200,256,256,0.0,0.0,0.01478385642587143,48.0,0.0,0.78705078125,0.0,0.0,0.01478385642587143,0.0,0.0,0.01478385642587143,1.0,0.9852161435741286,1.0,0.0,0.0,0.01478385642587143,0.0,0.0,0,256,0,0.0,0.0,0.01478385642587143,0.0,0.0,0.01478385642587143,1.0,0.9852161435741286,1.0,0.0,0.0,0.01478385642587143,0.0,0.0,0,256,0
primary,both,0.0,0.5,0.3,fixed,400,256,256,0.0,0.0,0.01478385642587143,48.0,0.0,0.7280957031249999,0.0,0.0,0.01478385642587143,0.0,0.0,0.01478385642587143,1.0,0.9852161435741286,1.0,0.0,0.0,0.01478385642587143,0.0,0.0,0,256,0,0.0,0.0,0.01478385642587143,0.0,0.0,0.01478385642587143,1.0,0.9852161435741286,1.0,0.0,0.0,0.01478385642587143,0.0,0.0,0,256,0
primary,both,0.0,0.5,0.3,neutral,10,256,256,0.0,0.0,0.01478385642587143,48.0,0.0,2.40234375,0.1640625,0.12372760124959209,0.21433030228654026,0.21875,0.1724715978199255,0.27334432141962717,0.6171875,0.5563285402485222,0.6745814934016642,0.0,0.0,0.01478385642587143,-0.0012417216162551312,0.0013397369912246796,56,158,42,0.1953125,0.15140411996625466,0.24822979254326075,0.14453125,0.10671067600593546,0.1928622219218325,0.66015625,0.600148571924018,0.71542847406457,0.0,0.0,0.01478385642587143,0.0024052699021986277,0.0013455497745168562,37,169,50
primary,both,0.0,0.5,0.3,neutral,40,256,256,0.0,0.0,0.01478385642587143,48.0,0.0,1.2353515625,0.3203125,0.26617385334096993,0.3797640950620776,0.33984375,0.28457152593543,0.39985142807598195,0.33984375,0.28457152593543,0.39985142807598195,0.0,0.0,0.01478385642587143,-0.0009836207395470566,0.0026141443467746018,87,87,82,0.3359375,0.280883264256863,0.395842688632876,0.33984375,0.28457152593543,0.39985142807598195,0.32421875,0.2698445830530154,0.38379036647170506,0.0,0.0,0.01478385642587143,0.0010581726674061518,0.002443041801106566,87,83,86
primary,both,0.0,0.5,0.3,neutral,50,256,256,0.0,0.0,0.01478385642587143,48.0,0.0,1.127578125,0.3515625,0.295661910800322,0.41185204657610863,0.3671875,0.3105076134241139,0.4277943484390082,0.28125,0.2297209150846507,0.33924702210166807,0.0,0.0,0.01478385642587143,-0.0016539009655515589,0.0028057094968880676,94,72,90,0.34765625,0.29196088318828545,0.40785607306647226,0.3203125,0.26617385334096993,0.3797640950620776,0.33203125,0.2771993280647148,0.3918296237033514,0.0,0.0,0.01478385642587143,0.0015048738010197927,0.002539221224385606,82,85,89
primary,both,0.0,0.5,0.3,neutral,100,256,256,0.0,0.0,0.01478385642587143,48.0,0.0,0.9062109375,0.375,0.31795501653541774,0.43574094757105014,0.4453125,0.38568587527356124,0.5065561090230184,0.1796875,0.13750213221413665,0.23134377580868726,0.0,0.0,0.01478385642587143,-0.005860297934618372,0.003371632928268569,114,46,96,0.359375,0.30307650360756977,0.4198314560122066,0.3359375,0.280883264256863,0.395842688632876,0.3046875,0.25153621542356636,0.36361372849278967,0.0,0.0,0.01478385642587143,0.00048020558645072656,0.003096158719906314,86,78,92
primary,both,0.0,0.5,0.3,neutral,200,256,256,0.0,0.0,0.01478385642587143,48.0,0.0,0.78705078125,0.3828125,0.3254185065983358,0.4436714597514778,0.453125,0.3932873375109957,0.5143486490289297,0.1640625,0.12372760124959209,0.21433030228654026,0.0,0.0,0.01478385642587143,-0.004965625523396748,0.003641511236247523,116,42,98,0.3828125,0.3254185065983358,0.4436714597514778,0.35546875,0.29936712788953435,0.4158438306085691,0.26171875,0.21167863808724405,0.31880429349071027,0.0,0.0,0.01478385642587143,-0.0007463640518053369,0.0033886800894569243,91,67,98
primary,both,0.0,0.5,0.3,neutral,400,256,256,0.0,0.0,0.01478385642587143,48.0,0.0,0.7280957031249999,0.390625,0.33289789371255574,0.45158607488060365,0.45703125,0.3970936285540288,0.5182393591075696,0.15234375,0.11348877125313496,0.20147812891797878,0.0,0.0,0.01478385642587143,-0.004929118035726216,0.0036962561991734505,117,39,100,0.38671875,0.3291562242738866,0.4476307431975999,0.3671875,0.3105076134241139,0.4277943484390082,0.24609375,0.19734067215723067,0.3023542549340322,0.0,0.0,0.01478385642587143,-0.0014277124927281947,0.003439643679479039,94,63,99
primary,both,0.0,0.5,0.3,selected,10,256,256,0.0,0.0,0.01478385642587143,48.0,0.0,2.40234375,0.265625,0.21527669094275786,0.3229032417568694,0.23046875,0.183093576056734,0.28581334654783735,0.50390625,0.4430558870480185,0.5646411140736544,0.0,0.0,0.01478385642587143,0.0004160520393934734,0.0017805439081738062,59,129,68,0.23046875,0.183093576056734,0.28581334654783735,0.140625,0.10333688392273097,0.18853901288336414,0.62890625,0.5682303286253407,0.6857707083898643,0.0,0.0,0.01478385642587143,0.0029696260540653433,0.0014253010507329854,36,161,59
primary,both,0.0,0.5,0.3,selected,40,256,256,0.0,0.0,0.01478385642587143,48.0,0.0,1.2353515625,0.40625,0.34790367679855766,0.4673682962812932,0.3671875,0.3105076134241139,0.4277943484390082,0.2265625,0.1795467073799799,0.28166321410291856,0.0,0.0,0.01478385642587143,0.003643296869830284,0.003071219002673285,94,58,104,0.26953125,0.2188800151092185,0.3269969187120816,0.41796875,0.35919855391479266,0.4791644225300769,0.3125,0.2588458887858718,0.37169805737383,0.0,0.0,0.01478385642587143,-0.009646190159849116,0.0027419245568622796,107,80,69
primary,both,0.0,0.5,0.3,selected,50,256,256,0.0,0.0,0.01478385642587143,48.0,0.0,1.127578125,0.42578125,0.36674752969705376,0.48700944899116155,0.36328125,0.3067900082905613,0.4238149524508879,0.2109375,0.16542210475657976,0.26499981223962715,0.0,0.0,0.01478385642587143,0.003791074120282639,0.003181711535611405,93,54,109,0.23046875,0.183093576056734,0.28581334654783735,0.44921875,0.389484750270348,0.5104542351479046,0.3203125,0.26617385334096993,0.3797640950620776,0.0,0.0,0.01478385642587143,-0.013704586488350684,0.0028927122370091215,115,82,59
primary,both,0.0,0.5,0.3,selected,100,256,256,0.0,0.0,0.01478385642587143,48.0,0.0,0.9062109375,0.44140625,0.38189072167350635,0.5026542615014005,0.375,0.31795501653541774,0.43574094757105014,0.18359375,0.14096616877647156,0.23557674036802523,0.0,0.0,0.01478385642587143,0.005796308423295735,0.003522228949148037,96,47,113,0.21484375,0.16894358808976334,0.26917533002811644,0.5390625,0.47787362687823687,0.599096384338492,0.24609375,0.19734067215723067,0.3023542549340322,0.0,0.0,0.01478385642587143,-0.021534800482227397,0.0032257623709776636,138,63,55
primary,both,0.0,0.5,0.3,selected,200,256,256,0.0,0.0,0.01478385642587143,48.0,0.0,0.78705078125,0.4609375,0.40090361566150806,0.5221263731217632,0.37890625,0.32168476294187087,0.43970820228626983,0.16015625,0.12030547683153675,0.21005542558292273,0.0,0.0,0.01478385642587143,0.006643537799854044,0.0036006334117557317,97,41,118,0.2109375,0.16542210475657976,0.26499981223962715,0.5625,0.5012513172897817,0.6219007006569843,0.2265625,0.1795467073799799,0.28166321410291856,0.0,0.0,0.01478385642587143,-0.024725321530219037,0.0033090515355445244,144,58,54
primary,both,0.0,0.5,0.3,selected,400,256,256,0.0,0.0,0.01478385642587143,48.0,0.0,0.7280957031249999,0.45703125,0.3970936285540288,0.5182393591075696,0.375,0.31795501653541774,0.43574094757105014,0.16796875,0.12715856241588983,0.2185963422419154,0.0,0.0,0.01478385642587143,0.007169206224753179,0.0036301596777147307,96,43,117,0.2109375,0.16542210475657976,0.26499981223962715,0.56640625,0.5051606379526138,0.6256883811158253,0.22265625,0.17600601030365376,0.27750691005757183,0.0,0.0,0.01478385642587143,-0.02504905580993888,0.003332509779046203,145,57,54
primary,both,0.0,0.5,0.7,fixed,10,256,256,0.0,0.0,0.01478385642587143,48.0,0.0,2.40234375,0.0,0.0,0.01478385642587143,0.0,0.0,0.01478385642587143,1.0,0.9852161435741286,1.0,0.0,0.0,0.01478385642587143,0.0,0.0,0,256,0,0.0,0.0,0.01478385642587143,0.0,0.0,0.01478385642587143,1.0,0.9852161435741286,1.0,0.0,0.0,0.01478385642587143,0.0,0.0,0,256,0
primary,both,0.0,0.5,0.7,fixed,40,256,256,0.0,0.0,0.01478385642587143,48.0,0.0,1.2353515625,0.0,0.0,0.01478385642587143,0.0,0.0,0.01478385642587143,1.0,0.9852161435741286,1.0,0.0,0.0,0.01478385642587143,0.0,0.0,0,256,0,0.0,0.0,0.01478385642587143,0.0,0.0,0.01478385642587143,1.0,0.9852161435741286,1.0,0.0,0.0,0.01478385642587143,0.0,0.0,0,256,0
primary,both,0.0,0.5,0.7,fixed,50,256,256,0.0,0.0,0.01478385642587143,48.0,0.0,1.127578125,0.0,0.0,0.01478385642587143,0.0,0.0,0.01478385642587143,1.0,0.9852161435741286,1.0,0.0,0.0,0.01478385642587143,0.0,0.0,0,256,0,0.0,0.0,0.01478385642587143,0.0,0.0,0.01478385642587143,1.0,0.9852161435741286,1.0,0.0,0.0,0.01478385642587143,0.0,0.0,0,256,0
primary,both,0.0,0.5,0.7,fixed,100,256,256,0.0,0.0,0.01478385642587143,48.0,0.0,0.9062109375,0.0,0.0,0.01478385642587143,0.0,0.0,0.01478385642587143,1.0,0.9852161435741286,1.0,0.0,0.0,0.01478385642587143,0.0,0.0,0,256,0,0.0,0.0,0.01478385642587143,0.0,0.0,0.01478385642587143,1.0,0.9852161435741286,1.0,0.0,0.0,0.01478385642587143,0.0,0.0,0,256,0
primary,both,0.0,0.5,0.7,fixed,200,256,256,0.0,0.0,0.01478385642587143,48.0,0.0,0.78705078125,0.0,0.0,0.01478385642587143,0.0,0.0,0.01478385642587143,1.0,0.9852161435741286,1.0,0.0,0.0,0.01478385642587143,0.0,0.0,0,256,0,0.0,0.0,0.01478385642587143,0.0,0.0,0.01478385642587143,1.0,0.9852161435741286,1.0,0.0,0.0,0.01478385642587143,0.0,0.0,0,256,0
primary,both,0.0,0.5,0.7,fixed,400,256,256,0.0,0.0,0.01478385642587143,48.0,0.0,0.7280957031249999,0.0,0.0,0.01478385642587143,0.0,0.0,0.01478385642587143,1.0,0.9852161435741286,1.0,0.0,0.0,0.01478385642587143,0.0,0.0,0,256,0,0.0,0.0,0.01478385642587143,0.0,0.0,0.01478385642587143,1.0,0.9852161435741286,1.0,0.0,0.0,0.01478385642587143,0.0,0.0,0,256,0
primary,both,0.0,0.5,0.7,neutral,10,256,256,0.0,0.0,0.01478385642587143,48.0,0.0,2.40234375,0.19140625,0.14791734057779737,0.24401957081004516,0.16796875,0.12715856241588983,0.2185963422419154,0.640625,0.5801685439877934,0.6969234963924303,0.0,0.0,0.01478385642587143,0.0008381852439885841,0.0013931469337850162,43,164,49,0.17578125,0.13404604842154846,0.22710285847960257,0.171875,0.13059812036467136,0.2228537854148068,0.65234375,0.5921439269335277,0.7080391168117145,0.0,0.0,0.01478385642587143,0.00017015113638855638,0.0013150016673588944,44,167,45
primary,both,0.0,0.5,0.7,neutral,40,256,256,0.0,0.0,0.01478385642587143,48.0,0.0,1.2353515625,0.34765625,0.29196088318828545,0.40785607306647226,0.3046875,0.25153621542356636,0.36361372849278967,0.34765625,0.29196088318828545,0.40785607306647226,0.0,0.0,0.01478385642587143,0.0014713617307143215,0.002582762686887275,78,89,89,0.30078125,0.24788835618653265,0.35956458660815055,0.37109375,0.3142292916101357,0.43176967137465927,0.328125,0.2735197547273731,0.38781219591902016,0.0,0.0,0.01478385642587143,-0.00403305899975652,0.0024608614910741934,95,84,77
primary,both,0.0,0.5,0.7,neutral,50,256,256,0.0,0.0,0.01478385642587143,48.0,0.0,1.127578125,0.33984375,0.28457152593543,0.39985142807598195,0.33984375,0.28457152593543,0.39985142807598195,0.3203125,0.26617385334096993,0.3797640950620776,0.0,0.0,0.01478385642587143,0.00013038221522495468,0.00278705402943223,87,82,87,0.32421875,0.2698445830530154,0.38379036647170506,0.3984375,0.3403930035879241,0.459484967248581,0.27734375,0.22610219451112512,0.3351687415535207,0.0,0.0,0.01478385642587143,-0.004170238309222411,0.002676947261747843,102,71,83
primary,both,0.0,0.5,0.7,neutral,100,256,256,0.0,0.0,0.01478385642587143,48.0,0.0,0.9062109375,0.3984375,0.3403930035879241,0.459484967248581,0.3828125,0.3254185065983358,0.4436714597514778,0.21875,0.1724715978199255,0.27334432141962717,0.0,0.0,0.01478385642587143,0.0017681544353289448,0.003235599865885058,98,56,102,0.34375,0.28826407712322777,0.403855878009857,0.4609375,0.40090361566150806,0.5221263731217632,0.1953125,0.15140411996625466,0.24822979254326075,0.0,0.0,0.01478385642587143,-0.007282923745262243,0.0033067482764290394,118,50,88
primary,both,0.0,0.5,0.7,neutral,200,256,256,0.0,0.0,0.01478385642587143,48.0,0.0,0.78705078125,0.3828125,0.3254185065983358,0.4436714597514778,0.39453125,0.33664349360941154,0.45553747610542067,0.22265625,0.17600601030365376,0.27750691005757183,0.0,0.0,0.01478385642587143,0.0002788106913201014,0.0034270843100911,101,57,98,0.35546875,0.29936712788953435,0.4158438306085691,0.484375,0.4238408093138977,0.5453711861994108,0.16015625,0.12030547683153675,0.21005542558292273,0.0,0.0,0.01478385642587143,-0.00884430299448284,0.0035810250894094675,124,41,91
primary,both,0.0,0.5,0.7,neutral,400,256,256,0.0,0.0,0.01478385642587143,48.0,0.0,0.7280957031249999,0.3828125,0.3254185065983358,0.4436714597514778,0.3984375,0.3403930035879241,0.459484967248581,0.21875,0.1724715978199255,0.27334432141962717,0.0,0.0,0.01478385642587143,-0.00014652963746432292,0.003478127645063261,102,56,98,0.3671875,0.3105076134241139,0.4277943484390082,0.48828125,0.4276765099686914,0.5492324866662899,0.14453125,0.10671067600593546,0.1928622219218325,0.0,0.0,0.01478385642587143,-0.008548028868073692,0.0036406466980942144,125,37,94
primary,both,0.0,0.5,0.7,selected,10,256,256,0.0,0.0,0.01478385642587143,48.0,0.0,2.40234375,0.23046875,0.183093576056734,0.28581334654783735,0.26953125,0.2188800151092185,0.3269969187120816,0.5,0.43920555858906296,0.560794441410937,0.0,0.0,0.01478385642587143,-0.0019040755698210596,0.0017541936102596124,69,128,59,0.203125,0.15839924133131683,0.25662867342154433,0.16796875,0.12715856241588983,0.2185963422419154,0.62890625,0.5682303286253407,0.6857707083898643,0.0,0.0,0.01478385642587143,0.0012286073515828588,0.0013948392027287528,43,161,52
primary,both,0.0,0.5,0.7,selected,40,256,256,0.0,0.0,0.01478385642587143,48.0,0.0,1.2353515625,0.3828125,0.3254185065983358,0.4436714597514778,0.40625,0.34790367679855766,0.4673682962812932,0.2109375,0.16542210475657976,0.26499981223962715,0.0,0.0,0.01478385642587143,-0.002429229938170462,0.003126497684810441,104,54,98,0.23828125,0.1902054003663705,0.2940955244815466,0.47265625,0.4123556863984164,0.5337653057498734,0.2890625,0.2369733003711826,0.34738863905848194,0.0,0.0,0.01478385642587143,-0.013187834278540768,0.0025915769994798903,121,74,61
primary,both,0.0,0.5,0.7,selected,50,256,256,0.0,0.0,0.01478385642587143,48.0,0.0,1.127578125,0.37890625,0.32168476294187087,0.43970820228626983,0.421875,0.36297114591343,0.4830888316531124,0.19921875,0.15489813913670408,0.2524327744944842,0.0,0.0,0.01478385642587143,-0.002392631360312142,0.0032895432336337007,108,51,97,0.26171875,0.21167863808724405,0.31880429349071027,0.46484375,0.4047172917918608,0.5260096981130833,0.2734375,0.22248853918114145,0.33108539576183155,0.0,0.0,0.01478385642587143,-0.013940811324381255,0.002749859279325071,119,70,67
primary,both,0.0,0.5,0.7,selected,100,256,256,0.0,0.0,0.01478385642587143,48.0,0.0,0.9062109375,0.42578125,0.36674752969705376,0.48700944899116155,0.4296875,0.37052769163836163,0.4909262881715265,0.14453125,0.10671067600593546,0.1928622219218325,0.0,0.0,0.01478385642587143,-0.0001753341447759387,0.0035743879941076083,110,37,109,0.2109375,0.16542210475657976,0.26499981223962715,0.55859375,0.49734573849859953,0.6181092783264936,0.23046875,0.183093576056734,0.28581334654783735,0.0,0.0,0.01478385642587143,-0.02292430182240711,0.003075064227095085,143,59,54
primary,both,0.0,0.5,0.7,selected,200,256,256,0.0,0.0,0.01478385642587143,48.0,0.0,0.78705078125,0.42578125,0.36674752969705376,0.48700944899116155,0.44140625,0.38189072167350635,0.5026542615014005,0.1328125,0.09662155083903351,0.17986034372371584,0.0,0.0,0.01478385642587143,-0.0003589513408121612,0.003724831526894258,113,34,109,0.2109375,0.16542210475657976,0.26499981223962715,0.5859375,0.5247637927926416,0.6445702318841617,0.203125,0.15839924133131683,0.25662867342154433,0.0,0.0,0.01478385642587143,-0.025979842008821856,0.0031857757543819203,150,52,54
primary,both,0.0,0.5,0.7,selected,400,256,256,0.0,0.0,0.01478385642587143,48.0,0.0,0.7280957031249999,0.42578125,0.36674752969705376,0.48700944899116155,0.44140625,0.38189072167350635,0.5026542615014005,0.1328125,0.09662155083903351,0.17986034372371584,0.0,0.0,0.01478385642587143,-0.0002852073014085665,0.003731933614588232,113,34,109,0.203125,0.15839924133131683,0.25662867342154433,0.59765625,0.5365714322203831,0.655853595821439,0.19921875,0.15489813913670408,0.2524327744944842,0.0,0.0,0.01478385642587143,-0.026358994496961607,0.003185197600636635,153,51,52
primary,both,0.75,0.0,0.3,fixed,10,256,249,0.02734375,0.013307156355121155,0.05535570792246043,7.5,0.5558842981603065,2.40234375,0.0,0.0,0.01478385642587143,0.0,0.0,0.01478385642587143,0.97265625,0.9446442920775396,0.9866928436448789,0.02734375,0.013307156355121155,0.05535570792246043,9.809199414358813e-18,1.4195476377596747e-17,0,249,0,0.0,0.0,0.01478385642587143,0.0,0.0,0.01478385642587143,0.97265625,0.9446442920775396,0.9866928436448789,0.02734375,0.013307156355121155,0.05535570792246043,5.573408758158416e-18,2.1794090413826144e-17,0,249,0
primary,both,0.75,0.0,0.3,fixed,40,256,0,1.0,0.9852161435741286,1.0,0.0,0.0,1.2353515625,0.0,0.0,0.01478385642587143,0.0,0.0,0.01478385642587143,0.0,0.0,0.01478385642587143,1.0,0.9852161435741286,1.0,,,0,0,0,0.0,0.0,0.01478385642587143,0.0,0.0,0.01478385642587143,0.0,0.0,0.01478385642587143,1.0,0.9852161435741286,1.0,,,0,0,0
primary,both,0.75,0.0,0.3,fixed,50,256,0,1.0,0.9852161435741286,1.0,0.0,0.0,1.127578125,0.0,0.0,0.01478385642587143,0.0,0.0,0.01478385642587143,0.0,0.0,0.01478385642587143,1.0,0.9852161435741286,1.0,,,0,0,0,0.0,0.0,0.01478385642587143,0.0,0.0,0.01478385642587143,0.0,0.0,0.01478385642587143,1.0,0.9852161435741286,1.0,,,0,0,0
primary,both,0.75,0.0,0.3,fixed,100,256,0,1.0,0.9852161435741286,1.0,0.0,0.0,0.9062109375,0.0,0.0,0.01478385642587143,0.0,0.0,0.01478385642587143,0.0,0.0,0.01478385642587143,1.0,0.9852161435741286,1.0,,,0,0,0,0.0,0.0,0.01478385642587143,0.0,0.0,0.01478385642587143,0.0,0.0,0.01478385642587143,1.0,0.9852161435741286,1.0,,,0,0,0
primary,both,0.75,0.0,0.3,fixed,200,256,0,1.0,0.9852161435741286,1.0,0.0,0.0,0.78705078125,0.0,0.0,0.01478385642587143,0.0,0.0,0.01478385642587143,0.0,0.0,0.01478385642587143,1.0,0.9852161435741286,1.0,,,0,0,0,0.0,0.0,0.01478385642587143,0.0,0.0,0.01478385642587143,0.0,0.0,0.01478385642587143,1.0,0.9852161435741286,1.0,,,0,0,0
primary,both,0.75,0.0,0.3,fixed,400,256,0,1.0,0.9852161435741286,1.0,0.0,0.0,0.7280957031249999,0.0,0.0,0.01478385642587143,0.0,0.0,0.01478385642587143,0.0,0.0,0.01478385642587143,1.0,0.9852161435741286,1.0,,,0,0,0,0.0,0.0,0.01478385642587143,0.0,0.0,0.01478385642587143,0.0,0.0,0.01478385642587143,1.0,0.9852161435741286,1.0,,,0,0,0
primary,both,0.75,0.0,0.3,neutral,10,256,248,0.03125,0.015918258891511296,0.06044160650774316,6.9140625,0.4742142200053364,2.40234375,0.1875,0.14443796573655726,0.2398019445296124,0.16015625,0.12030547683153675,0.21005542558292273,0.62109375,0.5602917977137302,0.678315237058129,0.03125,0.015918258891511296,0.06044160650774316,0.0012399609910508907,0.0014970206996550886,41,159,48,0.1328125,0.09662155083903351,0.17986034372371584,0.1875,0.14443796573655726,0.2398019445296124,0.6484375,0.5881479534238914,0.704338089199678,0.03125,0.015918258891511296,0.06044160650774316,-0.0024002963403984023,0.001363491629419759,48,166,34
primary,both,0.75,0.0,0.3,neutral,40,256,0,1.0,0.9852161435741286,1.0,0.0,0.0,1.2353515625,0.0,0.0,0.01478385642587143,0.0,0.0,0.01478385642587143,0.0,0.0,0.01478385642587143,1.0,0.9852161435741286,1.0,,,0,0,0,0.0,0.0,0.01478385642587143,0.0,0.0,0.01478385642587143,0.0,0.0,0.01478385642587143,1.0,0.9852161435741286,1.0,,,0,0,0
primary,both,0.75,0.0,0.3,neutral,50,256,0,1.0,0.9852161435741286,1.0,0.0,0.0,1.127578125,0.0,0.0,0.01478385642587143,0.0,0.0,0.01478385642587143,0.0,0.0,0.01478385642587143,1.0,0.9852161435741286,1.0,,,0,0,0,0.0,0.0,0.01478385642587143,0.0,0.0,0.01478385642587143,0.0,0.0,0.01478385642587143,1.0,0.9852161435741286,1.0,,,0,0,0
primary,both,0.75,0.0,0.3,neutral,100,256,0,1.0,0.9852161435741286,1.0,0.0,0.0,0.9062109375,0.0,0.0,0.01478385642587143,0.0,0.0,0.01478385642587143,0.0,0.0,0.01478385642587143,1.0,0.9852161435741286,1.0,,,0,0,0,0.0,0.0,0.01478385642587143,0.0,0.0,0.01478385642587143,0.0,0.0,0.01478385642587143,1.0,0.9852161435741286,1.0,,,0,0,0
primary,both,0.75,0.0,0.3,neutral,200,256,0,1.0,0.9852161435741286,1.0,0.0,0.0,0.78705078125,0.0,0.0,0.01478385642587143,0.0,0.0,0.01478385642587143,0.0,0.0,0.01478385642587143,1.0,0.9852161435741286,1.0,,,0,0,0,0.0,0.0,0.01478385642587143,0.0,0.0,0.01478385642587143,0.0,0.0,0.01478385642587143,1.0,0.9852161435741286,1.0,,,0,0,0
primary,both,0.75,0.0,0.3,neutral,400,256,0,1.0,0.9852161435741286,1.0,0.0,0.0,0.7280957031249999,0.0,0.0,0.01478385642587143,0.0,0.0,0.01478385642587143,0.0,0.0,0.01478385642587143,1.0,0.9852161435741286,1.0,,,0,0,0,0.0,0.0,0.01478385642587143,0.0,0.0,0.01478385642587143,0.0,0.0,0.01478385642587143,1.0,0.9852161435741286,1.0,,,0,0,0
primary,both,0.75,0.0,0.3,selected,10,256,247,0.03515625,0.018604096092635542,0.0654527704282918,6.87890625,0.4820498206849535,2.40234375,0.1796875,0.13750213221413665,0.23134377580868726,0.1328125,0.09662155083903351,0.17986034372371584,0.65234375,0.5921439269335277,0.7080391168117145,0.03515625,0.018604096092635542,0.0654527704282918,0.002048103112418949,0.00146556459156147,34,167,46,0.16796875,0.12715856241588983,0.2185963422419154,0.1640625,0.12372760124959209,0.21433030228654026,0.6328125,0.5722056515609918,0.6894923865758861,0.03515625,0.018604096092635542,0.0654527704282918,0.00023899083026031516,0.0014470704488789379,42,162,43
primary,both,0.75,0.0,0.3,selected,40,256,0,1.0,0.9852161435741286,1.0,0.0,0.0,1.2353515625,0.0,0.0,0.01478385642587143,0.0,0.0,0.01478385642587143,0.0,0.0,0.01478385642587143,1.0,0.9852161435741286,1.0,,,0,0,0,0.0,0.0,0.01478385642587143,0.0,0.0,0.01478385642587143,0.0,0.0,0.01478385642587143,1.0,0.9852161435741286,1.0,,,0,0,0
primary,both,0.75,0.0,0.3,selected,50,256,0,1.0,0.9852161435741286,1.0,0.0,0.0,1.127578125,0.0,0.0,0.01478385642587143,0.0,0.0,0.01478385642587143,0.0,0.0,0.01478385642587143,1.0,0.9852161435741286,1.0,,,0,0,0,0.0,0.0,0.01478385642587143,0.0,0.0,0.01478385642587143,0.0,0.0,0.01478385642587143,1.0,0.9852161435741286,1.0,,,0,0,0
primary,both,0.75,0.0,0.3,selected,100,256,0,1.0,0.9852161435741286,1.0,0.0,0.0,0.9062109375,0.0,0.0,0.01478385642587143,0.0,0.0,0.01478385642587143,0.0,0.0,0.01478385642587143,1.0,0.9852161435741286,1.0,,,0,0,0,0.0,0.0,0.01478385642587143,0.0,0.0,0.01478385642587143,0.0,0.0,0.01478385642587143,1.0,0.9852161435741286,1.0,,,0,0,0
primary,both,0.75,0.0,0.3,selected,200,256,0,1.0,0.9852161435741286,1.0,0.0,0.0,0.78705078125,0.0,0.0,0.01478385642587143,0.0,0.0,0.01478385642587143,0.0,0.0,0.01478385642587143,1.0,0.9852161435741286,1.0,,,0,0,0,0.0,0.0,0.01478385642587143,0.0,0.0,0.01478385642587143,0.0,0.0,0.01478385642587143,1.0,0.9852161435741286,1.0,,,0,0,0
primary,both,0.75,0.0,0.3,selected,400,256,0,1.0,0.9852161435741286,1.0,0.0,0.0,0.7280957031249999,0.0,0.0,0.01478385642587143,0.0,0.0,0.01478385642587143,0.0,0.0,0.01478385642587143,1.0,0.9852161435741286,1.0,,,0,0,0,0.0,0.0,0.01478385642587143,0.0,0.0,0.01478385642587143,0.0,0.0,0.01478385642587143,1.0,0.9852161435741286,1.0,,,0,0,0
primary,both,0.75,0.0,0.7,fixed,10,256,250,0.0234375,0.010784867555857603,0.0501809956000511,6.70703125,0.48656942580028734,2.40234375,0.0,0.0,0.01478385642587143,0.0,0.0,0.01478385642587143,0.9765625,0.9498190043999489,0.9892151324441424,0.0234375,0.010784867555857603,0.0501809956000511,-4.9737991503207014e-17,2.6534486063692794e-17,0,250,0,0.0,0.0,0.01478385642587143,0.0,0.0,0.01478385642587143,0.9765625,0.9498190043999489,0.9892151324441424,0.0234375,0.010784867555857603,0.0501809956000511,1.3766765505351941e-17,2.242035474247233e-17,0,250,0
primary,both,0.75,0.0,0.7,fixed,40,256,1,0.99609375,0.9782090246194175,0.9993101178330381,0.00390625,0.00390625,1.2353515625,0.0,0.0,0.01478385642587143,0.0,0.0,0.01478385642587143,0.00390625,0.0006898821669617927,0.021790975380582514,0.99609375,0.9782090246194175,0.9993101178330381,-2.220446049250313e-16,,0,1,0,0.0,0.0,0.01478385642587143,0.0,0.0,0.01478385642587143,0.00390625,0.0006898821669617927,0.021790975380582514,0.99609375,0.9782090246194175,0.9993101178330381,0.0,,0,1,0
primary,both,0.75,0.0,0.7,fixed,50,256,0,1.0,0.9852161435741286,1.0,0.0,0.0,1.127578125,0.0,0.0,0.01478385642587143,0.0,0.0,0.01478385642587143,0.0,0.0,0.01478385642587143,1.0,0.9852161435741286,1.0,,,0,0,0,0.0,0.0,0.01478385642587143,0.0,0.0,0.01478385642587143,0.0,0.0,0.01478385642587143,1.0,0.9852161435741286,1.0,,,0,0,0
primary,both,0.75,0.0,0.7,fixed,100,256,0,1.0,0.9852161435741286,1.0,0.0,0.0,0.9062109375,0.0,0.0,0.01478385642587143,0.0,0.0,0.01478385642587143,0.0,0.0,0.01478385642587143,1.0,0.9852161435741286,1.0,,,0,0,0,0.0,0.0,0.01478385642587143,0.0,0.0,0.01478385642587143,0.0,0.0,0.01478385642587143,1.0,0.9852161435741286,1.0,,,0,0,0
primary,both,0.75,0.0,0.7,fixed,200,256,0,1.0,0.9852161435741286,1.0,0.0,0.0,0.78705078125,0.0,0.0,0.01478385642587143,0.0,0.0,0.01478385642587143,0.0,0.0,0.01478385642587143,1.0,0.9852161435741286,1.0,,,0,0,0,0.0,0.0,0.01478385642587143,0.0,0.0,0.01478385642587143,0.0,0.0,0.01478385642587143,1.0,0.9852161435741286,1.0,,,0,0,0
primary,both,0.75,0.0,0.7,fixed,400,256,0,1.0,0.9852161435741286,1.0,0.0,0.0,0.7280957031249999,0.0,0.0,0.01478385642587143,0.0,0.0,0.01478385642587143,0.0,0.0,0.01478385642587143,1.0,0.9852161435741286,1.0,,,0,0,0,0.0,0.0,0.01478385642587143,0.0,0.0,0.01478385642587143,0.0,0.0,0.01478385642587143,1.0,0.9852161435741286,1.0,,,0,0,0
primary,both,0.75,0.0,0.7,neutral,10,256,252,0.015625,0.006092598203366294,0.039479262709196654,6.1875,0.4366939353108249,2.40234375,0.16015625,0.12030547683153675,0.21005542558292273,0.171875,0.13059812036467136,0.2228537854148068,0.65234375,0.5921439269335277,0.7080391168117145,0.015625,0.006092598203366294,0.039479262709196654,-0.0008730102190447214,0.001378632867029889,44,167,41,0.171875,0.13059812036467136,0.2228537854148068,0.15625,0.11689244351430939,0.20577145777847722,0.65625,0.596144121990143,0.7117359228767722,0.015625,0.006092598203366294,0.039479262709196654,0.0015671651571928368,0.001324233781642791,40,168,44
primary,both,0.75,0.0,0.7,neutral,40,256,1,0.99609375,0.9782090246194175,0.9993101178330381,0.00390625,0.00390625,1.2353515625,0.0,0.0,0.01478385642587143,0.0,0.0,0.01478385642587143,0.00390625,0.0006898821669617927,0.021790975380582514,0.99609375,0.9782090246194175,0.9993101178330381,-0.009016555215979993,,0,1,0,0.00390625,0.0006898821669617927,0.021790975380582514,0.0,0.0,0.01478385642587143,0.0,0.0,0.01478385642587143,0.99609375,0.9782090246194175,0.9993101178330381,0.04033159885736565,,0,0,1
primary,both,0.75,0.0,0.7,neutral,50,256,0,1.0,0.9852161435741286,1.0,0.0,0.0,1.127578125,0.0,0.0,0.01478385642587143,0.0,0.0,0.01478385642587143,0.0,0.0,0.01478385642587143,1.0,0.9852161435741286,1.0,,,0,0,0,0.0,0.0,0.01478385642587143,0.0,0.0,0.01478385642587143,0.0,0.0,0.01478385642587143,1.0,0.9852161435741286,1.0,,,0,0,0
primary,both,0.75,0.0,0.7,neutral,100,256,0,1.0,0.9852161435741286,1.0,0.0,0.0,0.9062109375,0.0,0.0,0.01478385642587143,0.0,0.0,0.01478385642587143,0.0,0.0,0.01478385642587143,1.0,0.9852161435741286,1.0,,,0,0,0,0.0,0.0,0.01478385642587143,0.0,0.0,0.01478385642587143,0.0,0.0,0.01478385642587143,1.0,0.9852161435741286,1.0,,,0,0,0
primary,both,0.75,0.0,0.7,neutral,200,256,0,1.0,0.9852161435741286,1.0,0.0,0.0,0.78705078125,0.0,0.0,0.01478385642587143,0.0,0.0,0.01478385642587143,0.0,0.0,0.01478385642587143,1.0,0.9852161435741286,1.0,,,0,0,0,0.0,0.0,0.01478385642587143,0.0,0.0,0.01478385642587143,0.0,0.0,0.01478385642587143,1.0,0.9852161435741286,1.0,,,0,0,0
primary,both,0.75,0.0,0.7,neutral,400,256,0,1.0,0.9852161435741286,1.0,0.0,0.0,0.7280957031249999,0.0,0.0,0.01478385642587143,0.0,0.0,0.01478385642587143,0.0,0.0,0.01478385642587143,1.0,0.9852161435741286,1.0,,,0,0,0,0.0,0.0,0.01478385642587143,0.0,0.0,0.01478385642587143,0.0,0.0,0.01478385642587143,1.0,0.9852161435741286,1.0,,,0,0,0
primary,both,0.75,0.0,0.7,selected,10,256,252,0.015625,0.006092598203366294,0.039479262709196654,6.671875,0.4905734798727014,2.40234375,0.16015625,0.12030547683153675,0.21005542558292273,0.1796875,0.13750213221413665,0.23134377580868726,0.64453125,0.5841561693914309,0.7006328721104657,0.015625,0.006092598203366294,0.039479262709196654,-0.001353271373650967,0.0013907781054019353,46,165,41,0.1640625,0.12372760124959209,0.21433030228654026,0.10546875,0.07350191137657121,0.14910097533446798,0.71484375,0.6566796990946451,0.7666553625973633,0.015625,0.006092598203366294,0.039479262709196654,0.0037995456253792142,0.0012445259619091227,27,183,42
primary,both,0.75,0.0,0.7,selected,40,256,4,0.984375,0.9605207372908033,0.9939074017966336,0.01953125,0.01028272495230972,1.2353515625,0.01171875,0.003993287123007758,0.033881572667882304,0.00390625,0.0006898821669617927,0.021790975380582514,0.0,0.0,0.01478385642587143,0.984375,0.9605207372908033,0.9939074017966336,0.02746992107852561,0.03191299235381779,1,0,3,0.00390625,0.0006898821669617927,0.021790975380582514,0.00390625,0.0006898821669617927,0.021790975380582514,0.0078125,0.002145090367681419,0.028032768301535768,0.984375,0.9605207372908033,0.9939074017966336,0.0006216201558298384,0.018622525835544787,1,2,1
primary,both,0.75,0.0,0.7,selected,50,256,0,1.0,0.9852161435741286,1.0,0.0,0.0,1.127578125,0.0,0.0,0.01478385642587143,0.0,0.0,0.01478385642587143,0.0,0.0,0.01478385642587143,1.0,0.9852161435741286,1.0,,,0,0,0,0.0,0.0,0.01478385642587143,0.0,0.0,0.01478385642587143,0.0,0.0,0.01478385642587143,1.0,0.9852161435741286,1.0,,,0,0,0
primary,both,0.75,0.0,0.7,selected,100,256,0,1.0,0.9852161435741286,1.0,0.0,0.0,0.9062109375,0.0,0.0,0.01478385642587143,0.0,0.0,0.01478385642587143,0.0,0.0,0.01478385642587143,1.0,0.9852161435741286,1.0,,,0,0,0,0.0,0.0,0.01478385642587143,0.0,0.0,0.01478385642587143,0.0,0.0,0.01478385642587143,1.0,0.9852161435741286,1.0,,,0,0,0
primary,both,0.75,0.0,0.7,selected,200,256,0,1.0,0.9852161435741286,1.0,0.0,0.0,0.78705078125,0.0,0.0,0.01478385642587143,0.0,0.0,0.01478385642587143,0.0,0.0,0.01478385642587143,1.0,0.9852161435741286,1.0,,,0,0,0,0.0,0.0,0.01478385642587143,0.0,0.0,0.01478385642587143,0.0,0.0,0.01478385642587143,1.0,0.9852161435741286,1.0,,,0,0,0
primary,both,0.75,0.0,0.7,selected,400,256,0,1.0,0.9852161435741286,1.0,0.0,0.0,0.7280957031249999,0.0,0.0,0.01478385642587143,0.0,0.0,0.01478385642587143,0.0,0.0,0.01478385642587143,1.0,0.9852161435741286,1.0,,,0,0,0,0.0,0.0,0.01478385642587143,0.0,0.0,0.01478385642587143,0.0,0.0,0.01478385642587143,1.0,0.9852161435741286,1.0,,,0,0,0
primary,both,0.75,0.5,0.3,fixed,10,256,256,0.0,0.0,0.01478385642587143,47.953125,0.028610997088737832,2.40234375,0.0,0.0,0.01478385642587143,0.0,0.0,0.01478385642587143,1.0,0.9852161435741286,1.0,0.0,0.0,0.01478385642587143,2.168404344971009e-19,2.168404344971009e-19,0,256,0,0.0,0.0,0.01478385642587143,0.0,0.0,0.01478385642587143,1.0,0.9852161435741286,1.0,0.0,0.0,0.01478385642587143,-4.336808689942018e-19,4.336808689942018e-19,0,256,0
primary,both,0.75,0.5,0.3,fixed,40,256,256,0.0,0.0,0.01478385642587143,47.90234375,0.044377259979387934,1.2353515625,0.0,0.0,0.01478385642587143,0.0,0.0,0.01478385642587143,1.0,0.9852161435741286,1.0,0.0,0.0,0.01478385642587143,-4.336808689942018e-19,4.336808689942018e-19,0,256,0,0.0,0.0,0.01478385642587143,0.0,0.0,0.01478385642587143,1.0,0.9852161435741286,1.0,0.0,0.0,0.01478385642587143,-8.673617379884035e-19,9.201764586933755e-19,0,256,0
primary,both,0.75,0.5,0.3,fixed,50,256,256,0.0,0.0,0.01478385642587143,47.83203125,0.051297106481996084,1.127578125,0.0,0.0,0.01478385642587143,0.0,0.0,0.01478385642587143,1.0,0.9852161435741286,1.0,0.0,0.0,0.01478385642587143,0.0,4.34530391588937e-19,0,256,0,0.0,0.0,0.01478385642587143,0.0,0.0,0.01478385642587143,1.0,0.9852161435741286,1.0,0.0,0.0,0.01478385642587143,0.0,1.1900104869740694e-18,0,256,0
primary,both,0.75,0.5,0.3,fixed,100,256,256,0.0,0.0,0.01478385642587143,47.9453125,0.032092652469444,0.9062109375,0.0,0.0,0.01478385642587143,0.0,0.0,0.01478385642587143,1.0,0.9852161435741286,1.0,0.0,0.0,0.01478385642587143,4.336808689942018e-19,3.0605680114048857e-19,0,256,0,0.0,0.0,0.01478385642587143,0.0,0.0,0.01478385642587143,1.0,0.9852161435741286,1.0,0.0,0.0,0.01478385642587143,0.0,3.0725938652418324e-19,0,256,0
primary,both,0.75,0.5,0.3,fixed,200,256,256,0.0,0.0,0.01478385642587143,47.9140625,0.03230080713456117,0.78705078125,0.0,0.0,0.01478385642587143,0.0,0.0,0.01478385642587143,1.0,0.9852161435741286,1.0,0.0,0.0,0.01478385642587143,0.0,0.0,0,256,0,0.0,0.0,0.01478385642587143,0.0,0.0,0.01478385642587143,1.0,0.9852161435741286,1.0,0.0,0.0,0.01478385642587143,4.336808689942018e-19,5.314954625759127e-19,0,256,0
primary,both,0.75,0.5,0.3,fixed,400,256,256,0.0,0.0,0.01478385642587143,47.93359375,0.0402715761174562,0.7280957031249999,0.0,0.0,0.01478385642587143,0.0,0.0,0.01478385642587143,1.0,0.9852161435741286,1.0,0.0,0.0,0.01478385642587143,4.336808689942018e-19,4.336808689942018e-19,0,256,0,0.0,0.0,0.01478385642587143,0.0,0.0,0.01478385642587143,1.0,0.9852161435741286,1.0,0.0,0.0,0.01478385642587143,-2.168404344971009e-19,4.856299365229931e-19,0,256,0
primary,both,0.75,0.5,0.3,neutral,10,256,256,0.0,0.0,0.01478385642587143,47.95703125,0.024293744577197397,2.40234375,0.07421875,0.048026107191811204,0.11300077054584494,0.08203125,0.05427759190690546,0.12214328807409647,0.84375,0.7942285422215228,0.8831075564856906,0.0,0.0,0.01478385642587143,-0.0003558247319523577,0.0008996475354505892,21,216,19,0.078125,0.05114064056843023,0.11758323829089878,0.07421875,0.048026107191811204,0.11300077054584494,0.84765625,0.7985218710820212,0.886511228746865,0.0,0.0,0.01478385642587143,0.000523826056148521,0.0009040633632416822,19,217,20
primary,both,0.75,0.5,0.3,neutral,40,256,256,0.0,0.0,0.01478385642587143,47.90625,0.043539409126202244,1.2353515625,0.2890625,0.2369733003711826,0.34738863905848194,0.2421875,0.19377015335079256,0.2982277726187974,0.46875,0.4085346505933857,0.5298893404332313,0.0,0.0,0.01478385642587143,0.0019947089876427007,0.0018354481478999674,62,120,74,0.23828125,0.1902054003663705,0.2940955244815466,0.2734375,0.22248853918114145,0.33108539576183155,0.48828125,0.4276765099686914,0.5492324866662899,0.0,0.0,0.01478385642587143,-0.0019496874866984132,0.0018389863562972189,70,125,61
primary,both,0.75,0.5,0.3,neutral,50,256,256,0.0,0.0,0.01478385642587143,47.96875,0.013416179506439961,1.127578125,0.28125,0.2297209150846507,0.33924702210166807,0.26171875,0.21167863808724405,0.31880429349071027,0.45703125,0.3970936285540288,0.5182393591075696,0.0,0.0,0.01478385642587143,0.000936367431845112,0.001998555878651841,67,117,72,0.28515625,0.23334463740263667,0.3433203009053549,0.296875,0.24424521529493903,0.35551072637807124,0.41796875,0.35919855391479266,0.4791644225300769,0.0,0.0,0.01478385642587143,-0.0016493658918903856,0.0020855844943816035,76,107,73
primary,both,0.75,0.5,0.3,neutral,100,256,256,0.0,0.0,0.01478385642587143,47.93359375,0.03176562206135515,0.9062109375,0.3125,0.2588458887858718,0.37169805737383,0.35546875,0.29936712788953435,0.4158438306085691,0.33203125,0.2771993280647148,0.3918296237033514,0.0,0.0,0.01478385642587143,-0.0013169816380126853,0.0026180881528126312,91,85,80,0.32421875,0.2698445830530154,0.38379036647170506,0.34375,0.28826407712322777,0.403855878009857,0.33203125,0.2771993280647148,0.3918296237033514,0.0,0.0,0.01478385642587143,-0.002855349780111739,0.0027176092836382697,88,85,83
primary,both,0.75,0.5,0.3,neutral,200,256,256,0.0,0.0,0.01478385642587143,47.90625,0.03947999927985378,0.78705078125,0.34765625,0.29196088318828545,0.40785607306647226,0.3984375,0.3403930035879241,0.459484967248581,0.25390625,0.20449864653192884,0.31059028280267975,0.0,0.0,0.01478385642587143,-0.001846696078552246,0.0032617290565109354,102,65,89,0.37109375,0.3142292916101357,0.43176967137465927,0.40234375,0.3441464041785611,0.46342856777961694,0.2265625,0.1795467073799799,0.28166321410291856,0.0,0.0,0.01478385642587143,-0.00246517976486342,0.0033103826640164115,103,58,95
primary,both,0.75,0.5,0.3,neutral,400,256,256,0.0,0.0,0.01478385642587143,47.9375,0.03297912292677912,0.7280957031249999,0.37890625,0.32168476294187087,0.43970820228626983,0.4140625,0.3554297681158383,0.4752362072073583,0.20703125,0.16190727728556475,0.2608176385889693,0.0,0.0,0.01478385642587143,-0.0020287492248837235,0.0034897290812028877,106,53,97,0.390625,0.33289789371255574,0.45158607488060365,0.41015625,0.3516648037328092,0.47130417046871464,0.19921875,0.15489813913670408,0.2524327744944842,0.0,0.0,0.01478385642587143,-0.0034910438564516697,0.003511567940590858,105,51,100
primary,both,0.75,0.5,0.3,selected,10,256,256,0.0,0.0,0.01478385642587143,47.94921875,0.025467396661986687,2.40234375,0.08984375,0.06061336726621258,0.1312015149581351,0.09375,0.0638098481830768,0.13570203516294374,0.81640625,0.7644232596319748,0.8590338312235285,0.0,0.0,0.01478385642587143,0.0002896858170163899,0.000899248861311547,24,209,23,0.078125,0.05114064056843023,0.11758323829089878,0.09765625,0.06702402222215342,0.14018486224554,0.82421875,0.7728971415203973,0.8659539515784516,0.0,0.0,0.01478385642587143,-0.0012479023265535149,0.0009159677680285014,25,211,20
primary,both,0.75,0.5,0.3,selected,40,256,256,0.0,0.0,0.01478385642587143,47.9375,0.02107700633577813,1.2353515625,0.23828125,0.1902054003663705,0.2940955244815466,0.2421875,0.19377015335079256,0.2982277726187974,0.51953125,0.4584937753463775,0.5799912302619868,0.0,0.0,0.01478385642587143,0.001393076690376826,0.0017714598792636818,62,133,61,0.17578125,0.13404604842154846,0.22710285847960257,0.359375,0.30307650360756977,0.4198314560122066,0.46484375,0.4047172917918608,0.5260096981130833,0.0,0.0,0.01478385642587143,-0.008060302088084895,0.001863327330187378,92,119,45
primary,both,0.75,0.5,0.3,selected,50,256,256,0.0,0.0,0.01478385642587143,47.91796875,0.03304347249611814,1.127578125,0.26953125,0.2188800151092185,0.3269969187120816,0.28125,0.2297209150846507,0.33924702210166807,0.44921875,0.389484750270348,0.5104542351479046,0.0,0.0,0.01478385642587143,0.0012071165552258914,0.001995098137946702,72,115,69,0.203125,0.15839924133131683,0.25662867342154433,0.4140625,0.3554297681158383,0.4752362072073583,0.3828125,0.3254185065983358,0.4436714597514778,0.0,0.0,0.01478385642587143,-0.008896623005385677,0.002010300278847796,106,98,52
primary,both,0.75,0.5,0.3,selected,100,256,256,0.0,0.0,0.01478385642587143,47.95703125,0.01857654398337919,0.9062109375,0.34765625,0.29196088318828545,0.40785607306647226,0.35546875,0.29936712788953435,0.4158438306085691,0.296875,0.24424521529493903,0.35551072637807124,0.0,0.0,0.01478385642587143,-0.0005972577450637951,0.0027496515947409384,91,76,89,0.17578125,0.13404604842154846,0.22710285847960257,0.53125,0.4701106595667687,0.5914653494066143,0.29296875,0.240606845197983,0.3514520953533543,0.0,0.0,0.01478385642587143,-0.01800086240809194,0.0025873086063286973,136,75,45
primary,both,0.75,0.5,0.3,selected,200,256,256,0.0,0.0,0.01478385642587143,47.921875,0.035102593858406465,0.78705078125,0.37890625,0.32168476294187087,0.43970820228626983,0.37890625,0.32168476294187087,0.43970820228626983,0.2421875,0.19377015335079256,0.2982277726187974,0.0,0.0,0.01478385642587143,0.0004866464989279483,0.003217906439012359,97,62,97,0.16796875,0.12715856241588983,0.2185963422419154,0.59765625,0.5365714322203831,0.655853595821439,0.234375,0.1866465082202543,0.2899574155059899,0.0,0.0,0.01478385642587143,-0.02611241178476455,0.0028986862627984086,153,60,43
primary,both,0.75,0.5,0.3,selected,400,256,256,0.0,0.0,0.01478385642587143,47.98046875,0.011677828879839511,0.7280957031249999,0.39453125,0.33664349360941154,0.45553747610542067,0.39453125,0.33664349360941154,0.45553747610542067,0.2109375,0.16542210475657976,0.26499981223962715,0.0,0.0,0.01478385642587143,0.0012319638747675132,0.0034138363450175353,101,54,101,0.16015625,0.12030547683153675,0.21005542558292273,0.6171875,0.5563285402485222,0.6745814934016642,0.22265625,0.17600601030365376,0.27750691005757183,0.0,0.0,0.01478385642587143,-0.030729594991714404,0.003063904617400345,158,57,41
primary,both,0.75,0.5,0.7,fixed,10,256,256,0.0,0.0,0.01478385642587143,47.96484375,0.02021771578862357,2.40234375,0.0,0.0,0.01478385642587143,0.0,0.0,0.01478385642587143,1.0,0.9852161435741286,1.0,0.0,0.0,0.01478385642587143,1.3010426069826053e-18,9.682175480367801e-19,0,256,0,0.0,0.0,0.01478385642587143,0.0,0.0,0.01478385642587143,1.0,0.9852161435741286,1.0,0.0,0.0,0.01478385642587143,4.336808689942018e-19,4.336808689942018e-19,0,256,0
primary,both,0.75,0.5,0.7,fixed,40,256,256,0.0,0.0,0.01478385642587143,47.88671875,0.04946324079352054,1.2353515625,0.0,0.0,0.01478385642587143,0.0,0.0,0.01478385642587143,1.0,0.9852161435741286,1.0,0.0,0.0,0.01478385642587143,2.168404344971009e-18,1.2964994500030426e-18,0,256,0,0.0,0.0,0.01478385642587143,0.0,0.0,0.01478385642587143,1.0,0.9852161435741286,1.0,0.0,0.0,0.01478385642587143,-6.505213034913027e-19,9.461604617252354e-19,0,256,0
primary,both,0.75,0.5,0.7,fixed,50,256,256,0.0,0.0,0.01478385642587143,47.91796875,0.040158491106303394,1.127578125,0.0,0.0,0.01478385642587143,0.0,0.0,0.01478385642587143,1.0,0.9852161435741286,1.0,0.0,0.0,0.01478385642587143,1.3010426069826053e-18,9.682175480367801e-19,0,256,0,0.0,0.0,0.01478385642587143,0.0,0.0,0.01478385642587143,1.0,0.9852161435741286,1.0,0.0,0.0,0.01478385642587143,2.168404344971009e-19,2.168404344971009e-19,0,256,0
primary,both,0.75,0.5,0.7,fixed,100,256,256,0.0,0.0,0.01478385642587143,47.96484375,0.027864010668478583,0.9062109375,0.0,0.0,0.01478385642587143,0.0,0.0,0.01478385642587143,1.0,0.9852161435741286,1.0,0.0,0.0,0.01478385642587143,0.0,0.0,0,256,0,0.0,0.0,0.01478385642587143,0.0,0.0,0.01478385642587143,1.0,0.9852161435741286,1.0,0.0,0.0,0.01478385642587143,-8.673617379884035e-19,8.673617379884035e-19,0,256,0
primary,both,0.75,0.5,0.7,fixed,200,256,256,0.0,0.0,0.01478385642587143,47.9375,0.032511310249167855,0.78705078125,0.0,0.0,0.01478385642587143,0.0,0.0,0.01478385642587143,1.0,0.9852161435741286,1.0,0.0,0.0,0.01478385642587143,1.734723475976807e-18,1.2242272045619543e-18,0,256,0,0.0,0.0,0.01478385642587143,0.0,0.0,0.01478385642587143,1.0,0.9852161435741286,1.0,0.0,0.0,0.01478385642587143,-8.673617379884035e-19,9.201764586933755e-19,0,256,0
primary,both,0.75,0.5,0.7,fixed,400,256,256,0.0,0.0,0.01478385642587143,47.9140625,0.04144106356486588,0.7280957031249999,0.0,0.0,0.01478385642587143,0.0,0.0,0.01478385642587143,1.0,0.9852161435741286,1.0,0.0,0.0,0.01478385642587143,-4.336808689942018e-19,1.3033082466734587e-18,0,256,0,0.0,0.0,0.01478385642587143,0.0,0.0,0.01478385642587143,1.0,0.9852161435741286,1.0,0.0,0.0,0.01478385642587143,-4.336808689942018e-19,5.314954625759127e-19,0,256,0
primary,both,0.75,0.5,0.7,neutral,10,256,256,0.0,0.0,0.01478385642587143,47.95703125,0.022998076349516415,2.40234375,0.09765625,0.06702402222215342,0.14018486224554,0.08984375,0.06061336726621258,0.1312015149581351,0.8125,0.7601980554703877,0.8555620342634428,0.0,0.0,0.01478385642587143,0.00011956970902630591,0.0008835466676702145,23,208,25,0.08203125,0.05427759190690546,0.12214328807409647,0.1015625,0.07025498422463894,0.14465090136472736,0.81640625,0.7644232596319748,0.8590338312235285,0.0,0.0,0.01478385642587143,-0.0006865564422746681,0.0009112806058900455,26,209,21
primary,both,0.75,0.5,0.7,neutral,40,256,256,0.0,0.0,0.01478385642587143,47.8828125,0.04958225844320155,1.2353515625,0.25390625,0.20449864653192884,0.31059028280267975,0.2265625,0.1795467073799799,0.28166321410291856,0.51953125,0.4584937753463775,0.5799912302619868,0.0,0.0,0.01478385642587143,0.00010436282551879632,0.0017805648322789123,58,133,65,0.265625,0.21527669094275786,0.3229032417568694,0.31640625,0.26250760743602425,0.37573333984535046,0.41796875,0.35919855391479266,0.4791644225300769,0.0,0.0,0.01478385642587143,-0.0015450258572704807,0.0019728020607482476,81,107,68
primary,both,0.75,0.5,0.7,neutral,50,256,256,0.0,0.0,0.01478385642587143,47.9765625,0.019903018156555957,1.127578125,0.25390625,0.20449864653192884,0.31059028280267975,0.3046875,0.25153621542356636,0.36361372849278967,0.44140625,0.38189072167350635,0.5026542615014005,0.0,0.0,0.01478385642587143,-0.00043963198641017035,0.0020199596877124772,78,113,65,0.2734375,0.22248853918114145,0.33108539576183155,0.34765625,0.29196088318828545,0.40785607306647226,0.37890625,0.32168476294187087,0.43970820228626983,0.0,0.0,0.01478385642587143,-0.0029663829631059926,0.0021619634928865057,89,97,70
primary,both,0.75,0.5,0.7,neutral,100,256,256,0.0,0.0,0.01478385642587143,47.9296875,0.02497988621017977,0.9062109375,0.3359375,0.280883264256863,0.395842688632876,0.3828125,0.3254185065983358,0.4436714597514778,0.28125,0.2297209150846507,0.33924702210166807,0.0,0.0,0.01478385642587143,-0.0017793766280867107,0.002706495687398808,98,72,86,0.2734375,0.22248853918114145,0.33108539576183155,0.390625,0.33289789371255574,0.45158607488060365,0.3359375,0.280883264256863,0.395842688632876,0.0,0.0,0.01478385642587143,-0.004936424295190929,0.002750378501768183,100,86,70
primary,both,0.75,0.5,0.7,neutral,200,256,256,0.0,0.0,0.01478385642587143,47.94921875,0.023593993473617143,0.78705078125,0.33984375,0.28457152593543,0.39985142807598195,0.421875,0.36297114591343,0.4830888316531124,0.23828125,0.1902054003663705,0.2940955244815466,0.0,0.0,0.01478385642587143,-0.0043647320689362435,0.003363682435101085,108,61,87,0.34765625,0.29196088318828545,0.40785607306647226,0.41015625,0.3516648037328092,0.47130417046871464,0.2421875,0.19377015335079256,0.2982277726187974,0.0,0.0,0.01478385642587143,-0.004198256176986761,0.003397208244334102,105,62,89
primary,both,0.75,0.5,0.7,neutral,400,256,256,0.0,0.0,0.01478385642587143,47.88671875,0.03868923994907382,0.7280957031249999,0.37109375,0.3142292916101357,0.43176967137465927,0.421875,0.36297114591343,0.4830888316531124,0.20703125,0.16190727728556475,0.2608176385889693,0.0,0.0,0.01478385642587143,-0.0031858572363248805,0.0036548351852179676,108,53,95,0.36328125,0.3067900082905613,0.4238149524508879,0.45703125,0.3970936285540288,0.5182393591075696,0.1796875,0.13750213221413665,0.23134377580868726,0.0,0.0,0.01478385642587143,-0.0046340222566360325,0.003713887369406951,117,46,93
primary,both,0.75,0.5,0.7,selected,10,256,256,0.0,0.0,0.01478385642587143,47.95703125,0.025523724951229777,2.40234375,0.0859375,0.05743557903626671,0.12668230206640807,0.10546875,0.07350191137657121,0.14910097533446798,0.80859375,0.7559804291899548,0.8520826594222026,0.0,0.0,0.01478385642587143,-0.00036929963647667477,0.0009239911870569732,27,207,22,0.0625,0.03883364112851165,0.09910223324412587,0.10546875,0.07350191137657121,0.14910097533446798,0.83203125,0.7814036577580846,0.8728414375841101,0.0,0.0,0.01478385642587143,-0.0022034022303450544,0.0008847358461517009,27,213,16
primary,both,0.75,0.5,0.7,selected,40,256,256,0.0,0.0,0.01478385642587143,47.94921875,0.024858620996286374,1.2353515625,0.25,0.20091686568173925,0.3064750625311965,0.2890625,0.2369733003711826,0.34738863905848194,0.4609375,0.40090361566150806,0.5221263731217632,0.0,0.0,0.01478385642587143,-0.0019213729745057792,0.0018631465618712964,74,118,64,0.15234375,0.11348877125313496,0.20147812891797878,0.4140625,0.3554297681158383,0.4752362072073583,0.43359375,0.37431161888417475,0.4948393620473863,0.0,0.0,0.01478385642587143,-0.010606608136739745,0.0017212087257016972,106,111,39
primary,both,0.75,0.5,0.7,selected,50,256,256,0.0,0.0,0.01478385642587143,47.92578125,0.03983533888536057,1.127578125,0.26171875,0.21167863808724405,0.31880429349071027,0.30859375,0.2551887425019035,0.36765820253612547,0.4296875,0.37052769163836163,0.4909262881715265,0.0,0.0,0.01478385642587143,-0.0021216028925960828,0.0020374831761083585,79,110,67,0.1484375,0.1100947469586396,0.19717515209080125,0.45703125,0.3970936285540288,0.5182393591075696,0.39453125,0.33664349360941154,0.45553747610542067,0.0,0.0,0.01478385642587143,-0.014014489564154116,0.0019367202856458955,117,101,38
primary,both,0.75,0.5,0.7,selected,100,256,256,0.0,0.0,0.01478385642587143,47.94140625,0.025401522454059102,0.9062109375,0.3046875,0.25153621542356636,0.36361372849278967,0.35546875,0.29936712788953435,0.4158438306085691,0.33984375,0.28457152593543,0.39985142807598195,0.0,0.0,0.01478385642587143,-0.0019149690457599244,0.002709864924503728,91,87,78,0.140625,0.10333688392273097,0.18853901288336414,0.546875,0.4856513509710702,0.6067126624890042,0.3125,0.2588458887858718,0.37169805737383,0.0,0.0,0.01478385642587143,-0.02263788681988925,0.0024882991365753446,140,80,36
primary,both,0.75,0.5,0.7,selected,200,256,256,0.0,0.0,0.01478385642587143,47.953125,0.021944916278951627,0.78705078125,0.3359375,0.280883264256863,0.395842688632876,0.38671875,0.3291562242738866,0.4476307431975999,0.27734375,0.22610219451112512,0.3351687415535207,0.0,0.0,0.01478385642587143,-0.0030925805086299885,0.0032657846977632173,99,71,86,0.13671875,0.09997371828318014,0.1842051774012421,0.6484375,0.5881479534238914,0.704338089199678,0.21484375,0.16894358808976334,0.26917533002811644,0.0,0.0,0.01478385642587143,-0.03286156488789527,0.00291569950606582,166,55,35
primary,both,0.75,0.5,0.7,selected,400,256,256,0.0,0.0,0.01478385642587143,47.9296875,0.03149034413748219,0.7280957031249999,0.36328125,0.3067900082905613,0.4238149524508879,0.38671875,0.3291562242738866,0.4476307431975999,0.25,0.20091686568173925,0.3064750625311965,0.0,0.0,0.01478385642587143,-0.002411973041239549,0.0034333315207122975,99,64,93,0.1328125,0.09662155083903351,0.17986034372371584,0.6796875,0.6202359049379224,0.73382614665903,0.1875,0.14443796573655726,0.2398019445296124,0.0,0.0,0.01478385642587143,-0.0369965358322041,0.0030477591177921984,174,48,34
primary,community_only,0.0,0.0,0.3,fixed,10,256,107,0.58203125,0.5208355774699231,0.6408014460852074,19.1953125,1.465484398305167,2.40234375,0.0,0.0,0.01478385642587143,0.0,0.0,0.01478385642587143,0.41796875,0.35919855391479266,0.4791644225300769,0.58203125,0.5208355774699231,0.6408014460852074,1.5563874176988176e-18,4.327081652524459e-18,0,107,0,0.0,0.0,0.01478385642587143,0.0,0.0,0.01478385642587143,0.41796875,0.35919855391479266,0.4791644225300769,0.58203125,0.5208355774699231,0.6408014460852074,1.4007486759289357e-17,7.769528301725367e-18,0,107,0
primary,community_only,0.0,0.0,0.3,fixed,40,256,0,1.0,0.9852161435741286,1.0,0.0,0.0,1.2353515625,0.0,0.0,0.01478385642587143,0.0,0.0,0.01478385642587143,0.0,0.0,0.01478385642587143,1.0,0.9852161435741286,1.0,,,0,0,0,0.0,0.0,0.01478385642587143,0.0,0.0,0.01478385642587143,0.0,0.0,0.01478385642587143,1.0,0.9852161435741286,1.0,,,0,0,0
primary,community_only,0.0,0.0,0.3,fixed,50,256,0,1.0,0.9852161435741286,1.0,0.0,0.0,1.127578125,0.0,0.0,0.01478385642587143,0.0,0.0,0.01478385642587143,0.0,0.0,0.01478385642587143,1.0,0.9852161435741286,1.0,,,0,0,0,0.0,0.0,0.01478385642587143,0.0,0.0,0.01478385642587143,0.0,0.0,0.01478385642587143,1.0,0.9852161435741286,1.0,,,0,0,0
primary,community_only,0.0,0.0,0.3,fixed,100,256,0,1.0,0.9852161435741286,1.0,0.0,0.0,0.9062109375,0.0,0.0,0.01478385642587143,0.0,0.0,0.01478385642587143,0.0,0.0,0.01478385642587143,1.0,0.9852161435741286,1.0,,,0,0,0,0.0,0.0,0.01478385642587143,0.0,0.0,0.01478385642587143,0.0,0.0,0.01478385642587143,1.0,0.9852161435741286,1.0,,,0,0,0
primary,community_only,0.0,0.0,0.3,fixed,200,256,0,1.0,0.9852161435741286,1.0,0.0,0.0,0.78705078125,0.0,0.0,0.01478385642587143,0.0,0.0,0.01478385642587143,0.0,0.0,0.01478385642587143,1.0,0.9852161435741286,1.0,,,0,0,0,0.0,0.0,0.01478385642587143,0.0,0.0,0.01478385642587143,0.0,0.0,0.01478385642587143,1.0,0.9852161435741286,1.0,,,0,0,0
primary,community_only,0.0,0.0,0.3,fixed,400,256,0,1.0,0.9852161435741286,1.0,0.0,0.0,0.7280957031249999,0.0,0.0,0.01478385642587143,0.0,0.0,0.01478385642587143,0.0,0.0,0.01478385642587143,1.0,0.9852161435741286,1.0,,,0,0,0,0.0,0.0,0.01478385642587143,0.0,0.0,0.01478385642587143,0.0,0.0,0.01478385642587143,1.0,0.9852161435741286,1.0,,,0,0,0
primary,community_only,0.0,0.0,0.3,neutral,10,256,109,0.57421875,0.5129905510088384,0.6332524703029463,19.82421875,1.4697057791487815,2.40234375,0.03125,0.015918258891511296,0.06044160650774316,0.07421875,0.048026107191811204,0.11300077054584494,0.3203125,0.26617385334096993,0.3797640950620776,0.57421875,0.5129905510088384,0.6332524703029463,-0.0029010602096561887,0.0016290141960064713,19,82,8,0.0625,0.03883364112851165,0.09910223324412587,0.05078125,0.029913811386553534,0.08493105962106533,0.3125,0.2588458887858718,0.37169805737383,0.57421875,0.5129905510088384,0.6332524703029463,0.00110146738214089,0.001739429901646716,13,80,16
primary,community_only,0.0,0.0,0.3,neutral,40,256,1,0.99609375,0.9782090246194175,0.9993101178330381,0.00390625,0.00390625,1.2353515625,0.0,0.0,0.01478385642587143,0.0,0.0,0.01478385642587143,0.00390625,0.0006898821669617927,0.021790975380582514,0.99609375,0.9782090246194175,0.9993101178330381,0.011748992241378209,,0,1,0,0.00390625,0.0006898821669617927,0.021790975380582514,0.0,0.0,0.01478385642587143,0.0,0.0,0.01478385642587143,0.99609375,0.9782090246194175,0.9993101178330381,0.024570509055062195,,0,0,1
primary,community_only,0.0,0.0,0.3,neutral,50,256,0,1.0,0.9852161435741286,1.0,0.0,0.0,1.127578125,0.0,0.0,0.01478385642587143,0.0,0.0,0.01478385642587143,0.0,0.0,0.01478385642587143,1.0,0.9852161435741286,1.0,,,0,0,0,0.0,0.0,0.01478385642587143,0.0,0.0,0.01478385642587143,0.0,0.0,0.01478385642587143,1.0,0.9852161435741286,1.0,,,0,0,0
primary,community_only,0.0,0.0,0.3,neutral,100,256,0,1.0,0.9852161435741286,1.0,0.0,0.0,0.9062109375,0.0,0.0,0.01478385642587143,0.0,0.0,0.01478385642587143,0.0,0.0,0.01478385642587143,1.0,0.9852161435741286,1.0,,,0,0,0,0.0,0.0,0.01478385642587143,0.0,0.0,0.01478385642587143,0.0,0.0,0.01478385642587143,1.0,0.9852161435741286,1.0,,,0,0,0
primary,community_only,0.0,0.0,0.3,neutral,200,256,0,1.0,0.9852161435741286,1.0,0.0,0.0,0.78705078125,0.0,0.0,0.01478385642587143,0.0,0.0,0.01478385642587143,0.0,0.0,0.01478385642587143,1.0,0.9852161435741286,1.0,,,0,0,0,0.0,0.0,0.01478385642587143,0.0,0.0,0.01478385642587143,0.0,0.0,0.01478385642587143,1.0,0.9852161435741286,1.0,,,0,0,0
primary,community_only,0.0,0.0,0.3,neutral,400,256,0,1.0,0.9852161435741286,1.0,0.0,0.0,0.7280957031249999,0.0,0.0,0.01478385642587143,0.0,0.0,0.01478385642587143,0.0,0.0,0.01478385642587143,1.0,0.9852161435741286,1.0,,,0,0,0,0.0,0.0,0.01478385642587143,0.0,0.0,0.01478385642587143,0.0,0.0,0.01478385642587143,1.0,0.9852161435741286,1.0,,,0,0,0
primary,community_only,0.0,0.0,0.3,selected,10,256,116,0.546875,0.4856513509710702,0.6067126624890042,21.015625,1.4869218347262858,2.40234375,0.1328125,0.09662155083903351,0.17986034372371584,0.16015625,0.12030547683153675,0.21005542558292273,0.16015625,0.12030547683153675,0.21005542558292273,0.546875,0.4856513509710702,0.6067126624890042,-0.003391951194050156,0.0036245970821206963,41,41,34,0.1953125,0.15140411996625466,0.24822979254326075,0.0078125,0.002145090367681419,0.028032768301535768,0.25,0.20091686568173925,0.3064750625311965,0.546875,0.4856513509710702,0.6067126624890042,0.016644728625279565,0.0018001348491123944,2,64,50
primary,community_only,0.0,0.0,0.3,selected,40,256,0,1.0,0.9852161435741286,1.0,0.0,0.0,1.2353515625,0.0,0.0,0.01478385642587143,0.0,0.0,0.01478385642587143,0.0,0.0,0.01478385642587143,1.0,0.9852161435741286,1.0,,,0,0,0,0.0,0.0,0.01478385642587143,0.0,0.0,0.01478385642587143,0.0,0.0,0.01478385642587143,1.0,0.9852161435741286,1.0,,,0,0,0
primary,community_only,0.0,0.0,0.3,selected,50,256,0,1.0,0.9852161435741286,1.0,0.0,0.0,1.127578125,0.0,0.0,0.01478385642587143,0.0,0.0,0.01478385642587143,0.0,0.0,0.01478385642587143,1.0,0.9852161435741286,1.0,,,0,0,0,0.0,0.0,0.01478385642587143,0.0,0.0,0.01478385642587143,0.0,0.0,0.01478385642587143,1.0,0.9852161435741286,1.0,,,0,0,0
primary,community_only,0.0,0.0,0.3,selected,100,256,0,1.0,0.9852161435741286,1.0,0.0,0.0,0.9062109375,0.0,0.0,0.01478385642587143,0.0,0.0,0.01478385642587143,0.0,0.0,0.01478385642587143,1.0,0.9852161435741286,1.0,,,0,0,0,0.0,0.0,0.01478385642587143,0.0,0.0,0.01478385642587143,0.0,0.0,0.01478385642587143,1.0,0.9852161435741286,1.0,,,0,0,0
primary,community_only,0.0,0.0,0.3,selected,200,256,0,1.0,0.9852161435741286,1.0,0.0,0.0,0.78705078125,0.0,0.0,0.01478385642587143,0.0,0.0,0.01478385642587143,0.0,0.0,0.01478385642587143,1.0,0.9852161435741286,1.0,,,0,0,0,0.0,0.0,0.01478385642587143,0.0,0.0,0.01478385642587143,0.0,0.0,0.01478385642587143,1.0,0.9852161435741286,1.0,,,0,0,0
primary,community_only,0.0,0.0,0.3,selected,400,256,0,1.0,0.9852161435741286,1.0,0.0,0.0,0.7280957031249999,0.0,0.0,0.01478385642587143,0.0,0.0,0.01478385642587143,0.0,0.0,0.01478385642587143,1.0,0.9852161435741286,1.0,,,0,0,0,0.0,0.0,0.01478385642587143,0.0,0.0,0.01478385642587143,0.0,0.0,0.01478385642587143,1.0,0.9852161435741286,1.0,,,0,0,0
primary,community_only,0.0,0.0,0.7,fixed,10,256,104,0.59375,0.5326317037187067,0.6520963232014423,18.89453125,1.4624285235998125,2.40234375,0.0,0.0,0.01478385642587143,0.0,0.0,0.01478385642587143,0.40625,0.34790367679855766,0.4673682962812932,0.59375,0.5326317037187067,0.6520963232014423,1.0675221390626506e-18,8.90982616573112e-18,0,104,0,0.0,0.0,0.01478385642587143,0.0,0.0,0.01478385642587143,0.40625,0.34790367679855766,0.4673682962812932,0.59375,0.5326317037187067,0.6520963232014423,-1.0675221390626506e-17,6.349616009615421e-18,0,104,0
primary,community_only,0.0,0.0,0.7,fixed,40,256,5,0.98046875,0.9551018677503436,0.9916292702154206,0.9375,0.4159614129445465,1.2353515625,0.0,0.0,0.01478385642587143,0.0,0.0,0.01478385642587143,0.01953125,0.008370729784579391,0.04489813224965644,0.98046875,0.9551018677503436,0.9916292702154206,0.0,0.0,0,5,0,0.0,0.0,0.01478385642587143,0.0,0.0,0.01478385642587143,0.01953125,0.008370729784579391,0.04489813224965644,0.98046875,0.9551018677503436,0.9916292702154206,0.0,0.0,0,5,0
primary,community_only,0.0,0.0,0.7,fixed,50,256,2,0.9921875,0.9719672316984642,0.9978549096323186,0.375,0.264644600749538,1.127578125,0.0,0.0,0.01478385642587143,0.0,0.0,0.01478385642587143,0.0078125,0.002145090367681419,0.028032768301535768,0.9921875,0.9719672316984642,0.9978549096323186,0.0,0.0,0,2,0,0.0,0.0,0.01478385642587143,0.0,0.0,0.01478385642587143,0.0078125,0.002145090367681419,0.028032768301535768,0.9921875,0.9719672316984642,0.9978549096323186,0.0,0.0,0,2,0
primary,community_only,0.0,0.0,0.7,fixed,100,256,0,1.0,0.9852161435741286,1.0,0.0,0.0,0.9062109375,0.0,0.0,0.01478385642587143,0.0,0.0,0.01478385642587143,0.0,0.0,0.01478385642587143,1.0,0.9852161435741286,1.0,,,0,0,0,0.0,0.0,0.01478385642587143,0.0,0.0,0.01478385642587143,0.0,0.0,0.01478385642587143,1.0,0.9852161435741286,1.0,,,0,0,0
primary,community_only,0.0,0.0,0.7,fixed,200,256,0,1.0,0.9852161435741286,1.0,0.0,0.0,0.78705078125,0.0,0.0,0.01478385642587143,0.0,0.0,0.01478385642587143,0.0,0.0,0.01478385642587143,1.0,0.9852161435741286,1.0,,,0,0,0,0.0,0.0,0.01478385642587143,0.0,0.0,0.01478385642587143,0.0,0.0,0.01478385642587143,1.0,0.9852161435741286,1.0,,,0,0,0
primary,community_only,0.0,0.0,0.7,fixed,400,256,0,1.0,0.9852161435741286,1.0,0.0,0.0,0.7280957031249999,0.0,0.0,0.01478385642587143,0.0,0.0,0.01478385642587143,0.0,0.0,0.01478385642587143,1.0,0.9852161435741286,1.0,,,0,0,0,0.0,0.0,0.01478385642587143,0.0,0.0,0.01478385642587143,0.0,0.0,0.01478385642587143,1.0,0.9852161435741286,1.0,,,0,0,0
primary,community_only,0.0,0.0,0.7,neutral,10,256,107,0.58203125,0.5208355774699231,0.6408014460852074,18.90625,1.4533901692486528,2.40234375,0.0625,0.03883364112851165,0.09910223324412587,0.07421875,0.048026107191811204,0.11300077054584494,0.28125,0.2297209150846507,0.33924702210166807,0.58203125,0.5208355774699231,0.6408014460852074,-0.0003878435975093352,0.0019179385138698606,19,72,16,0.05078125,0.029913811386553534,0.08493105962106533,0.05859375,0.03582660763317509,0.09441226561778955,0.30859375,0.2551887425019035,0.36765820253612547,0.58203125,0.5208355774699231,0.6408014460852074,-0.0012091248052712564,0.0019236111218896275,15,79,13
primary,community_only,0.0,0.0,0.7,neutral,40,256,5,0.98046875,0.9551018677503436,0.9916292702154206,0.9375,0.4159614129445465,1.2353515625,0.00390625,0.0006898821669617927,0.021790975380582514,0.0,0.0,0.01478385642587143,0.015625,0.006092598203366294,0.039479262709196654,0.98046875,0.9551018677503436,0.9916292702154206,0.002737192728591675,0.00689918359469019,0,4,1,0.0078125,0.002145090367681419,0.028032768301535768,0.00390625,0.0006898821669617927,0.021790975380582514,0.0078125,0.002145090367681419,0.028032768301535768,0.98046875,0.9551018677503436,0.9916292702154206,0.0060085571134670945,0.016709628973113726,1,2,2
primary,community_only,0.0,0.0,0.7,neutral,50,256,2,0.9921875,0.9719672316984642,0.9978549096323186,0.375,0.264644600749538,1.127578125,0.00390625,0.0006898821669617927,0.021790975380582514,0.0,0.0,0.01478385642587143,0.00390625,0.0006898821669617927,0.021790975380582514,0.9921875,0.9719672316984642,0.9978549096323186,0.014188599293547877,0.01804369211663459,0,1,1,0.00390625,0.0006898821669617927,0.021790975380582514,0.0,0.0,0.01478385642587143,0.00390625,0.0006898821669617927,0.021790975380582514,0.9921875,0.9719672316984642,0.9978549096323186,0.013420763815434361,0.011806473249515196,0,1,1
primary,community_only,0.0,0.0,0.7,neutral,100,256,0,1.0,0.9852161435741286,1.0,0.0,0.0,0.9062109375,0.0,0.0,0.01478385642587143,0.0,0.0,0.01478385642587143,0.0,0.0,0.01478385642587143,1.0,0.9852161435741286,1.0,,,0,0,0,0.0,0.0,0.01478385642587143,0.0,0.0,0.01478385642587143,0.0,0.0,0.01478385642587143,1.0,0.9852161435741286,1.0,,,0,0,0
primary,community_only,0.0,0.0,0.7,neutral,200,256,0,1.0,0.9852161435741286,1.0,0.0,0.0,0.78705078125,0.0,0.0,0.01478385642587143,0.0,0.0,0.01478385642587143,0.0,0.0,0.01478385642587143,1.0,0.9852161435741286,1.0,,,0,0,0,0.0,0.0,0.01478385642587143,0.0,0.0,0.01478385642587143,0.0,0.0,0.01478385642587143,1.0,0.9852161435741286,1.0,,,0,0,0
primary,community_only,0.0,0.0,0.7,neutral,400,256,0,1.0,0.9852161435741286,1.0,0.0,0.0,0.7280957031249999,0.0,0.0,0.01478385642587143,0.0,0.0,0.01478385642587143,0.0,0.0,0.01478385642587143,1.0,0.9852161435741286,1.0,,,0,0,0,0.0,0.0,0.01478385642587143,0.0,0.0,0.01478385642587143,0.0,0.0,0.01478385642587143,1.0,0.9852161435741286,1.0,,,0,0,0
primary,community_only,0.0,0.0,0.7,selected,10,256,115,0.55078125,0.4895457648520954,0.6105152497296519,20.78125,1.4742569892468331,2.40234375,0.13671875,0.09997371828318014,0.1842051774012421,0.203125,0.15839924133131683,0.25662867342154433,0.109375,0.07676405306596229,0.15353583476674978,0.55078125,0.4895457648520954,0.6105152497296519,-0.007159013742209964,0.003957376023459642,52,28,35,0.171875,0.13059812036467136,0.2228537854148068,0.01171875,0.003993287123007758,0.033881572667882304,0.265625,0.21527669094275786,0.3229032417568694,0.55078125,0.4895457648520954,0.6105152497296519,0.016410661582289363,0.0018742618224173969,3,68,44
primary,community_only,0.0,0.0,0.7,selected,40,256,5,0.98046875,0.9551018677503436,0.9916292702154206,0.9375,0.4159614129445465,1.2353515625,0.0,0.0,0.01478385642587143,0.01953125,0.008370729784579391,0.04489813224965644,0.0,0.0,0.01478385642587143,0.98046875,0.9551018677503436,0.9916292702154206,-0.04979456846854291,0.011138482159760049,5,0,0,0.01953125,0.008370729784579391,0.04489813224965644,0.0,0.0,0.01478385642587143,0.0,0.0,0.01478385642587143,0.98046875,0.9551018677503436,0.9916292702154206,0.06530177606564791,0.0032073836352325973,0,0,5
primary,community_only,0.0,0.0,0.7,selected,50,256,2,0.9921875,0.9719672316984642,0.9978549096323186,0.375,0.264644600749538,1.127578125,0.00390625,0.0006898821669617927,0.021790975380582514,0.00390625,0.0006898821669617927,0.021790975380582514,0.0,0.0,0.01478385642587143,0.9921875,0.9719672316984642,0.9978549096323186,-0.0026845676320189082,0.031820181455570584,1,0,1,0.0078125,0.002145090367681419,0.028032768301535768,0.0,0.0,0.01478385642587143,0.0,0.0,0.01478385642587143,0.9921875,0.9719672316984642,0.9978549096323186,0.067390842895385,0.006743710092829813,0,0,2
primary,community_only,0.0,0.0,0.7,selected,100,256,0,1.0,0.9852161435741286,1.0,0.0,0.0,0.9062109375,0.0,0.0,0.01478385642587143,0.0,0.0,0.01478385642587143,0.0,0.0,0.01478385642587143,1.0,0.9852161435741286,1.0,,,0,0,0,0.0,0.0,0.01478385642587143,0.0,0.0,0.01478385642587143,0.0,0.0,0.01478385642587143,1.0,0.9852161435741286,1.0,,,0,0,0
primary,community_only,0.0,0.0,0.7,selected,200,256,0,1.0,0.9852161435741286,1.0,0.0,0.0,0.78705078125,0.0,0.0,0.01478385642587143,0.0,0.0,0.01478385642587143,0.0,0.0,0.01478385642587143,1.0,0.9852161435741286,1.0,,,0,0,0,0.0,0.0,0.01478385642587143,0.0,0.0,0.01478385642587143,0.0,0.0,0.01478385642587143,1.0,0.9852161435741286,1.0,,,0,0,0
primary,community_only,0.0,0.0,0.7,selected,400,256,0,1.0,0.9852161435741286,1.0,0.0,0.0,0.7280957031249999,0.0,0.0,0.01478385642587143,0.0,0.0,0.01478385642587143,0.0,0.0,0.01478385642587143,1.0,0.9852161435741286,1.0,,,0,0,0,0.0,0.0,0.01478385642587143,0.0,0.0,0.01478385642587143,0.0,0.0,0.01478385642587143,1.0,0.9852161435741286,1.0,,,0,0,0
primary,community_only,0.0,0.5,0.3,fixed,10,256,256,0.0,0.0,0.01478385642587143,48.0,0.0,2.40234375,0.0,0.0,0.01478385642587143,0.0,0.0,0.01478385642587143,1.0,0.9852161435741286,1.0,0.0,0.0,0.01478385642587143,0.0,0.0,0,256,0,0.0,0.0,0.01478385642587143,0.0,0.0,0.01478385642587143,1.0,0.9852161435741286,1.0,0.0,0.0,0.01478385642587143,0.0,0.0,0,256,0
primary,community_only,0.0,0.5,0.3,fixed,40,256,256,0.0,0.0,0.01478385642587143,48.0,0.0,1.2353515625,0.0,0.0,0.01478385642587143,0.0,0.0,0.01478385642587143,1.0,0.9852161435741286,1.0,0.0,0.0,0.01478385642587143,0.0,0.0,0,256,0,0.0,0.0,0.01478385642587143,0.0,0.0,0.01478385642587143,1.0,0.9852161435741286,1.0,0.0,0.0,0.01478385642587143,0.0,0.0,0,256,0
primary,community_only,0.0,0.5,0.3,fixed,50,256,256,0.0,0.0,0.01478385642587143,48.0,0.0,1.127578125,0.0,0.0,0.01478385642587143,0.0,0.0,0.01478385642587143,1.0,0.9852161435741286,1.0,0.0,0.0,0.01478385642587143,0.0,0.0,0,256,0,0.0,0.0,0.01478385642587143,0.0,0.0,0.01478385642587143,1.0,0.9852161435741286,1.0,0.0,0.0,0.01478385642587143,0.0,0.0,0,256,0
primary,community_only,0.0,0.5,0.3,fixed,100,256,256,0.0,0.0,0.01478385642587143,48.0,0.0,0.9062109375,0.0,0.0,0.01478385642587143,0.0,0.0,0.01478385642587143,1.0,0.9852161435741286,1.0,0.0,0.0,0.01478385642587143,0.0,0.0,0,256,0,0.0,0.0,0.01478385642587143,0.0,0.0,0.01478385642587143,1.0,0.9852161435741286,1.0,0.0,0.0,0.01478385642587143,0.0,0.0,0,256,0
primary,community_only,0.0,0.5,0.3,fixed,200,256,256,0.0,0.0,0.01478385642587143,48.0,0.0,0.78705078125,0.0,0.0,0.01478385642587143,0.0,0.0,0.01478385642587143,1.0,0.9852161435741286,1.0,0.0,0.0,0.01478385642587143,0.0,0.0,0,256,0,0.0,0.0,0.01478385642587143,0.0,0.0,0.01478385642587143,1.0,0.9852161435741286,1.0,0.0,0.0,0.01478385642587143,0.0,0.0,0,256,0
primary,community_only,0.0,0.5,0.3,fixed,400,256,256,0.0,0.0,0.01478385642587143,48.0,0.0,0.7280957031249999,0.0,0.0,0.01478385642587143,0.0,0.0,0.01478385642587143,1.0,0.9852161435741286,1.0,0.0,0.0,0.01478385642587143,0.0,0.0,0,256,0,0.0,0.0,0.01478385642587143,0.0,0.0,0.01478385642587143,1.0,0.9852161435741286,1.0,0.0,0.0,0.01478385642587143,0.0,0.0,0,256,0
primary,community_only,0.0,0.5,0.3,neutral,10,256,256,0.0,0.0,0.01478385642587143,48.0,0.0,2.40234375,0.15234375,0.11348877125313496,0.20147812891797878,0.19921875,0.15489813913670408,0.2524327744944842,0.6484375,0.5881479534238914,0.704338089199678,0.0,0.0,0.01478385642587143,-0.0007453636128551657,0.0013381539330583577,51,166,39,0.19921875,0.15489813913670408,0.2524327744944842,0.16015625,0.12030547683153675,0.21005542558292273,0.640625,0.5801685439877934,0.6969234963924303,0.0,0.0,0.01478385642587143,0.0004790575747301493,0.001328057424157716,41,164,51
primary,community_only,0.0,0.5,0.3,neutral,40,256,256,0.0,0.0,0.01478385642587143,48.0,0.0,1.2353515625,0.2890625,0.2369733003711826,0.34738863905848194,0.34765625,0.29196088318828545,0.40785607306647226,0.36328125,0.3067900082905613,0.4238149524508879,0.0,0.0,0.01478385642587143,-0.001441265027926057,0.002335630069048709,89,93,74,0.34375,0.28826407712322777,0.403855878009857,0.34765625,0.29196088318828545,0.40785607306647226,0.30859375,0.2551887425019035,0.36765820253612547,0.0,0.0,0.01478385642587143,0.00012043424545795907,0.002614890979187829,89,79,88
primary,community_only,0.0,0.5,0.3,neutral,50,256,256,0.0,0.0,0.01478385642587143,48.0,0.0,1.127578125,0.2734375,0.22248853918114145,0.33108539576183155,0.39453125,0.33664349360941154,0.45553747610542067,0.33203125,0.2771993280647148,0.3918296237033514,0.0,0.0,0.01478385642587143,-0.0037028934334707962,0.002516522126398121,101,85,70,0.3828125,0.3254185065983358,0.4436714597514778,0.33984375,0.28457152593543,0.39985142807598195,0.27734375,0.22610219451112512,0.3351687415535207,0.0,0.0,0.01478385642587143,0.002523991592279266,0.0027866998517518614,87,71,98
primary,community_only,0.0,0.5,0.3,neutral,100,256,256,0.0,0.0,0.01478385642587143,48.0,0.0,0.9062109375,0.31640625,0.26250760743602425,0.37573333984535046,0.4296875,0.37052769163836163,0.4909262881715265,0.25390625,0.20449864653192884,0.31059028280267975,0.0,0.0,0.01478385642587143,-0.00505391082277487,0.0031390793471940074,110,65,81,0.40234375,0.3441464041785611,0.46342856777961694,0.41015625,0.3516648037328092,0.47130417046871464,0.1875,0.14443796573655726,0.2398019445296124,0.0,0.0,0.01478385642587143,0.00012426379420945417,0.003298495051716022,105,48,103
primary,community_only,0.0,0.5,0.3,neutral,200,256,256,0.0,0.0,0.01478385642587143,48.0,0.0,0.78705078125,0.32421875,0.2698445830530154,0.38379036647170506,0.44921875,0.389484750270348,0.5104542351479046,0.2265625,0.1795467073799799,0.28166321410291856,0.0,0.0,0.01478385642587143,-0.005869767388944524,0.0034354293457675,115,58,83,0.43359375,0.37431161888417475,0.4948393620473863,0.44140625,0.38189072167350635,0.5026542615014005,0.125,0.08995183318684266,0.17113605913256094,0.0,0.0,0.01478385642587143,0.0008805626694052581,0.0036407604670570374,113,32,111
primary,community_only,0.0,0.5,0.3,neutral,400,256,256,0.0,0.0,0.01478385642587143,48.0,0.0,0.7280957031249999,0.328125,0.2735197547273731,0.38781219591902016,0.4375,0.37809929934301556,0.4987486827102183,0.234375,0.1866465082202543,0.2899574155059899,0.0,0.0,0.01478385642587143,-0.005561222854919661,0.0035007617629555197,112,60,84,0.43359375,0.37431161888417475,0.4948393620473863,0.44140625,0.38189072167350635,0.5026542615014005,0.125,0.08995183318684266,0.17113605913256094,0.0,0.0,0.01478385642587143,0.0004455216733563025,0.0036956837036122626,113,32,111
primary,community_only,0.0,0.5,0.3,selected,10,256,256,0.0,0.0,0.01478385642587143,48.0,0.0,2.40234375,0.27734375,0.22610219451112512,0.3351687415535207,0.29296875,0.240606845197983,0.3514520953533543,0.4296875,0.37052769163836163,0.4909262881715265,0.0,0.0,0.01478385642587143,0.00011018226300842646,0.0018959055907004395,75,110,71,0.21484375,0.16894358808976334,0.26917533002811644,0.16015625,0.12030547683153675,0.21005542558292273,0.625,0.5642590524289499,0.6820449834645823,0.0,0.0,0.01478385642587143,0.0024985230543932424,0.0013660338639391281,41,160,55
primary,community_only,0.0,0.5,0.3,selected,40,256,256,0.0,0.0,0.01478385642587143,48.0,0.0,1.2353515625,0.4296875,0.37052769163836163,0.4909262881715265,0.33984375,0.28457152593543,0.39985142807598195,0.23046875,0.183093576056734,0.28581334654783735,0.0,0.0,0.01478385642587143,0.004144469596710068,0.0032042586883006064,87,59,110,0.3046875,0.25153621542356636,0.36361372849278967,0.40234375,0.3441464041785611,0.46342856777961694,0.29296875,0.240606845197983,0.3514520953533543,0.0,0.0,0.01478385642587143,-0.006322639363817504,0.0027343712081609106,103,75,78
primary,community_only,0.0,0.5,0.3,selected,50,256,256,0.0,0.0,0.01478385642587143,48.0,0.0,1.127578125,0.44140625,0.38189072167350635,0.5026542615014005,0.3203125,0.26617385334096993,0.3797640950620776,0.23828125,0.1902054003663705,0.2940955244815466,0.0,0.0,0.01478385642587143,0.005006242834388028,0.003360636291217804,82,61,113,0.27734375,0.22610219451112512,0.3351687415535207,0.44140625,0.38189072167350635,0.5026542615014005,0.28125,0.2297209150846507,0.33924702210166807,0.0,0.0,0.01478385642587143,-0.009685427516504525,0.0029174918227493503,113,72,71
primary,community_only,0.0,0.5,0.3,selected,100,256,256,0.0,0.0,0.01478385642587143,48.0,0.0,0.9062109375,0.4140625,0.3554297681158383,0.4752362072073583,0.34375,0.28826407712322777,0.403855878009857,0.2421875,0.19377015335079256,0.2982277726187974,0.0,0.0,0.01478385642587143,0.0048527618831907,0.0037047167813064746,88,62,106,0.26171875,0.21167863808724405,0.31880429349071027,0.54296875,0.4817606408924305,0.6029063714459713,0.1953125,0.15140411996625466,0.24822979254326075,0.0,0.0,0.01478385642587143,-0.0181470299791033,0.0032421682180071017,139,50,67
primary,community_only,0.0,0.5,0.3,selected,200,256,256,0.0,0.0,0.01478385642587143,48.0,0.0,0.78705078125,0.421875,0.36297114591343,0.4830888316531124,0.33984375,0.28457152593543,0.39985142807598195,0.23828125,0.1902054003663705,0.2940955244815466,0.0,0.0,0.01478385642587143,0.004762661425966425,0.0037686623170759487,87,61,108,0.26953125,0.2188800151092185,0.3269969187120816,0.5703125,0.5090737118284735,0.6294723083616384,0.16015625,0.12030547683153675,0.21005542558292273,0.0,0.0,0.01478385642587143,-0.021303510623692942,0.0034150057221294457,146,41,69
primary,community_only,0.0,0.5,0.3,selected,400,256,256,0.0,0.0,0.01478385642587143,48.0,0.0,0.7280957031249999,0.4296875,0.37052769163836163,0.4909262881715265,0.33984375,0.28457152593543,0.39985142807598195,0.23046875,0.183093576056734,0.28581334654783735,0.0,0.0,0.01478385642587143,0.005284514252895657,0.0037895651267872764,87,59,110,0.26171875,0.21167863808724405,0.31880429349071027,0.5703125,0.5090737118284735,0.6294723083616384,0.16796875,0.12715856241588983,0.2185963422419154,0.0,0.0,0.01478385642587143,-0.021575906503813382,0.0034122385967397984,146,43,67
primary,community_only,0.0,0.5,0.7,fixed,10,256,256,0.0,0.0,0.01478385642587143,48.0,0.0,2.40234375,0.0,0.0,0.01478385642587143,0.0,0.0,0.01478385642587143,1.0,0.9852161435741286,1.0,0.0,0.0,0.01478385642587143,0.0,0.0,0,256,0,0.0,0.0,0.01478385642587143,0.0,0.0,0.01478385642587143,1.0,0.9852161435741286,1.0,0.0,0.0,0.01478385642587143,0.0,0.0,0,256,0
primary,community_only,0.0,0.5,0.7,fixed,40,256,256,0.0,0.0,0.01478385642587143,48.0,0.0,1.2353515625,0.0,0.0,0.01478385642587143,0.0,0.0,0.01478385642587143,1.0,0.9852161435741286,1.0,0.0,0.0,0.01478385642587143,0.0,0.0,0,256,0,0.0,0.0,0.01478385642587143,0.0,0.0,0.01478385642587143,1.0,0.9852161435741286,1.0,0.0,0.0,0.01478385642587143,0.0,0.0,0,256,0
primary,community_only,0.0,0.5,0.7,fixed,50,256,256,0.0,0.0,0.01478385642587143,48.0,0.0,1.127578125,0.0,0.0,0.01478385642587143,0.0,0.0,0.01478385642587143,1.0,0.9852161435741286,1.0,0.0,0.0,0.01478385642587143,0.0,0.0,0,256,0,0.0,0.0,0.01478385642587143,0.0,0.0,0.01478385642587143,1.0,0.9852161435741286,1.0,0.0,0.0,0.01478385642587143,0.0,0.0,0,256,0
primary,community_only,0.0,0.5,0.7,fixed,100,256,256,0.0,0.0,0.01478385642587143,48.0,0.0,0.9062109375,0.0,0.0,0.01478385642587143,0.0,0.0,0.01478385642587143,1.0,0.9852161435741286,1.0,0.0,0.0,0.01478385642587143,0.0,0.0,0,256,0,0.0,0.0,0.01478385642587143,0.0,0.0,0.01478385642587143,1.0,0.9852161435741286,1.0,0.0,0.0,0.01478385642587143,0.0,0.0,0,256,0
primary,community_only,0.0,0.5,0.7,fixed,200,256,256,0.0,0.0,0.01478385642587143,48.0,0.0,0.78705078125,0.0,0.0,0.01478385642587143,0.0,0.0,0.01478385642587143,1.0,0.9852161435741286,1.0,0.0,0.0,0.01478385642587143,0.0,0.0,0,256,0,0.0,0.0,0.01478385642587143,0.0,0.0,0.01478385642587143,1.0,0.9852161435741286,1.0,0.0,0.0,0.01478385642587143,0.0,0.0,0,256,0
primary,community_only,0.0,0.5,0.7,fixed,400,256,256,0.0,0.0,0.01478385642587143,48.0,0.0,0.7280957031249999,0.0,0.0,0.01478385642587143,0.0,0.0,0.01478385642587143,1.0,0.9852161435741286,1.0,0.0,0.0,0.01478385642587143,0.0,0.0,0,256,0,0.0,0.0,0.01478385642587143,0.0,0.0,0.01478385642587143,1.0,0.9852161435741286,1.0,0.0,0.0,0.01478385642587143,0.0,0.0,0,256,0
primary,community_only,0.0,0.5,0.7,neutral,10,256,256,0.0,0.0,0.01478385642587143,48.0,0.0,2.40234375,0.203125,0.15839924133131683,0.25662867342154433,0.1484375,0.1100947469586396,0.19717515209080125,0.6484375,0.5881479534238914,0.704338089199678,0.0,0.0,0.01478385642587143,0.002597252582713994,0.0013330823669505832,38,166,52,0.16796875,0.12715856241588983,0.2185963422419154,0.17578125,0.13404604842154846,0.22710285847960257,0.65625,0.596144121990143,0.7117359228767722,0.0,0.0,0.01478385642587143,-0.0001844171555338448,0.0012806851265721373,45,168,43
primary,community_only,0.0,0.5,0.7,neutral,40,256,256,0.0,0.0,0.01478385642587143,48.0,0.0,1.2353515625,0.3984375,0.3403930035879241,0.459484967248581,0.265625,0.21527669094275786,0.3229032417568694,0.3359375,0.280883264256863,0.395842688632876,0.0,0.0,0.01478385642587143,0.006005657357624699,0.0025472837699591013,68,86,102,0.35546875,0.29936712788953435,0.4158438306085691,0.30859375,0.2551887425019035,0.36765820253612547,0.3359375,0.280883264256863,0.395842688632876,0.0,0.0,0.01478385642587143,0.0010656967423685994,0.002534248138388075,79,86,91
primary,community_only,0.0,0.5,0.7,neutral,50,256,256,0.0,0.0,0.01478385642587143,48.0,0.0,1.127578125,0.41015625,0.3516648037328092,0.47130417046871464,0.2890625,0.2369733003711826,0.34738863905848194,0.30078125,0.24788835618653265,0.35956458660815055,0.0,0.0,0.01478385642587143,0.006530718677547939,0.0027846115508921624,74,77,105,0.37109375,0.3142292916101357,0.43176967137465927,0.33203125,0.2771993280647148,0.3918296237033514,0.296875,0.24424521529493903,0.35551072637807124,0.0,0.0,0.01478385642587143,0.002080957503801801,0.002735217993498629,85,76,95
primary,community_only,0.0,0.5,0.7,neutral,100,256,256,0.0,0.0,0.01478385642587143,48.0,0.0,0.9062109375,0.42578125,0.36674752969705376,0.48700944899116155,0.34765625,0.29196088318828545,0.40785607306647226,0.2265625,0.1795467073799799,0.28166321410291856,0.0,0.0,0.01478385642587143,0.004738000986921216,0.0033843453079724765,89,58,109,0.4140625,0.3554297681158383,0.4752362072073583,0.390625,0.33289789371255574,0.45158607488060365,0.1953125,0.15140411996625466,0.24822979254326075,0.0,0.0,0.01478385642587143,0.0018325048465362992,0.0033807323739647563,100,50,106
primary,community_only,0.0,0.5,0.7,neutral,200,256,256,0.0,0.0,0.01478385642587143,48.0,0.0,0.78705078125,0.4453125,0.38568587527356124,0.5065561090230184,0.34765625,0.29196088318828545,0.40785607306647226,0.20703125,0.16190727728556475,0.2608176385889693,0.0,0.0,0.01478385642587143,0.0054749419374841325,0.0036583461555589826,89,53,114,0.43359375,0.37431161888417475,0.4948393620473863,0.39453125,0.33664349360941154,0.45553747610542067,0.171875,0.13059812036467136,0.2228537854148068,0.0,0.0,0.01478385642587143,0.0029751579282388373,0.0036127114731725066,101,44,111
primary,community_only,0.0,0.5,0.7,neutral,400,256,256,0.0,0.0,0.01478385642587143,48.0,0.0,0.7280957031249999,0.45703125,0.3970936285540288,0.5182393591075696,0.34765625,0.29196088318828545,0.40785607306647226,0.1953125,0.15140411996625466,0.24822979254326075,0.0,0.0,0.01478385642587143,0.0061362110846564675,0.003722196810571768,89,50,117,0.4375,0.37809929934301556,0.4987486827102183,0.3984375,0.3403930035879241,0.459484967248581,0.1640625,0.12372760124959209,0.21433030228654026,0.0,0.0,0.01478385642587143,0.0036518173210130464,0.0036708337893904975,102,42,112
primary,community_only,0.0,0.5,0.7,selected,10,256,256,0.0,0.0,0.01478385642587143,48.0,0.0,2.40234375,0.25390625,0.20449864653192884,0.31059028280267975,0.34375,0.28826407712322777,0.403855878009857,0.40234375,0.3441464041785611,0.46342856777961694,0.0,0.0,0.01478385642587143,-0.0028504922514248233,0.0020698334946506513,88,103,65,0.20703125,0.16190727728556475,0.2608176385889693,0.14453125,0.10671067600593546,0.1928622219218325,0.6484375,0.5881479534238914,0.704338089199678,0.0,0.0,0.01478385642587143,0.0028509819215608214,0.0012930004490016127,37,166,53
primary,community_only,0.0,0.5,0.7,selected,40,256,256,0.0,0.0,0.01478385642587143,48.0,0.0,1.2353515625,0.3671875,0.3105076134241139,0.4277943484390082,0.421875,0.36297114591343,0.4830888316531124,0.2109375,0.16542210475657976,0.26499981223962715,0.0,0.0,0.01478385642587143,-0.0023867062015560923,0.003273737795467508,108,54,94,0.23046875,0.183093576056734,0.28581334654783735,0.3984375,0.3403930035879241,0.459484967248581,0.37109375,0.3142292916101357,0.43176967137465927,0.0,0.0,0.01478385642587143,-0.010542008938040758,0.0024725510395062393,102,95,59
primary,community_only,0.0,0.5,0.7,selected,50,256,256,0.0,0.0,0.01478385642587143,48.0,0.0,1.127578125,0.359375,0.30307650360756977,0.4198314560122066,0.38671875,0.3291562242738866,0.4476307431975999,0.25390625,0.20449864653192884,0.31059028280267975,0.0,0.0,0.01478385642587143,-0.003015188936584059,0.0033822743825662857,99,65,92,0.2421875,0.19377015335079256,0.2982277726187974,0.4453125,0.38568587527356124,0.5065561090230184,0.3125,0.2588458887858718,0.37169805737383,0.0,0.0,0.01478385642587143,-0.013053192261383557,0.0025890243467503607,114,80,62
primary,community_only,0.0,0.5,0.7,selected,100,256,256,0.0,0.0,0.01478385642587143,48.0,0.0,0.9062109375,0.3984375,0.3403930035879241,0.459484967248581,0.39453125,0.33664349360941154,0.45553747610542067,0.20703125,0.16190727728556475,0.2608176385889693,0.0,0.0,0.01478385642587143,-8.277706530735547e-05,0.0036929826111260595,101,53,102,0.21875,0.1724715978199255,0.27334432141962717,0.578125,0.5169111683468876,0.63702885408657,0.203125,0.15839924133131683,0.25662867342154433,0.0,0.0,0.01478385642587143,-0.02319652921434693,0.0029233994304970743,148,52,56
primary,community_only,0.0,0.5,0.7,selected,200,256,256,0.0,0.0,0.01478385642587143,48.0,0.0,0.78705078125,0.41015625,0.3516648037328092,0.47130417046871464,0.421875,0.36297114591343,0.4830888316531124,0.16796875,0.12715856241588983,0.2185963422419154,0.0,0.0,0.01478385642587143,-0.0006932101871622871,0.003802572701978826,108,43,105,0.20703125,0.16190727728556475,0.2608176385889693,0.625,0.5642590524289499,0.6820449834645823,0.16796875,0.12715856241588983,0.2185963422419154,0.0,0.0,0.01478385642587143,-0.026015588422763997,0.003049258241326102,160,43,53
primary,community_only,0.0,0.5,0.7,selected,400,256,256,0.0,0.0,0.01478385642587143,48.0,0.0,0.7280957031249999,0.40625,0.34790367679855766,0.4673682962812932,0.42578125,0.36674752969705376,0.48700944899116155,0.16796875,0.12715856241588983,0.2185963422419154,0.0,0.0,0.01478385642587143,-0.0006875714972369835,0.0037889553661714466,109,43,104,0.203125,0.15839924133131683,0.25662867342154433,0.62890625,0.5682303286253407,0.6857707083898643,0.16796875,0.12715856241588983,0.2185963422419154,0.0,0.0,0.01478385642587143,-0.026459886697287587,0.0030641297272778886,161,43,52
primary,community_only,0.75,0.0,0.3,fixed,10,256,254,0.0078125,0.002145090367681419,0.028032768301535768,19.73046875,1.100498455077754,2.40234375,0.0,0.0,0.01478385642587143,0.0,0.0,0.01478385642587143,0.9921875,0.9719672316984642,0.9978549096323186,0.0078125,0.002145090367681419,0.028032768301535768,-6.556435184794231e-19,1.2071630494003047e-17,0,254,0,0.0,0.0,0.01478385642587143,0.0,0.0,0.01478385642587143,0.9921875,0.9719672316984642,0.9978549096323186,0.0078125,0.002145090367681419,0.028032768301535768,-4.15240895036968e-18,1.862428984722362e-17,0,254,0
primary,community_only,0.75,0.0,0.3,fixed,40,256,9,0.96484375,0.9345472295717082,0.9813959039073644,0.328125,0.20436555563715317,1.2353515625,0.0,0.0,0.01478385642587143,0.0,0.0,0.01478385642587143,0.03515625,0.018604096092635542,0.0654527704282918,0.96484375,0.9345472295717082,0.9813959039073644,-7.401486830834377e-17,4.895623371626838e-17,0,9,0,0.0,0.0,0.01478385642587143,0.0,0.0,0.01478385642587143,0.03515625,0.018604096092635542,0.0654527704282918,0.96484375,0.9345472295717082,0.9813959039073644,-1.1102230246251565e-16,1.1293332579962551e-16,0,9,0
primary,community_only,0.75,0.0,0.3,fixed,50,256,2,0.9921875,0.9719672316984642,0.9978549096323186,0.015625,0.01233810602540429,1.127578125,0.0,0.0,0.01478385642587143,0.0,0.0,0.01478385642587143,0.0078125,0.002145090367681419,0.028032768301535768,0.9921875,0.9719672316984642,0.9978549096323186,1.6653345369377348e-16,1.6653345369377346e-16,0,2,0,0.0,0.0,0.01478385642587143,0.0,0.0,0.01478385642587143,0.0078125,0.002145090367681419,0.028032768301535768,0.9921875,0.9719672316984642,0.9978549096323186,4.440892098500626e-16,1.1102230246251565e-16,0,2,0
primary,community_only,0.75,0.0,0.3,fixed,100,256,0,1.0,0.9852161435741286,1.0,0.0,0.0,0.9062109375,0.0,0.0,0.01478385642587143,0.0,0.0,0.01478385642587143,0.0,0.0,0.01478385642587143,1.0,0.9852161435741286,1.0,,,0,0,0,0.0,0.0,0.01478385642587143,0.0,0.0,0.01478385642587143,0.0,0.0,0.01478385642587143,1.0,0.9852161435741286,1.0,,,0,0,0
primary,community_only,0.75,0.0,0.3,fixed,200,256,0,1.0,0.9852161435741286,1.0,0.0,0.0,0.78705078125,0.0,0.0,0.01478385642587143,0.0,0.0,0.01478385642587143,0.0,0.0,0.01478385642587143,1.0,0.9852161435741286,1.0,,,0,0,0,0.0,0.0,0.01478385642587143,0.0,0.0,0.01478385642587143,0.0,0.0,0.01478385642587143,1.0,0.9852161435741286,1.0,,,0,0,0
primary,community_only,0.75,0.0,0.3,fixed,400,256,0,1.0,0.9852161435741286,1.0,0.0,0.0,0.7280957031249999,0.0,0.0,0.01478385642587143,0.0,0.0,0.01478385642587143,0.0,0.0,0.01478385642587143,1.0,0.9852161435741286,1.0,,,0,0,0,0.0,0.0,0.01478385642587143,0.0,0.0,0.01478385642587143,0.0,0.0,0.01478385642587143,1.0,0.9852161435741286,1.0,,,0,0,0
primary,community_only,0.75,0.0,0.3,neutral,10,256,254,0.0078125,0.002145090367681419,0.028032768301535768,19.23828125,1.0955322652928305,2.40234375,0.171875,0.13059812036467136,0.2228537854148068,0.1171875,0.08333128838163656,0.16236260169442127,0.703125,0.6444892736219288,0.755754784705061,0.0078125,0.002145090367681419,0.028032768301535768,0.0013050724517943036,0.0012768104997545834,30,180,44,0.12109375,0.08663517067416432,0.1667557205235664,0.1015625,0.07025498422463894,0.14465090136472736,0.76953125,0.7141866534521627,0.8169064239432661,0.0078125,0.002145090367681419,0.028032768301535768,0.00023480066546672308,0.0010634993855859782,26,197,31
primary,community_only,0.75,0.0,0.3,neutral,40,256,5,0.98046875,0.9551018677503436,0.9916292702154206,0.2890625,0.19104529666243614,1.2353515625,0.00390625,0.0006898821669617927,0.021790975380582514,0.0078125,0.002145090367681419,0.028032768301535768,0.0078125,0.002145090367681419,0.028032768301535768,0.98046875,0.9551018677503436,0.9916292702154206,-0.0038904789511582496,0.011550403405561545,2,2,1,0.0078125,0.002145090367681419,0.028032768301535768,0.00390625,0.0006898821669617927,0.021790975380582514,0.0078125,0.002145090367681419,0.028032768301535768,0.98046875,0.9551018677503436,0.9916292702154206,-0.002108536361090196,0.012925493535962255,1,2,2
primary,community_only,0.75,0.0,0.3,neutral,50,256,2,0.9921875,0.9719672316984642,0.9978549096323186,0.015625,0.011026858364564083,1.127578125,0.00390625,0.0006898821669617927,0.021790975380582514,0.0,0.0,0.01478385642587143,0.00390625,0.0006898821669617927,0.021790975380582514,0.9921875,0.9719672316984642,0.9978549096323186,0.006881554634547621,0.018880037010728684,0,1,1,0.00390625,0.0006898821669617927,0.021790975380582514,0.0,0.0,0.01478385642587143,0.00390625,0.0006898821669617927,0.021790975380582514,0.9921875,0.9719672316984642,0.9978549096323186,0.017333617578792593,0.004936458260765941,0,1,1
primary,community_only,0.75,0.0,0.3,neutral,100,256,0,1.0,0.9852161435741286,1.0,0.0,0.0,0.9062109375,0.0,0.0,0.01478385642587143,0.0,0.0,0.01478385642587143,0.0,0.0,0.01478385642587143,1.0,0.9852161435741286,1.0,,,0,0,0,0.0,0.0,0.01478385642587143,0.0,0.0,0.01478385642587143,0.0,0.0,0.01478385642587143,1.0,0.9852161435741286,1.0,,,0,0,0
primary,community_only,0.75,0.0,0.3,neutral,200,256,0,1.0,0.9852161435741286,1.0,0.0,0.0,0.78705078125,0.0,0.0,0.01478385642587143,0.0,0.0,0.01478385642587143,0.0,0.0,0.01478385642587143,1.0,0.9852161435741286,1.0,,,0,0,0,0.0,0.0,0.01478385642587143,0.0,0.0,0.01478385642587143,0.0,0.0,0.01478385642587143,1.0,0.9852161435741286,1.0,,,0,0,0
primary,community_only,0.75,0.0,0.3,neutral,400,256,0,1.0,0.9852161435741286,1.0,0.0,0.0,0.7280957031249999,0.0,0.0,0.01478385642587143,0.0,0.0,0.01478385642587143,0.0,0.0,0.01478385642587143,1.0,0.9852161435741286,1.0,,,0,0,0,0.0,0.0,0.01478385642587143,0.0,0.0,0.01478385642587143,0.0,0.0,0.01478385642587143,1.0,0.9852161435741286,1.0,,,0,0,0
primary,community_only,0.75,0.0,0.3,selected,10,256,255,0.00390625,0.0006898821669617927,0.021790975380582514,19.76171875,1.1025570827708782,2.40234375,0.1484375,0.1100947469586396,0.19717515209080125,0.12890625,0.09328077992555084,0.17550411351552564,0.71875,0.6607529778983319,0.7702790849153494,0.00390625,0.0006898821669617927,0.021790975380582514,0.0002499382250941973,0.0012733430989306093,33,184,38,0.171875,0.13059812036467136,0.2228537854148068,0.06640625,0.04187072285916844,0.10376215263514196,0.7578125,0.7017722273812026,0.8062298466492075,0.00390625,0.0006898821669617927,0.021790975380582514,0.004387742404404947,0.0010347282172015007,17,194,44
primary,community_only,0.75,0.0,0.3,selected,40,256,10,0.9609375,0.9296001682001327,0.9786459641572671,0.3515625,0.1940584741933472,1.2353515625,0.0078125,0.002145090367681419,0.028032768301535768,0.015625,0.006092598203366294,0.039479262709196654,0.015625,0.006092598203366294,0.039479262709196654,0.9609375,0.9296001682001327,0.9786459641572671,-0.02618897860029624,0.012807484879138749,4,4,2,0.01953125,0.008370729784579391,0.04489813224965644,0.0078125,0.002145090367681419,0.028032768301535768,0.01171875,0.003993287123007758,0.033881572667882304,0.9609375,0.9296001682001327,0.9786459641572671,0.0202318562674998,0.010410714636872974,2,3,5
primary,community_only,0.75,0.0,0.3,selected,50,256,2,0.9921875,0.9719672316984642,0.9978549096323186,0.01171875,0.008720928377104037,1.127578125,0.00390625,0.0006898821669617927,0.021790975380582514,0.0,0.0,0.01478385642587143,0.00390625,0.0006898821669617927,0.021790975380582514,0.9921875,0.9719672316984642,0.9978549096323186,0.047629718780096975,0.04478784175408107,0,1,1,0.00390625,0.0006898821669617927,0.021790975380582514,0.00390625,0.0006898821669617927,0.021790975380582514,0.0,0.0,0.01478385642587143,0.9921875,0.9719672316984642,0.9978549096323186,-0.011103798177439839,0.03753036096969747,1,0,1
primary,community_only,0.75,0.0,0.3,selected,100,256,0,1.0,0.9852161435741286,1.0,0.0,0.0,0.9062109375,0.0,0.0,0.01478385642587143,0.0,0.0,0.01478385642587143,0.0,0.0,0.01478385642587143,1.0,0.9852161435741286,1.0,,,0,0,0,0.0,0.0,0.01478385642587143,0.0,0.0,0.01478385642587143,0.0,0.0,0.01478385642587143,1.0,0.9852161435741286,1.0,,,0,0,0
primary,community_only,0.75,0.0,0.3,selected,200,256,0,1.0,0.9852161435741286,1.0,0.0,0.0,0.78705078125,0.0,0.0,0.01478385642587143,0.0,0.0,0.01478385642587143,0.0,0.0,0.01478385642587143,1.0,0.9852161435741286,1.0,,,0,0,0,0.0,0.0,0.01478385642587143,0.0,0.0,0.01478385642587143,0.0,0.0,0.01478385642587143,1.0,0.9852161435741286,1.0,,,0,0,0
primary,community_only,0.75,0.0,0.3,selected,400,256,0,1.0,0.9852161435741286,1.0,0.0,0.0,0.7280957031249999,0.0,0.0,0.01478385642587143,0.0,0.0,0.01478385642587143,0.0,0.0,0.01478385642587143,1.0,0.9852161435741286,1.0,,,0,0,0,0.0,0.0,0.01478385642587143,0.0,0.0,0.01478385642587143,0.0,0.0,0.01478385642587143,1.0,0.9852161435741286,1.0,,,0,0,0
primary,community_only,0.75,0.0,0.7,fixed,10,256,254,0.0078125,0.002145090367681419,0.028032768301535768,17.41015625,1.0647390881735537,2.40234375,0.0,0.0,0.01478385642587143,0.0,0.0,0.01478385642587143,0.9921875,0.9719672316984642,0.9978549096323186,0.0078125,0.002145090367681419,0.028032768301535768,-5.594824691024411e-17,2.3785211705922598e-17,0,254,0,0.0,0.0,0.01478385642587143,0.0,0.0,0.01478385642587143,0.9921875,0.9719672316984642,0.9978549096323186,0.0078125,0.002145090367681419,0.028032768301535768,2.119914043083468e-17,2.0236292557897083e-17,0,254,0
primary,community_only,0.75,0.0,0.7,fixed,40,256,21,0.91796875,0.8778567119259035,0.9457224080930946,1.234375,0.4100816196108368,1.2353515625,0.0,0.0,0.01478385642587143,0.0,0.0,0.01478385642587143,0.08203125,0.05427759190690546,0.12214328807409647,0.91796875,0.8778567119259035,0.9457224080930946,0.0,9.032500256420292e-17,0,21,0,0.0,0.0,0.01478385642587143,0.0,0.0,0.01478385642587143,0.08203125,0.05427759190690546,0.12214328807409647,0.91796875,0.8778567119259035,0.9457224080930946,-1.3216940769347101e-17,6.797671929670453e-17,0,21,0
primary,community_only,0.75,0.0,0.7,fixed,50,256,10,0.9609375,0.9296001682001327,0.9786459641572671,0.296875,0.1652870673846198,1.127578125,0.0,0.0,0.01478385642587143,0.0,0.0,0.01478385642587143,0.0390625,0.0213540358427329,0.07039983179986732,0.9609375,0.9296001682001327,0.9786459641572671,1.554312234475219e-16,9.957682121141275e-17,0,10,0,0.0,0.0,0.01478385642587143,0.0,0.0,0.01478385642587143,0.0390625,0.0213540358427329,0.07039983179986732,0.9609375,0.9296001682001327,0.9786459641572671,6.661338147750939e-17,1.292084235907734e-16,0,10,0
primary,community_only,0.75,0.0,0.7,fixed,100,256,0,1.0,0.9852161435741286,1.0,0.0,0.0,0.9062109375,0.0,0.0,0.01478385642587143,0.0,0.0,0.01478385642587143,0.0,0.0,0.01478385642587143,1.0,0.9852161435741286,1.0,,,0,0,0,0.0,0.0,0.01478385642587143,0.0,0.0,0.01478385642587143,0.0,0.0,0.01478385642587143,1.0,0.9852161435741286,1.0,,,0,0,0
primary,community_only,0.75,0.0,0.7,fixed,200,256,0,1.0,0.9852161435741286,1.0,0.0,0.0,0.78705078125,0.0,0.0,0.01478385642587143,0.0,0.0,0.01478385642587143,0.0,0.0,0.01478385642587143,1.0,0.9852161435741286,1.0,,,0,0,0,0.0,0.0,0.01478385642587143,0.0,0.0,0.01478385642587143,0.0,0.0,0.01478385642587143,1.0,0.9852161435741286,1.0,,,0,0,0
primary,community_only,0.75,0.0,0.7,fixed,400,256,0,1.0,0.9852161435741286,1.0,0.0,0.0,0.7280957031249999,0.0,0.0,0.01478385642587143,0.0,0.0,0.01478385642587143,0.0,0.0,0.01478385642587143,1.0,0.9852161435741286,1.0,,,0,0,0,0.0,0.0,0.01478385642587143,0.0,0.0,0.01478385642587143,0.0,0.0,0.01478385642587143,1.0,0.9852161435741286,1.0,,,0,0,0
primary,community_only,0.75,0.0,0.7,neutral,10,256,255,0.00390625,0.0006898821669617927,0.021790975380582514,16.703125,1.0477379747170643,2.40234375,0.125,0.08995183318684266,0.17113605913256094,0.11328125,0.0800407222974869,0.15795616665689804,0.7578125,0.7017722273812026,0.8062298466492075,0.00390625,0.0006898821669617927,0.021790975380582514,-0.00036489480766471543,0.0011842882256148598,29,194,32,0.140625,0.10333688392273097,0.18853901288336414,0.140625,0.10333688392273097,0.18853901288336414,0.71484375,0.6566796990946451,0.7666553625973633,0.00390625,0.0006898821669617927,0.021790975380582514,0.0008608380409315929,0.0011724676308059922,36,183,36
primary,community_only,0.75,0.0,0.7,neutral,40,256,20,0.921875,0.8824167617091012,0.9488593594315697,1.1328125,0.3784053788524752,1.2353515625,0.02734375,0.013307156355121155,0.05535570792246043,0.0234375,0.010784867555857603,0.0501809956000511,0.02734375,0.013307156355121155,0.05535570792246043,0.921875,0.8824167617091012,0.9488593594315697,0.0033238775595275495,0.006804183537720959,6,7,7,0.01953125,0.008370729784579391,0.04489813224965644,0.02734375,0.013307156355121155,0.05535570792246043,0.03125,0.015918258891511296,0.06044160650774316,0.921875,0.8824167617091012,0.9488593594315697,-0.0034047411961625807,0.007959095378993038,7,8,5
primary,community_only,0.75,0.0,0.7,neutral,50,256,11,0.95703125,0.9247089445363343,0.9758401866993924,0.24609375,0.1631442777350464,1.127578125,0.015625,0.006092598203366294,0.039479262709196654,0.01171875,0.003993287123007758,0.033881572667882304,0.015625,0.006092598203366294,0.039479262709196654,0.95703125,0.9247089445363343,0.9758401866993924,-0.000519497709601408,0.012700246701432622,3,4,4,0.0078125,0.002145090367681419,0.028032768301535768,0.015625,0.006092598203366294,0.039479262709196654,0.01953125,0.008370729784579391,0.04489813224965644,0.95703125,0.9247089445363343,0.9758401866993924,-0.010555582203642166,0.010949636375629429,4,5,2
primary,community_only,0.75,0.0,0.7,neutral,100,256,0,1.0,0.9852161435741286,1.0,0.0,0.0,0.9062109375,0.0,0.0,0.01478385642587143,0.0,0.0,0.01478385642587143,0.0,0.0,0.01478385642587143,1.0,0.9852161435741286,1.0,,,0,0,0,0.0,0.0,0.01478385642587143,0.0,0.0,0.01478385642587143,0.0,0.0,0.01478385642587143,1.0,0.9852161435741286,1.0,,,0,0,0
primary,community_only,0.75,0.0,0.7,neutral,200,256,0,1.0,0.9852161435741286,1.0,0.0,0.0,0.78705078125,0.0,0.0,0.01478385642587143,0.0,0.0,0.01478385642587143,0.0,0.0,0.01478385642587143,1.0,0.9852161435741286,1.0,,,0,0,0,0.0,0.0,0.01478385642587143,0.0,0.0,0.01478385642587143,0.0,0.0,0.01478385642587143,1.0,0.9852161435741286,1.0,,,0,0,0
primary,community_only,0.75,0.0,0.7,neutral,400,256,0,1.0,0.9852161435741286,1.0,0.0,0.0,0.7280957031249999,0.0,0.0,0.01478385642587143,0.0,0.0,0.01478385642587143,0.0,0.0,0.01478385642587143,1.0,0.9852161435741286,1.0,,,0,0,0,0.0,0.0,0.01478385642587143,0.0,0.0,0.01478385642587143,0.0,0.0,0.01478385642587143,1.0,0.9852161435741286,1.0,,,0,0,0
primary,community_only,0.75,0.0,0.7,selected,10,256,256,0.0,0.0,0.01478385642587143,17.14453125,1.059776298015013,2.40234375,0.125,0.08995183318684266,0.17113605913256094,0.11328125,0.0800407222974869,0.15795616665689804,0.76171875,0.7059044755184534,0.8097945996336295,0.0,0.0,0.01478385642587143,-0.0010720329007896184,0.0013243016523524912,29,195,32,0.11328125,0.0800407222974869,0.15795616665689804,0.09375,0.0638098481830768,0.13570203516294374,0.79296875,0.7391823614110307,0.8380927227144352,0.0,0.0,0.01478385642587143,0.0012259748461322852,0.0011068908677633186,24,203,29
primary,community_only,0.75,0.0,0.7,selected,40,256,18,0.9296875,0.8916056708459876,0.9550644525380292,1.3046875,0.41484099494580157,1.2353515625,0.01953125,0.008370729784579391,0.04489813224965644,0.02734375,0.013307156355121155,0.05535570792246043,0.0234375,0.010784867555857603,0.0501809956000511,0.9296875,0.8916056708459876,0.9550644525380292,-0.0070070086325234905,0.008808616534326446,7,6,5,0.015625,0.006092598203366294,0.039479262709196654,0.015625,0.006092598203366294,0.039479262709196654,0.0390625,0.0213540358427329,0.07039983179986732,0.9296875,0.8916056708459876,0.9550644525380292,0.0032923536967751077,0.007335266481678022,4,10,4
primary,community_only,0.75,0.0,0.7,selected,50,256,10,0.9609375,0.9296001682001327,0.9786459641572671,0.265625,0.1478987578912829,1.127578125,0.0078125,0.002145090367681419,0.028032768301535768,0.0234375,0.010784867555857603,0.0501809956000511,0.0078125,0.002145090367681419,0.028032768301535768,0.9609375,0.9296001682001327,0.9786459641572671,-0.0207418643526067,0.012252578181723445,6,2,2,0.015625,0.006092598203366294,0.039479262709196654,0.00390625,0.0006898821669617927,0.021790975380582514,0.01953125,0.008370729784579391,0.04489813224965644,0.9609375,0.9296001682001327,0.9786459641572671,0.009315950485744351,0.009838614608078968,1,5,4
primary,community_only,0.75,0.0,0.7,selected,100,256,0,1.0,0.9852161435741286,1.0,0.0,0.0,0.9062109375,0.0,0.0,0.01478385642587143,0.0,0.0,0.01478385642587143,0.0,0.0,0.01478385642587143,1.0,0.9852161435741286,1.0,,,0,0,0,0.0,0.0,0.01478385642587143,0.0,0.0,0.01478385642587143,0.0,0.0,0.01478385642587143,1.0,0.9852161435741286,1.0,,,0,0,0
primary,community_only,0.75,0.0,0.7,selected,200,256,0,1.0,0.9852161435741286,1.0,0.0,0.0,0.78705078125,0.0,0.0,0.01478385642587143,0.0,0.0,0.01478385642587143,0.0,0.0,0.01478385642587143,1.0,0.9852161435741286,1.0,,,0,0,0,0.0,0.0,0.01478385642587143,0.0,0.0,0.01478385642587143,0.0,0.0,0.01478385642587143,1.0,0.9852161435741286,1.0,,,0,0,0
primary,community_only,0.75,0.0,0.7,selected,400,256,0,1.0,0.9852161435741286,1.0,0.0,0.0,0.7280957031249999,0.0,0.0,0.01478385642587143,0.0,0.0,0.01478385642587143,0.0,0.0,0.01478385642587143,1.0,0.9852161435741286,1.0,,,0,0,0,0.0,0.0,0.01478385642587143,0.0,0.0,0.01478385642587143,0.0,0.0,0.01478385642587143,1.0,0.9852161435741286,1.0,,,0,0,0
primary,community_only,0.75,0.5,0.3,fixed,10,256,256,0.0,0.0,0.01478385642587143,47.95703125,0.027264854668453888,2.40234375,0.0,0.0,0.01478385642587143,0.0,0.0,0.01478385642587143,1.0,0.9852161435741286,1.0,0.0,0.0,0.01478385642587143,2.168404344971009e-19,2.168404344971009e-19,0,256,0,0.0,0.0,0.01478385642587143,0.0,0.0,0.01478385642587143,1.0,0.9852161435741286,1.0,0.0,0.0,0.01478385642587143,-6.505213034913027e-19,4.841087740183901e-19,0,256,0
primary,community_only,0.75,0.5,0.3,fixed,40,256,256,0.0,0.0,0.01478385642587143,47.8828125,0.051103685061238344,1.2353515625,0.0,0.0,0.01478385642587143,0.0,0.0,0.01478385642587143,1.0,0.9852161435741286,1.0,0.0,0.0,0.01478385642587143,-4.336808689942018e-19,4.336808689942018e-19,0,256,0,0.0,0.0,0.01478385642587143,0.0,0.0,0.01478385642587143,1.0,0.9852161435741286,1.0,0.0,0.0,0.01478385642587143,-2.168404344971009e-19,1.1288614051010505e-18,0,256,0
primary,community_only,0.75,0.5,0.3,fixed,50,256,256,0.0,0.0,0.01478385642587143,47.90625,0.03581808270998893,1.127578125,0.0,0.0,0.01478385642587143,0.0,0.0,0.01478385642587143,1.0,0.9852161435741286,1.0,0.0,0.0,0.01478385642587143,-2.168404344971009e-19,2.168404344971009e-19,0,256,0,0.0,0.0,0.01478385642587143,0.0,0.0,0.01478385642587143,1.0,0.9852161435741286,1.0,0.0,0.0,0.01478385642587143,1.3010426069826053e-18,8.6523323971743e-19,0,256,0
primary,community_only,0.75,0.5,0.3,fixed,100,256,256,0.0,0.0,0.01478385642587143,47.94140625,0.03277436363396732,0.9062109375,0.0,0.0,0.01478385642587143,0.0,0.0,0.01478385642587143,1.0,0.9852161435741286,1.0,0.0,0.0,0.01478385642587143,2.168404344971009e-19,2.168404344971009e-19,0,256,0,0.0,0.0,0.01478385642587143,0.0,0.0,0.01478385642587143,1.0,0.9852161435741286,1.0,0.0,0.0,0.01478385642587143,0.0,6.145187730483665e-19,0,256,0
primary,community_only,0.75,0.5,0.3,fixed,200,256,256,0.0,0.0,0.01478385642587143,47.94140625,0.025401522454059102,0.78705078125,0.0,0.0,0.01478385642587143,0.0,0.0,0.01478385642587143,1.0,0.9852161435741286,1.0,0.0,0.0,0.01478385642587143,0.0,0.0,0,256,0,0.0,0.0,0.01478385642587143,0.0,0.0,0.01478385642587143,1.0,0.9852161435741286,1.0,0.0,0.0,0.01478385642587143,0.0,3.0725938652418324e-19,0,256,0
primary,community_only,0.75,0.5,0.3,fixed,400,256,256,0.0,0.0,0.01478385642587143,47.93359375,0.02925522979631247,0.7280957031249999,0.0,0.0,0.01478385642587143,0.0,0.0,0.01478385642587143,1.0,0.9852161435741286,1.0,0.0,0.0,0.01478385642587143,4.336808689942018e-19,3.0605680114048857e-19,0,256,0,0.0,0.0,0.01478385642587143,0.0,0.0,0.01478385642587143,1.0,0.9852161435741286,1.0,0.0,0.0,0.01478385642587143,-4.336808689942018e-19,7.521385634046667e-19,0,256,0
primary,community_only,0.75,0.5,0.3,neutral,10,256,256,0.0,0.0,0.01478385642587143,47.9765625,0.014570744741722414,2.40234375,0.07421875,0.048026107191811204,0.11300077054584494,0.05859375,0.03582660763317509,0.09441226561778955,0.8671875,0.8201396562762842,0.9033784491609664,0.0,0.0,0.01478385642587143,0.0006508305665959822,0.0008601552257526021,15,222,19,0.0546875,0.03285229140400938,0.08968958072528235,0.12109375,0.08663517067416432,0.1667557205235664,0.82421875,0.7728971415203973,0.8659539515784516,0.0,0.0,0.01478385642587143,-0.0015382289999035903,0.0009058302997231695,31,211,14
primary,community_only,0.75,0.5,0.3,neutral,40,256,256,0.0,0.0,0.01478385642587143,47.8984375,0.04686223273842585,1.2353515625,0.21484375,0.16894358808976334,0.26917533002811644,0.25,0.20091686568173925,0.3064750625311965,0.53515625,0.4739903018869167,0.5952827082081391,0.0,0.0,0.01478385642587143,-0.000533026798726813,0.00181822975467552,64,137,55,0.19921875,0.15489813913670408,0.2524327744944842,0.26953125,0.2188800151092185,0.3269969187120816,0.53125,0.4701106595667687,0.5914653494066143,0.0,0.0,0.01478385642587143,-0.0035445847847177217,0.0017301399621222912,69,136,51
primary,community_only,0.75,0.5,0.3,neutral,50,256,256,0.0,0.0,0.01478385642587143,47.92578125,0.027000205311378978,1.127578125,0.26953125,0.2188800151092185,0.3269969187120816,0.3046875,0.25153621542356636,0.36361372849278967,0.42578125,0.36674752969705376,0.48700944899116155,0.0,0.0,0.01478385642587143,-0.0002120376048535135,0.0020285247159276,78,109,69,0.2578125,0.20808593083982155,0.31469999961646,0.30859375,0.2551887425019035,0.36765820253612547,0.43359375,0.37431161888417475,0.4948393620473863,0.0,0.0,0.01478385642587143,-0.003010572536499853,0.001988941601831216,79,111,66
primary,community_only,0.75,0.5,0.3,neutral,100,256,256,0.0,0.0,0.01478385642587143,47.9375,0.03203666710529805,0.9062109375,0.296875,0.24424521529493903,0.35551072637807124,0.359375,0.30307650360756977,0.4198314560122066,0.34375,0.28826407712322777,0.403855878009857,0.0,0.0,0.01478385642587143,-0.0010105979953061324,0.002638002362613683,92,88,76,0.3203125,0.26617385334096993,0.3797640950620776,0.37109375,0.3142292916101357,0.43176967137465927,0.30859375,0.2551887425019035,0.36765820253612547,0.0,0.0,0.01478385642587143,-0.0016919137037962207,0.0027543556738769573,95,79,82
primary,community_only,0.75,0.5,0.3,neutral,200,256,256,0.0,0.0,0.01478385642587143,47.9453125,0.02689917830538513,0.78705078125,0.37890625,0.32168476294187087,0.43970820228626983,0.3671875,0.3105076134241139,0.4277943484390082,0.25390625,0.20449864653192884,0.31059028280267975,0.0,0.0,0.01478385642587143,0.00010406202724859588,0.0032249213108786626,94,65,97,0.328125,0.2735197547273731,0.38781219591902016,0.4140625,0.3554297681158383,0.4752362072073583,0.2578125,0.20808593083982155,0.31469999961646,0.0,0.0,0.01478385642587143,-0.003308691452706283,0.003336125032823107,106,66,84
primary,community_only,0.75,0.5,0.3,neutral,400,256,256,0.0,0.0,0.01478385642587143,47.9375,0.02248365419326567,0.7280957031249999,0.3984375,0.3403930035879241,0.459484967248581,0.36328125,0.3067900082905613,0.4238149524508879,0.23828125,0.1902054003663705,0.2940955244815466,0.0,0.0,0.01478385642587143,0.0009229220158970999,0.0034764664458754972,93,61,102,0.33203125,0.2771993280647148,0.3918296237033514,0.43359375,0.37431161888417475,0.4948393620473863,0.234375,0.1866465082202543,0.2899574155059899,0.0,0.0,0.01478385642587143,-0.0033020601638309825,0.003590636203446891,111,60,85
primary,community_only,0.75,0.5,0.3,selected,10,256,256,0.0,0.0,0.01478385642587143,47.93359375,0.025923829597944908,2.40234375,0.08984375,0.06061336726621258,0.1312015149581351,0.09375,0.0638098481830768,0.13570203516294374,0.81640625,0.7644232596319748,0.8590338312235285,0.0,0.0,0.01478385642587143,0.0005424217847057509,0.0009007121464432039,24,209,23,0.08203125,0.05427759190690546,0.12214328807409647,0.09765625,0.06702402222215342,0.14018486224554,0.8203125,0.7686562241913127,0.8624978677858633,0.0,0.0,0.01478385642587143,-0.000888726503943554,0.0009262644710690658,25,210,21
primary,community_only,0.75,0.5,0.3,selected,40,256,256,0.0,0.0,0.01478385642587143,47.93359375,0.02925522979631247,1.2353515625,0.3046875,0.25153621542356636,0.36361372849278967,0.24609375,0.19734067215723067,0.3023542549340322,0.44921875,0.389484750270348,0.5104542351479046,0.0,0.0,0.01478385642587143,0.0022252638590781817,0.001887042531070079,63,115,78,0.21875,0.1724715978199255,0.27334432141962717,0.3046875,0.25153621542356636,0.36361372849278967,0.4765625,0.41618039421813385,0.5376375990518288,0.0,0.0,0.01478385642587143,-0.005291523480298488,0.001779154825725631,78,122,56
primary,community_only,0.75,0.5,0.3,selected,50,256,256,0.0,0.0,0.01478385642587143,47.875,0.049507377148833714,1.127578125,0.328125,0.2735197547273731,0.38781219591902016,0.27734375,0.22610219451112512,0.3351687415535207,0.39453125,0.33664349360941154,0.45553747610542067,0.0,0.0,0.01478385642587143,0.0030485614313278428,0.002053607839811286,71,101,84,0.24609375,0.19734067215723067,0.3023542549340322,0.3515625,0.295661910800322,0.41185204657610863,0.40234375,0.3441464041785611,0.46342856777961694,0.0,0.0,0.01478385642587143,-0.006608334883914826,0.002052851108718817,90,103,63
primary,community_only,0.75,0.5,0.3,selected,100,256,256,0.0,0.0,0.01478385642587143,47.9453125,0.026323535830183247,0.9062109375,0.38671875,0.3291562242738866,0.4476307431975999,0.28515625,0.23334463740263667,0.3433203009053549,0.328125,0.2735197547273731,0.38781219591902016,0.0,0.0,0.01478385642587143,0.006315550566008285,0.0026258910677653684,73,84,99,0.28125,0.2297209150846507,0.33924702210166807,0.4140625,0.3554297681158383,0.4752362072073583,0.3046875,0.25153621542356636,0.36361372849278967,0.0,0.0,0.01478385642587143,-0.010967902430273914,0.002632358677939086,106,78,72
primary,community_only,0.75,0.5,0.3,selected,200,256,256,0.0,0.0,0.01478385642587143,47.9140625,0.029835480003417302,0.78705078125,0.3984375,0.3403930035879241,0.459484967248581,0.33203125,0.2771993280647148,0.3918296237033514,0.26953125,0.2188800151092185,0.3269969187120816,0.0,0.0,0.01478385642587143,0.005705543266769824,0.0031900074093573223,85,69,102,0.25390625,0.20449864653192884,0.31059028280267975,0.48828125,0.4276765099686914,0.5492324866662899,0.2578125,0.20808593083982155,0.31469999961646,0.0,0.0,0.01478385642587143,-0.01717707573165273,0.00303031435536066,125,66,65
primary,community_only,0.75,0.5,0.3,selected,400,256,256,0.0,0.0,0.01478385642587143,47.94921875,0.031878446504848695,0.7280957031249999,0.40625,0.34790367679855766,0.4673682962812932,0.359375,0.30307650360756977,0.4198314560122066,0.234375,0.1866465082202543,0.2899574155059899,0.0,0.0,0.01478385642587143,0.005674001327070041,0.003443345144618934,92,60,104,0.2265625,0.1795467073799799,0.28166321410291856,0.5703125,0.5090737118284735,0.6294723083616384,0.203125,0.15839924133131683,0.25662867342154433,0.0,0.0,0.01478385642587143,-0.022819125878110795,0.0032886399247972456,146,52,58
primary,community_only,0.75,0.5,0.7,fixed,10,256,256,0.0,0.0,0.01478385642587143,47.9921875,0.005513429182282041,2.40234375,0.0,0.0,0.01478385642587143,0.0,0.0,0.01478385642587143,1.0,0.9852161435741286,1.0,0.0,0.0,0.01478385642587143,0.0,0.0,0,256,0,0.0,0.0,0.01478385642587143,0.0,0.0,0.01478385642587143,1.0,0.9852161435741286,1.0,0.0,0.0,0.01478385642587143,0.0,0.0,0,256,0
primary,community_only,0.75,0.5,0.7,fixed,40,256,256,0.0,0.0,0.01478385642587143,47.8828125,0.04801264497836614,1.2353515625,0.0,0.0,0.01478385642587143,0.0,0.0,0.01478385642587143,1.0,0.9852161435741286,1.0,0.0,0.0,0.01478385642587143,1.3010426069826053e-18,1.3010426069826053e-18,0,256,0,0.0,0.0,0.01478385642587143,0.0,0.0,0.01478385642587143,1.0,0.9852161435741286,1.0,0.0,0.0,0.01478385642587143,-6.505213034913027e-19,9.461604617252354e-19,0,256,0
primary,community_only,0.75,0.5,0.7,fixed,50,256,256,0.0,0.0,0.01478385642587143,47.92578125,0.030213153034206516,1.127578125,0.0,0.0,0.01478385642587143,0.0,0.0,0.01478385642587143,1.0,0.9852161435741286,1.0,0.0,0.0,0.01478385642587143,1.3010426069826053e-18,1.1467687398753177e-18,0,256,0,0.0,0.0,0.01478385642587143,0.0,0.0,0.01478385642587143,1.0,0.9852161435741286,1.0,0.0,0.0,0.01478385642587143,-2.168404344971009e-19,3.7606928170233333e-19,0,256,0
primary,community_only,0.75,0.5,0.7,fixed,100,256,256,0.0,0.0,0.01478385642587143,47.984375,0.01233810602540429,0.9062109375,0.0,0.0,0.01478385642587143,0.0,0.0,0.01478385642587143,1.0,0.9852161435741286,1.0,0.0,0.0,0.01478385642587143,4.336808689942018e-19,4.336808689942018e-19,0,256,0,0.0,0.0,0.01478385642587143,0.0,0.0,0.01478385642587143,1.0,0.9852161435741286,1.0,0.0,0.0,0.01478385642587143,-2.168404344971009e-19,2.168404344971009e-19,0,256,0
primary,community_only,0.75,0.5,0.7,fixed,200,256,256,0.0,0.0,0.01478385642587143,47.9375,0.033895384034165026,0.78705078125,0.0,0.0,0.01478385642587143,0.0,0.0,0.01478385642587143,1.0,0.9852161435741286,1.0,0.0,0.0,0.01478385642587143,2.168404344971009e-18,1.2964994500030426e-18,0,256,0,0.0,0.0,0.01478385642587143,0.0,0.0,0.01478385642587143,1.0,0.9852161435741286,1.0,0.0,0.0,0.01478385642587143,-1.3010426069826053e-18,9.181704034214658e-19,0,256,0
primary,community_only,0.75,0.5,0.7,fixed,400,256,256,0.0,0.0,0.01478385642587143,47.95703125,0.022998076349516415,0.7280957031249999,0.0,0.0,0.01478385642587143,0.0,0.0,0.01478385642587143,1.0,0.9852161435741286,1.0,0.0,0.0,0.01478385642587143,0.0,6.145187730483665e-19,0,256,0,0.0,0.0,0.01478385642587143,0.0,0.0,0.01478385642587143,1.0,0.9852161435741286,1.0,0.0,0.0,0.01478385642587143,0.0,0.0,0,256,0
primary,community_only,0.75,0.5,0.7,neutral,10,256,256,0.0,0.0,0.01478385642587143,47.98046875,0.01028272495230972,2.40234375,0.09375,0.0638098481830768,0.13570203516294374,0.0546875,0.03285229140400938,0.08968958072528235,0.8515625,0.8028248479091987,0.8899052530413604,0.0,0.0,0.01478385642587143,0.0011422604424585793,0.0008940064508887734,14,218,24,0.0625,0.03883364112851165,0.09910223324412587,0.078125,0.05114064056843023,0.11758323829089878,0.859375,0.8114609871166358,0.8966631160772691,0.0,0.0,0.01478385642587143,-0.00036152571052521236,0.0008422947280443418,20,220,16
primary,community_only,0.75,0.5,0.7,neutral,40,256,256,0.0,0.0,0.01478385642587143,47.94140625,0.04031909597010843,1.2353515625,0.2578125,0.20808593083982155,0.31469999961646,0.23046875,0.183093576056734,0.28581334654783735,0.51171875,0.45076751333371007,0.5723234900313086,0.0,0.0,0.01478385642587143,0.00044437795333217983,0.0018680396740618126,59,131,66,0.2265625,0.1795467073799799,0.28166321410291856,0.2421875,0.19377015335079256,0.2982277726187974,0.53125,0.4701106595667687,0.5914653494066143,0.0,0.0,0.01478385642587143,-0.001257401809271153,0.0018054323961074962,62,136,58
primary,community_only,0.75,0.5,0.7,neutral,50,256,256,0.0,0.0,0.01478385642587143,47.9453125,0.023232353821624214,1.127578125,0.3046875,0.25153621542356636,0.36361372849278967,0.265625,0.21527669094275786,0.3229032417568694,0.4296875,0.37052769163836163,0.4909262881715265,0.0,0.0,0.01478385642587143,0.00036005670638651144,0.0020361593272621987,68,110,78,0.23046875,0.183093576056734,0.28581334654783735,0.2890625,0.2369733003711826,0.34738863905848194,0.48046875,0.4200087697380131,0.5415062246536225,0.0,0.0,0.01478385642587143,-0.002378785566279764,0.0019204133818836885,74,123,59
primary,community_only,0.75,0.5,0.7,neutral,100,256,256,0.0,0.0,0.01478385642587143,47.953125,0.022632202840027676,0.9062109375,0.36328125,0.3067900082905613,0.4238149524508879,0.3671875,0.3105076134241139,0.4277943484390082,0.26953125,0.2188800151092185,0.3269969187120816,0.0,0.0,0.01478385642587143,0.00015574166728669295,0.0027001373729288094,94,69,93,0.30078125,0.24788835618653265,0.35956458660815055,0.3515625,0.295661910800322,0.41185204657610863,0.34765625,0.29196088318828545,0.40785607306647226,0.0,0.0,0.01478385642587143,-0.0018990577255325514,0.0024501621090619193,90,89,77
primary,community_only,0.75,0.5,0.7,neutral,200,256,256,0.0,0.0,0.01478385642587143,47.953125,0.0239476745258507,0.78705078125,0.3671875,0.3105076134241139,0.4277943484390082,0.390625,0.33289789371255574,0.45158607488060365,0.2421875,0.19377015335079256,0.2982277726187974,0.0,0.0,0.01478385642587143,-0.0014924455869494324,0.003239445651416085,100,62,94,0.3515625,0.295661910800322,0.41185204657610863,0.37109375,0.3142292916101357,0.43176967137465927,0.27734375,0.22610219451112512,0.3351687415535207,0.0,0.0,0.01478385642587143,-0.0025530158152850474,0.0030147055327119456,95,71,90
primary,community_only,0.75,0.5,0.7,neutral,400,256,256,0.0,0.0,0.01478385642587143,47.9375,0.025665170570096683,0.7280957031249999,0.375,0.31795501653541774,0.43574094757105014,0.4140625,0.3554297681158383,0.4752362072073583,0.2109375,0.16542210475657976,0.26499981223962715,0.0,0.0,0.01478385642587143,-0.0019434771839121237,0.0034908072460859123,106,54,96,0.3671875,0.3105076134241139,0.4277943484390082,0.40234375,0.3441464041785611,0.46342856777961694,0.23046875,0.183093576056734,0.28581334654783735,0.0,0.0,0.01478385642587143,-0.004292919079821187,0.003427471606008911,103,59,94
primary,community_only,0.75,0.5,0.7,selected,10,256,256,0.0,0.0,0.01478385642587143,47.953125,0.022632202840027676,2.40234375,0.11328125,0.0800407222974869,0.15795616665689804,0.08984375,0.06061336726621258,0.1312015149581351,0.796875,0.7433713265784556,0.8416007586686831,0.0,0.0,0.01478385642587143,0.0002523543082464238,0.0009516146581177013,23,204,29,0.08203125,0.05427759190690546,0.12214328807409647,0.08203125,0.05427759190690546,0.12214328807409647,0.8359375,0.7856696977134597,0.8762723987504079,0.0,0.0,0.01478385642587143,7.054178395400276e-07,0.0009104234180395635,21,214,21
primary,community_only,0.75,0.5,0.7,selected,40,256,256,0.0,0.0,0.01478385642587143,47.90625,0.04137458903296876,1.2353515625,0.24609375,0.19734067215723067,0.3023542549340322,0.2890625,0.2369733003711826,0.34738863905848194,0.46484375,0.4047172917918608,0.5260096981130833,0.0,0.0,0.01478385642587143,-0.002395752661639112,0.0018497351990466775,74,119,63,0.2109375,0.16542210475657976,0.26499981223962715,0.29296875,0.240606845197983,0.3514520953533543,0.49609375,0.43535888592634564,0.5569441129519814,0.0,0.0,0.01478385642587143,-0.003441204849846388,0.001795033655272715,75,127,54
primary,community_only,0.75,0.5,0.7,selected,50,256,256,0.0,0.0,0.01478385642587143,47.94140625,0.03503348663951853,1.127578125,0.26953125,0.2188800151092185,0.3269969187120816,0.33203125,0.2771993280647148,0.3918296237033514,0.3984375,0.3403930035879241,0.459484967248581,0.0,0.0,0.01478385642587143,-0.002487691862046538,0.002010634978654342,85,102,69,0.25,0.20091686568173925,0.3064750625311965,0.3671875,0.3105076134241139,0.4277943484390082,0.3828125,0.3254185065983358,0.4436714597514778,0.0,0.0,0.01478385642587143,-0.005138169422712125,0.0019976165929304684,94,98,64
primary,community_only,0.75,0.5,0.7,selected,100,256,256,0.0,0.0,0.01478385642587143,47.91796875,0.03698116234949035,0.9062109375,0.3515625,0.295661910800322,0.41185204657610863,0.33984375,0.28457152593543,0.39985142807598195,0.30859375,0.2551887425019035,0.36765820253612547,0.0,0.0,0.01478385642587143,-0.00028062583908981635,0.002652224035514953,87,79,90,0.265625,0.21527669094275786,0.3229032417568694,0.46875,0.4085346505933857,0.5298893404332313,0.265625,0.21527669094275786,0.3229032417568694,0.0,0.0,0.01478385642587143,-0.011985737347583816,0.0027282567289779527,120,68,68
primary,community_only,0.75,0.5,0.7,selected,200,256,256,0.0,0.0,0.01478385642587143,47.95703125,0.020158434864104485,0.78705078125,0.38671875,0.3291562242738866,0.4476307431975999,0.35546875,0.29936712788953435,0.4158438306085691,0.2578125,0.20808593083982155,0.31469999961646,0.0,0.0,0.01478385642587143,0.0008156073378625889,0.0032164622084537003,91,66,99,0.265625,0.21527669094275786,0.3229032417568694,0.5234375,0.46236240094817116,0.5838196057818662,0.2109375,0.16542210475657976,0.26499981223962715,0.0,0.0,0.01478385642587143,-0.017733109467488337,0.0031128381667755015,134,54,68
primary,community_only,0.75,0.5,0.7,selected,400,256,256,0.0,0.0,0.01478385642587143,47.94921875,0.022935546061324277,0.7280957031249999,0.39453125,0.33664349360941154,0.45553747610542067,0.35546875,0.29936712788953435,0.4158438306085691,0.25,0.20091686568173925,0.3064750625311965,0.0,0.0,0.01478385642587143,0.001751125439086218,0.0033658150967859706,91,64,101,0.2421875,0.19377015335079256,0.2982277726187974,0.55078125,0.4895457648520954,0.6105152497296519,0.20703125,0.16190727728556475,0.2608176385889693,0.0,0.0,0.01478385642587143,-0.02256580831272486,0.0033405371764542485,141,53,62
primary,mainland,0.0,0.0,0.3,fixed,10,256,230,0.1015625,0.07025498422463894,0.14465090136472736,41.640625,0.9936759090335376,8.490234375,0.0,0.0,0.01478385642587143,0.0,0.0,0.01478385642587143,0.8984375,0.8553490986352725,0.9297450157753611,0.1015625,0.07025498422463894,0.14465090136472736,1.68946982008176e-18,3.2701763683968948e-18,0,230,0,0.0,0.0,0.01478385642587143,0.0,0.0,0.01478385642587143,0.8984375,0.8553490986352725,0.9297450157753611,0.1015625,0.07025498422463894,0.14465090136472736,-7.240584943207542e-19,5.424574449717686e-18,0,230,0
primary,mainland,0.0,0.0,0.3,fixed,40,256,171,0.33203125,0.2771993280647148,0.3918296237033514,31.3984375,1.410587587981347,7.18935546875,0.0,0.0,0.01478385642587143,0.0,0.0,0.01478385642587143,0.66796875,0.6081703762966486,0.7228006719352853,0.33203125,0.2771993280647148,0.3918296237033514,-3.895519384649672e-18,1.9846469830729597e-18,0,171,0,0.0,0.0,0.01478385642587143,0.0,0.0,0.01478385642587143,0.66796875,0.6081703762966486,0.7228006719352853,0.33203125,0.2771993280647148,0.3918296237033514,-3.895519384649672e-18,3.895519384649673e-18,0,171,0
primary,mainland,0.0,0.0,0.3,fixed,50,256,158,0.3828125,0.3254185065983358,0.4436714597514778,29.3515625,1.457739861954711,7.036875,0.0,0.0,0.01478385642587143,0.0,0.0,0.01478385642587143,0.6171875,0.5563285402485222,0.6745814934016642,0.3828125,0.3254185065983358,0.4436714597514778,7.026728003956687e-19,4.952798026956213e-19,0,158,0,0.0,0.0,0.01478385642587143,0.0,0.0,0.01478385642587143,0.6171875,0.5563285402485222,0.6745814934016642,0.3828125,0.3254185065983358,0.4436714597514778,-5.972718803363184e-18,4.770128600808254e-18,0,158,0
primary,mainland,0.0,0.0,0.3,fixed,100,256,108,0.578125,0.5169111683468876,0.63702885408657,19.73828125,1.4713015740318574,6.67265625,0.0,0.0,0.01478385642587143,0.0,0.0,0.01478385642587143,0.421875,0.36297114591343,0.4830888316531124,0.578125,0.5169111683468876,0.63702885408657,5.13992141030165e-18,3.309484554463493e-18,0,108,0,0.0,0.0,0.01478385642587143,0.0,0.0,0.01478385642587143,0.421875,0.36297114591343,0.4830888316531124,0.578125,0.5169111683468876,0.63702885408657,8.737866397512806e-18,9.037889605511875e-18,0,108,0
primary,mainland,0.0,0.0,0.3,fixed,200,256,38,0.8515625,0.8028248479091987,0.8899052530413604,7.06640625,1.0608469774886977,6.3741796875,0.0,0.0,0.01478385642587143,0.0,0.0,0.01478385642587143,0.1484375,0.1100947469586396,0.19717515209080125,0.8515625,0.8028248479091987,0.8899052530413604,-2.921639538487254e-18,2.9216395384872543e-18,0,38,0,0.0,0.0,0.01478385642587143,0.0,0.0,0.01478385642587143,0.1484375,0.1100947469586396,0.19717515209080125,0.8515625,0.8028248479091987,0.8899052530413604,4.382459307730881e-18,3.2309859012321467e-18,0,38,0
primary,mainland,0.0,0.0,0.3,fixed,400,256,6,0.9765625,0.9498190043999489,0.9892151324441424,1.125,0.4547542969431243,6.144931640625,0.0,0.0,0.01478385642587143,0.0,0.0,0.01478385642587143,0.0234375,0.010784867555857603,0.0501809956000511,0.9765625,0.9498190043999489,0.9892151324441424,0.0,0.0,0,6,0,0.0,0.0,0.01478385642587143,0.0,0.0,0.01478385642587143,0.0234375,0.010784867555857603,0.0501809956000511,0.9765625,0.9498190043999489,0.9892151324441424,0.0,0.0,0,6,0
primary,mainland,0.0,0.0,0.3,neutral,10,256,231,0.09765625,0.06702402222215342,0.14018486224554,41.93359375,0.9699203958845221,8.490234375,0.1015625,0.07025498422463894,0.14465090136472736,0.12109375,0.08663517067416432,0.1667557205235664,0.6796875,0.6202359049379224,0.73382614665903,0.09765625,0.06702402222215342,0.14018486224554,-0.0006476351377817562,0.0011044167848061918,31,174,26,0.0859375,0.05743557903626671,0.12668230206640807,0.140625,0.10333688392273097,0.18853901288336414,0.67578125,0.6162096335282949,0.7301554169469846,0.09765625,0.06702402222215342,0.14018486224554,-0.0019997433763118922,0.001135247285922133,36,173,22
primary,mainland,0.0,0.0,0.3,neutral,40,256,168,0.34375,0.28826407712322777,0.403855878009857,30.7421875,1.4273296680286167,7.18935546875,0.171875,0.13059812036467136,0.2228537854148068,0.21875,0.1724715978199255,0.27334432141962717,0.265625,0.21527669094275786,0.3229032417568694,0.34375,0.28826407712322777,0.403855878009857,-0.005503242419166816,0.00258299326368354,56,68,44,0.17578125,0.13404604842154846,0.22710285847960257,0.2109375,0.16542210475657976,0.26499981223962715,0.26953125,0.2188800151092185,0.3269969187120816,0.34375,0.28826407712322777,0.403855878009857,-0.003102984845854791,0.0026932977164945996,54,69,45
primary,mainland,0.0,0.0,0.3,neutral,50,256,151,0.41015625,0.3516648037328092,0.47130417046871464,27.76171875,1.4782039025895495,7.036875,0.18359375,0.14096616877647156,0.23557674036802523,0.19140625,0.14791734057779737,0.24401957081004516,0.21484375,0.16894358808976334,0.26917533002811644,0.41015625,0.3516648037328092,0.47130417046871464,-0.0032094822521621996,0.002981154063874018,49,55,47,0.17578125,0.13404604842154846,0.22710285847960257,0.2265625,0.1795467073799799,0.28166321410291856,0.1875,0.14443796573655726,0.2398019445296124,0.41015625,0.3516648037328092,0.47130417046871464,-0.004045463578658435,0.0030327359501395625,58,48,45
primary,mainland,0.0,0.0,0.3,neutral,100,256,93,0.63671875,0.576185047549112,0.6932099917094386,16.62109375,1.4235859324513487,6.67265625,0.1171875,0.08333128838163656,0.16236260169442127,0.125,0.08995183318684266,0.17113605913256094,0.12109375,0.08663517067416432,0.1667557205235664,0.63671875,0.576185047549112,0.6932099917094386,-0.0003578722507742384,0.004677467723844624,32,31,30,0.14453125,0.10671067600593546,0.1928622219218325,0.1484375,0.1100947469586396,0.19717515209080125,0.0703125,0.04493554746197091,0.10839432915401236,0.63671875,0.576185047549112,0.6932099917094386,-0.00020692713928247098,0.004724392268871686,38,18,37
primary,mainland,0.0,0.0,0.3,neutral,200,256,29,0.88671875,0.842043833343102,0.9199592777025132,5.30859375,0.9387052799143416,6.3741796875,0.04296875,0.024159813300607562,0.07529105546366555,0.03515625,0.018604096092635542,0.0654527704282918,0.03515625,0.018604096092635542,0.0654527704282918,0.88671875,0.842043833343102,0.9199592777025132,0.005311072712222297,0.010547745971616243,9,9,11,0.0390625,0.0213540358427329,0.07039983179986732,0.04296875,0.024159813300607562,0.07529105546366555,0.03125,0.015918258891511296,0.06044160650774316,0.88671875,0.842043833343102,0.9199592777025132,-0.006025522461782629,0.010099697979991822,11,8,10
primary,mainland,0.0,0.0,0.3,neutral,400,256,8,0.96875,0.9395583934922568,0.9840817411084887,1.5,0.5230003936563584,6.144931640625,0.015625,0.006092598203366294,0.039479262709196654,0.0078125,0.002145090367681419,0.028032768301535768,0.0078125,0.002145090367681419,0.028032768301535768,0.96875,0.9395583934922568,0.9840817411084887,0.020229110922542957,0.02057525101704176,2,2,4,0.015625,0.006092598203366294,0.039479262709196654,0.00390625,0.0006898821669617927,0.021790975380582514,0.01171875,0.003993287123007758,0.033881572667882304,0.96875,0.9395583934922568,0.9840817411084887,0.03539029653113072,0.012798867360200458,1,3,4
primary,mainland,0.0,0.0,0.3,selected,10,256,235,0.08203125,0.05427759190690546,0.12214328807409647,42.8125,0.909550699790944,8.490234375,0.265625,0.21527669094275786,0.3229032417568694,0.25,0.20091686568173925,0.3064750625311965,0.40234375,0.3441464041785611,0.46342856777961694,0.08203125,0.05427759190690546,0.12214328807409647,0.001647024965397877,0.0020546437787136856,64,103,68,0.375,0.31795501653541774,0.43574094757105014,0.03125,0.015918258891511296,0.06044160650774316,0.51171875,0.45076751333371007,0.5723234900313086,0.08203125,0.05427759190690546,0.12214328807409647,0.014434862109305604,0.0011171299514347156,8,131,96
primary,mainland,0.0,0.0,0.3,selected,40,256,181,0.29296875,0.240606845197983,0.3514520953533543,33.71875,1.3701325947534722,7.18935546875,0.265625,0.21527669094275786,0.3229032417568694,0.296875,0.24424521529493903,0.35551072637807124,0.14453125,0.10671067600593546,0.1928622219218325,0.29296875,0.240606845197983,0.3514520953533543,-0.0015987347714769477,0.003922805510630252,76,37,68,0.60546875,0.5444625238945793,0.6633565063905884,0.01171875,0.003993287123007758,0.033881572667882304,0.08984375,0.06061336726621258,0.1312015149581351,0.29296875,0.240606845197983,0.3514520953533543,0.04488371372686839,0.001824470420393753,3,23,155
primary,mainland,0.0,0.0,0.3,selected,50,256,170,0.3359375,0.280883264256863,0.395842688632876,31.5703125,1.4229643094918518,7.036875,0.26171875,0.21167863808724405,0.31880429349071027,0.2890625,0.2369733003711826,0.34738863905848194,0.11328125,0.0800407222974869,0.15795616665689804,0.3359375,0.280883264256863,0.395842688632876,-0.0027446046221189426,0.004330866105394778,74,29,67,0.58203125,0.5208355774699231,0.6408014460852074,0.01171875,0.003993287123007758,0.033881572667882304,0.0703125,0.04493554746197091,0.10839432915401236,0.3359375,0.280883264256863,0.395842688632876,0.050506259229977875,0.0020732629858351715,3,18,149
primary,mainland,0.0,0.0,0.3,selected,100,256,117,0.54296875,0.4817606408924305,0.6029063714459713,21.10546875,1.4845515366836208,6.67265625,0.18359375,0.14096616877647156,0.23557674036802523,0.19140625,0.14791734057779737,0.24401957081004516,0.08203125,0.05427759190690546,0.12214328807409647,0.54296875,0.4817606408924305,0.6029063714459713,0.0005241816059127852,0.00556071811617079,49,21,47,0.41796875,0.35919855391479266,0.4791644225300769,0.01171875,0.003993287123007758,0.033881572667882304,0.02734375,0.013307156355121155,0.05535570792246043,0.54296875,0.4817606408924305,0.6029063714459713,0.06397994752216948,0.0027945824467210975,3,7,107
primary,mainland,0.0,0.0,0.3,selected,200,256,44,0.828125,0.7771462145851933,0.8694018796353287,8.25,1.1340323680410123,6.3741796875,0.08203125,0.05427759190690546,0.12214328807409647,0.06640625,0.04187072285916844,0.10376215263514196,0.0234375,0.010784867555857603,0.0501809956000511,0.828125,0.7771462145851933,0.8694018796353287,0.005559065936536423,0.009807008641446485,17,6,21,0.16796875,0.12715856241588983,0.2185963422419154,0.00390625,0.0006898821669617927,0.021790975380582514,0.0,0.0,0.01478385642587143,0.828125,0.7771462145851933,0.8694018796353287,0.06897389585566283,0.004279711392907699,1,0,43
primary,mainland,0.0,0.0,0.3,selected,400,256,8,0.96875,0.9395583934922568,0.9840817411084887,1.5,0.5230003936563584,6.144931640625,0.0234375,0.010784867555857603,0.0501809956000511,0.00390625,0.0006898821669617927,0.021790975380582514,0.00390625,0.0006898821669617927,0.021790975380582514,0.96875,0.9395583934922568,0.9840817411084887,0.035763865092693164,0.020771319280007042,1,1,6,0.03125,0.015918258891511296,0.06044160650774316,0.0,0.0,0.01478385642587143,0.0,0.0,0.01478385642587143,0.96875,0.9395583934922568,0.9840817411084887,0.07862479250138452,0.007442583518523612,0,0,8
primary,mainland,0.0,0.0,0.7,fixed,10,256,249,0.02734375,0.013307156355121155,0.05535570792246043,45.78515625,0.5872311597261152,8.490234375,0.0,0.0,0.01478385642587143,0.0,0.0,0.01478385642587143,0.97265625,0.9446442920775396,0.9866928436448789,0.02734375,0.013307156355121155,0.05535570792246043,-4.0128543058740596e-18,4.0128543058740596e-18,0,249,0,0.0,0.0,0.01478385642587143,0.0,0.0,0.01478385642587143,0.97265625,0.9446442920775396,0.9866928436448789,0.02734375,0.013307156355121155,0.05535570792246043,4.9045997071794065e-18,2.527871930485803e-18,0,249,0
primary,mainland,0.0,0.0,0.7,fixed,40,256,202,0.2109375,0.16542210475657976,0.26499981223962715,37.4765625,1.2280290891738805,7.18935546875,0.0,0.0,0.01478385642587143,0.0,0.0,0.01478385642587143,0.7890625,0.7350001877603728,0.8345778952434203,0.2109375,0.16542210475657976,0.26499981223962715,0.0,1.5584092232920321e-18,0,202,0,0.0,0.0,0.01478385642587143,0.0,0.0,0.01478385642587143,0.7890625,0.7350001877603728,0.8345778952434203,0.2109375,0.16542210475657976,0.26499981223962715,2.1984614349013e-18,4.0458953755808165e-18,0,202,0
primary,mainland,0.0,0.0,0.7,fixed,50,256,191,0.25390625,0.20449864653192884,0.31059028280267975,35.12109375,1.314169375411501,7.036875,0.0,0.0,0.01478385642587143,0.0,0.0,0.01478385642587143,0.74609375,0.6894097171973202,0.7955013534680712,0.25390625,0.20449864653192884,0.31059028280267975,-4.650148794241494e-18,2.71265963633951e-18,0,191,0,0.0,0.0,0.01478385642587143,0.0,0.0,0.01478385642587143,0.74609375,0.6894097171973202,0.7955013534680712,0.25390625,0.20449864653192884,0.31059028280267975,0.0,3.821650555766139e-18,0,191,0
primary,mainland,0.0,0.0,0.7,fixed,100,256,130,0.4921875,0.43151586938966136,0.5530901283669929,24.375,1.50275482325745,6.67265625,0.0,0.0,0.01478385642587143,0.0,0.0,0.01478385642587143,0.5078125,0.44690987163300716,0.5684841306103388,0.4921875,0.43151586938966136,0.5530901283669929,0.0,0.0,0,130,0,0.0,0.0,0.01478385642587143,0.0,0.0,0.01478385642587143,0.5078125,0.44690987163300716,0.5684841306103388,0.4921875,0.43151586938966136,0.5530901283669929,0.0,0.0,0,130,0
primary,mainland,0.0,0.0,0.7,fixed,200,256,52,0.796875,0.7433713265784556,0.8416007586686831,9.5703125,1.2003671720170666,6.3741796875,0.0,0.0,0.01478385642587143,0.0,0.0,0.01478385642587143,0.203125,0.15839924133131683,0.25662867342154433,0.796875,0.7433713265784556,0.8416007586686831,-8.540177112501205e-18,8.540177112501205e-18,0,52,0,0.0,0.0,0.01478385642587143,0.0,0.0,0.01478385642587143,0.203125,0.15839924133131683,0.25662867342154433,0.796875,0.7433713265784556,0.8416007586686831,4.270088556250602e-18,4.270088556250602e-18,0,52,0
primary,mainland,0.0,0.0,0.7,fixed,400,256,6,0.9765625,0.9498190043999489,0.9892151324441424,1.125,0.4547542969431243,6.144931640625,0.0,0.0,0.01478385642587143,0.0,0.0,0.01478385642587143,0.0234375,0.010784867555857603,0.0501809956000511,0.9765625,0.9498190043999489,0.9892151324441424,0.0,0.0,0,6,0,0.0,0.0,0.01478385642587143,0.0,0.0,0.01478385642587143,0.0234375,0.010784867555857603,0.0501809956000511,0.9765625,0.9498190043999489,0.9892151324441424,0.0,0.0,0,6,0
primary,mainland,0.0,0.0,0.7,neutral,10,256,250,0.0234375,0.010784867555857603,0.0501809956000511,46.2109375,0.5318963682460229,8.490234375,0.11328125,0.0800407222974869,0.15795616665689804,0.14453125,0.10671067600593546,0.1928622219218325,0.71875,0.6607529778983319,0.7702790849153494,0.0234375,0.010784867555857603,0.0501809956000511,-0.001133708226272624,0.0010779044654230623,37,184,29,0.09765625,0.06702402222215342,0.14018486224554,0.1171875,0.08333128838163656,0.16236260169442127,0.76171875,0.7059044755184534,0.8097945996336295,0.0234375,0.010784867555857603,0.0501809956000511,-0.00043303801915760265,0.0010522343431371033,30,195,25
primary,mainland,0.0,0.0,0.7,neutral,40,256,205,0.19921875,0.15489813913670408,0.2524327744944842,37.59375,1.2264931251455966,7.18935546875,0.20703125,0.16190727728556475,0.2608176385889693,0.234375,0.1866465082202543,0.2899574155059899,0.359375,0.30307650360756977,0.4198314560122066,0.19921875,0.15489813913670408,0.2524327744944842,-0.002147080897199478,0.002238789107249681,60,92,53,0.2265625,0.1795467073799799,0.28166321410291856,0.171875,0.13059812036467136,0.2228537854148068,0.40234375,0.3441464041785611,0.46342856777961694,0.19921875,0.15489813913670408,0.2524327744944842,0.004163628418615037,0.002251340152434381,44,103,58
primary,mainland,0.0,0.0,0.7,neutral,50,256,188,0.265625,0.21527669094275786,0.3229032417568694,35.0390625,1.3325994229488114,7.036875,0.22265625,0.17600601030365376,0.27750691005757183,0.2109375,0.16542210475657976,0.26499981223962715,0.30078125,0.24788835618653265,0.35956458660815055,0.265625,0.21527669094275786,0.3229032417568694,-0.0022372354432223253,0.0027178061953502023,54,77,57,0.26171875,0.21167863808724405,0.31880429349071027,0.171875,0.13059812036467136,0.2228537854148068,0.30078125,0.24788835618653265,0.35956458660815055,0.265625,0.21527669094275786,0.3229032417568694,0.00488705399601491,0.0027152265923425455,44,77,67
primary,mainland,0.0,0.0,0.7,neutral,100,256,124,0.515625,0.4546288138005892,0.5761591906861023,23.25,1.5022042627615007,6.67265625,0.16796875,0.12715856241588983,0.2185963422419154,0.16796875,0.12715856241588983,0.2185963422419154,0.1484375,0.1100947469586396,0.19717515209080125,0.515625,0.4546288138005892,0.5761591906861023,-0.0002488522239389428,0.00398714150121252,43,38,43,0.1953125,0.15140411996625466,0.24822979254326075,0.13671875,0.09997371828318014,0.1842051774012421,0.15234375,0.11348877125313496,0.20147812891797878,0.515625,0.4546288138005892,0.5761591906861023,0.006888646150787291,0.0039966268098532215,35,39,50
primary,mainland,0.0,0.0,0.7,neutral,200,256,49,0.80859375,0.7559804291899548,0.8520826594222026,8.8984375,1.1634059785036412,6.3741796875,0.09765625,0.06702402222215342,0.14018486224554,0.046875,0.027014851001628076,0.0801330188843179,0.046875,0.027014851001628076,0.0801330188843179,0.80859375,0.7559804291899548,0.8520826594222026,0.006959336193433014,0.007165907422017696,12,12,25,0.0859375,0.05743557903626671,0.12668230206640807,0.046875,0.027014851001628076,0.0801330188843179,0.05859375,0.03582660763317509,0.09441226561778955,0.80859375,0.7559804291899548,0.8520826594222026,0.013108388024511789,0.0067310315097808635,12,15,22
primary,mainland,0.0,0.0,0.7,neutral,400,256,9,0.96484375,0.9345472295717082,0.9813959039073644,1.6875,0.5536061591165372,6.144931640625,0.01171875,0.003993287123007758,0.033881572667882304,0.015625,0.006092598203366294,0.039479262709196654,0.0078125,0.002145090367681419,0.028032768301535768,0.96484375,0.9345472295717082,0.9813959039073644,-0.015086004999145376,0.017836950837206583,4,2,3,0.0078125,0.002145090367681419,0.028032768301535768,0.01953125,0.008370729784579391,0.04489813224965644,0.0078125,0.002145090367681419,0.028032768301535768,0.96484375,0.9345472295717082,0.9813959039073644,-0.017074539286809243,0.021494229912163963,5,2,2
primary,mainland,0.0,0.0,0.7,selected,10,256,250,0.0234375,0.010784867555857603,0.0501809956000511,46.01953125,0.5623624878721715,8.490234375,0.2734375,0.22248853918114145,0.33108539576183155,0.2734375,0.22248853918114145,0.33108539576183155,0.4296875,0.37052769163836163,0.4909262881715265,0.0234375,0.010784867555857603,0.0501809956000511,0.00035448648384955384,0.0018450694214957653,70,110,70,0.43359375,0.37431161888417475,0.4948393620473863,0.015625,0.006092598203366294,0.039479262709196654,0.52734375,0.4662346942501266,0.5876443136015835,0.0234375,0.010784867555857603,0.0501809956000511,0.017565933226990904,0.0010293214267832987,4,135,111
primary,mainland,0.0,0.0,0.7,selected,40,256,217,0.15234375,0.11348877125313496,0.20147812891797878,39.96875,1.1079850965896183,7.18935546875,0.3515625,0.295661910800322,0.41185204657610863,0.32421875,0.2698445830530154,0.38379036647170506,0.171875,0.13059812036467136,0.2228537854148068,0.15234375,0.11348877125313496,0.20147812891797878,-0.0006039504664023273,0.0037106587675563127,83,44,90,0.7578125,0.7017722273812026,0.8062298466492075,0.015625,0.006092598203366294,0.039479262709196654,0.07421875,0.048026107191811204,0.11300077054584494,0.15234375,0.11348877125313496,0.20147812891797878,0.04916719387062847,0.0017100803415187613,4,19,194
primary,mainland,0.0,0.0,0.7,selected,50,256,203,0.20703125,0.16190727728556475,0.2608176385889693,38.0546875,1.2176904920467089,7.036875,0.32421875,0.2698445830530154,0.38379036647170506,0.3203125,0.26617385334096993,0.3797640950620776,0.1484375,0.1100947469586396,0.19717515209080125,0.20703125,0.16190727728556475,0.2608176385889693,0.00011461667023688357,0.003969769171516835,82,38,83,0.75,0.6935249374688035,0.7990831343182607,0.015625,0.006092598203366294,0.039479262709196654,0.02734375,0.013307156355121155,0.05535570792246043,0.20703125,0.16190727728556475,0.2608176385889693,0.0541503646258429,0.0016719821437334943,4,7,192
primary,mainland,0.0,0.0,0.7,selected,100,256,155,0.39453125,0.33664349360941154,0.45553747610542067,28.46875,1.4663909925023944,6.67265625,0.25390625,0.20449864653192884,0.31059028280267975,0.26171875,0.21167863808724405,0.31880429349071027,0.08984375,0.06061336726621258,0.1312015149581351,0.39453125,0.33664349360941154,0.45553747610542067,-0.003033372121993796,0.004831374358604467,67,23,65,0.578125,0.5169111683468876,0.63702885408657,0.0078125,0.002145090367681419,0.028032768301535768,0.01953125,0.008370729784579391,0.04489813224965644,0.39453125,0.33664349360941154,0.45553747610542067,0.06614230793485296,0.0018966251919723099,2,5,148
primary,mainland,0.0,0.0,0.7,selected,200,256,59,0.76953125,0.7141866534521627,0.8169064239432661,10.75,1.2494116262324062,6.3741796875,0.10546875,0.07350191137657121,0.14910097533446798,0.1015625,0.07025498422463894,0.14465090136472736,0.0234375,0.010784867555857603,0.0501809956000511,0.76953125,0.7141866534521627,0.8169064239432661,-0.0044814158826665534,0.008373957341879942,26,6,27,0.2265625,0.1795467073799799,0.28166321410291856,0.00390625,0.0006898821669617927,0.021790975380582514,0.0,0.0,0.01478385642587143,0.76953125,0.7141866534521627,0.8169064239432661,0.06821960180030734,0.0032550412406608152,1,0,58
primary,mainland,0.0,0.0,0.7,selected,400,256,10,0.9609375,0.9296001682001327,0.9786459641572671,1.875,0.5823696521666508,6.144931640625,0.01953125,0.008370729784579391,0.04489813224965644,0.015625,0.006092598203366294,0.039479262709196654,0.00390625,0.0006898821669617927,0.021790975380582514,0.9609375,0.9296001682001327,0.9786459641572671,0.0044009265679698425,0.017589931922907427,4,1,5,0.0390625,0.0213540358427329,0.07039983179986732,0.0,0.0,0.01478385642587143,0.0,0.0,0.01478385642587143,0.9609375,0.9296001682001327,0.9786459641572671,0.0759569557264845,0.006103065222635223,0,0,10
primary,mainland,0.0,0.5,0.3,fixed,10,256,256,0.0,0.0,0.01478385642587143,48.0,0.0,8.490234375,0.0,0.0,0.01478385642587143,0.0,0.0,0.01478385642587143,1.0,0.9852161435741286,1.0,0.0,0.0,0.01478385642587143,0.0,0.0,0,256,0,0.0,0.0,0.01478385642587143,0.0,0.0,0.01478385642587143,1.0,0.9852161435741286,1.0,0.0,0.0,0.01478385642587143,0.0,0.0,0,256,0
primary,mainland,0.0,0.5,0.3,fixed,40,256,256,0.0,0.0,0.01478385642587143,48.0,0.0,7.18935546875,0.0,0.0,0.01478385642587143,0.0,0.0,0.01478385642587143,1.0,0.9852161435741286,1.0,0.0,0.0,0.01478385642587143,0.0,0.0,0,256,0,0.0,0.0,0.01478385642587143,0.0,0.0,0.01478385642587143,1.0,0.9852161435741286,1.0,0.0,0.0,0.01478385642587143,0.0,0.0,0,256,0
primary,mainland,0.0,0.5,0.3,fixed,50,256,256,0.0,0.0,0.01478385642587143,48.0,0.0,7.036875,0.0,0.0,0.01478385642587143,0.0,0.0,0.01478385642587143,1.0,0.9852161435741286,1.0,0.0,0.0,0.01478385642587143,0.0,0.0,0,256,0,0.0,0.0,0.01478385642587143,0.0,0.0,0.01478385642587143,1.0,0.9852161435741286,1.0,0.0,0.0,0.01478385642587143,0.0,0.0,0,256,0
primary,mainland,0.0,0.5,0.3,fixed,100,256,256,0.0,0.0,0.01478385642587143,48.0,0.0,6.67265625,0.0,0.0,0.01478385642587143,0.0,0.0,0.01478385642587143,1.0,0.9852161435741286,1.0,0.0,0.0,0.01478385642587143,0.0,0.0,0,256,0,0.0,0.0,0.01478385642587143,0.0,0.0,0.01478385642587143,1.0,0.9852161435741286,1.0,0.0,0.0,0.01478385642587143,0.0,0.0,0,256,0
primary,mainland,0.0,0.5,0.3,fixed,200,256,256,0.0,0.0,0.01478385642587143,48.0,0.0,6.3741796875,0.0,0.0,0.01478385642587143,0.0,0.0,0.01478385642587143,1.0,0.9852161435741286,1.0,0.0,0.0,0.01478385642587143,0.0,0.0,0,256,0,0.0,0.0,0.01478385642587143,0.0,0.0,0.01478385642587143,1.0,0.9852161435741286,1.0,0.0,0.0,0.01478385642587143,0.0,0.0,0,256,0
primary,mainland,0.0,0.5,0.3,fixed,400,256,256,0.0,0.0,0.01478385642587143,48.0,0.0,6.144931640625,0.0,0.0,0.01478385642587143,0.0,0.0,0.01478385642587143,1.0,0.9852161435741286,1.0,0.0,0.0,0.01478385642587143,0.0,0.0,0,256,0,0.0,0.0,0.01478385642587143,0.0,0.0,0.01478385642587143,1.0,0.9852161435741286,1.0,0.0,0.0,0.01478385642587143,0.0,0.0,0,256,0
primary,mainland,0.0,0.5,0.3,neutral,10,256,256,0.0,0.0,0.01478385642587143,48.0,0.0,8.490234375,0.16796875,0.12715856241588983,0.2185963422419154,0.171875,0.13059812036467136,0.2228537854148068,0.66015625,0.600148571924018,0.71542847406457,0.0,0.0,0.01478385642587143,-0.0005566127368144002,0.001206124857868368,44,169,43,0.15625,0.11689244351430939,0.20577145777847722,0.16015625,0.12030547683153675,0.21005542558292273,0.68359375,0.6242666601546496,0.7374923925639758,0.0,0.0,0.01478385642587143,0.0004887748708869823,0.0012095328349325636,41,175,40
primary,mainland,0.0,0.5,0.3,neutral,40,256,256,0.0,0.0,0.01478385642587143,48.0,0.0,7.18935546875,0.26953125,0.2188800151092185,0.3269969187120816,0.33984375,0.28457152593543,0.39985142807598195,0.390625,0.33289789371255574,0.45158607488060365,0.0,0.0,0.01478385642587143,-0.004469129456130318,0.0021164287915360334,87,100,69,0.27734375,0.22610219451112512,0.3351687415535207,0.34765625,0.29196088318828545,0.40785607306647226,0.375,0.31795501653541774,0.43574094757105014,0.0,0.0,0.01478385642587143,-0.003163110779082199,0.002233775259626337,89,96,71
primary,mainland,0.0,0.5,0.3,neutral,50,256,256,0.0,0.0,0.01478385642587143,48.0,0.0,7.036875,0.296875,0.24424521529493903,0.35551072637807124,0.390625,0.33289789371255574,0.45158607488060365,0.3125,0.2588458887858718,0.37169805737383,0.0,0.0,0.01478385642587143,-0.005583908447544479,0.002437375625015705,100,80,76,0.27734375,0.22610219451112512,0.3351687415535207,0.33984375,0.28457152593543,0.39985142807598195,0.3828125,0.3254185065983358,0.4436714597514778,0.0,0.0,0.01478385642587143,-0.002370635854010747,0.0024478284098983544,87,98,71
primary,mainland,0.0,0.5,0.3,neutral,100,256,256,0.0,0.0,0.01478385642587143,48.0,0.0,6.67265625,0.3359375,0.280883264256863,0.395842688632876,0.3984375,0.3403930035879241,0.459484967248581,0.265625,0.21527669094275786,0.3229032417568694,0.0,0.0,0.01478385642587143,-0.004405322118420573,0.0030284190765648635,102,68,86,0.32421875,0.2698445830530154,0.38379036647170506,0.35546875,0.29936712788953435,0.4158438306085691,0.3203125,0.26617385334096993,0.3797640950620776,0.0,0.0,0.01478385642587143,-0.0011264178269631598,0.0029877917305012208,91,82,83
primary,mainland,0.0,0.5,0.3,neutral,200,256,256,0.0,0.0,0.01478385642587143,48.0,0.0,6.3741796875,0.3671875,0.3105076134241139,0.4277943484390082,0.4296875,0.37052769163836163,0.4909262881715265,0.203125,0.15839924133131683,0.25662867342154433,0.0,0.0,0.01478385642587143,-0.005495411490552401,0.00341578336344332,110,52,94,0.3984375,0.3403930035879241,0.459484967248581,0.3828125,0.3254185065983358,0.4436714597514778,0.21875,0.1724715978199255,0.27334432141962717,0.0,0.0,0.01478385642587143,0.0017147303010238437,0.0034775403639015767,98,56,102
primary,mainland,0.0,0.5,0.3,neutral,400,256,256,0.0,0.0,0.01478385642587143,48.0,0.0,6.144931640625,0.37890625,0.32168476294187087,0.43970820228626983,0.43359375,0.37431161888417475,0.4948393620473863,0.1875,0.14443796573655726,0.2398019445296124,0.0,0.0,0.01478385642587143,-0.005423363987901913,0.0035839084459536557,111,48,97,0.421875,0.36297114591343,0.4830888316531124,0.3984375,0.3403930035879241,0.459484967248581,0.1796875,0.13750213221413665,0.23134377580868726,0.0,0.0,0.01478385642587143,0.001891413850758194,0.0036612944293409264,102,46,108
primary,mainland,0.0,0.5,0.3,selected,10,256,256,0.0,0.0,0.01478385642587143,48.0,0.0,8.490234375,0.19140625,0.14791734057779737,0.24401957081004516,0.2265625,0.1795467073799799,0.28166321410291856,0.58203125,0.5208355774699231,0.6408014460852074,0.0,0.0,0.01478385642587143,-0.0004884498300956712,0.001469561260500285,58,149,49,0.2265625,0.1795467073799799,0.28166321410291856,0.078125,0.05114064056843023,0.11758323829089878,0.6953125,0.6363862715072103,0.7484637845764336,0.0,0.0,0.01478385642587143,0.005402798007133344,0.001138216720383426,20,178,58
primary,mainland,0.0,0.5,0.3,selected,40,256,256,0.0,0.0,0.01478385642587143,48.0,0.0,7.18935546875,0.4140625,0.3554297681158383,0.4752362072073583,0.41015625,0.3516648037328092,0.47130417046871464,0.17578125,0.13404604842154846,0.22710285847960257,0.0,0.0,0.01478385642587143,0.0013288557884284322,0.0031204307699827945,105,45,106,0.51171875,0.45076751333371007,0.5723234900313086,0.12890625,0.09328077992555084,0.17550411351552564,0.359375,0.30307650360756977,0.4198314560122066,0.0,0.0,0.01478385642587143,0.019557799952839287,0.002202578494883203,33,92,131
primary,mainland,0.0,0.5,0.3,selected,50,256,256,0.0,0.0,0.01478385642587143,48.0,0.0,7.036875,0.44921875,0.389484750270348,0.5104542351479046,0.390625,0.33289789371255574,0.45158607488060365,0.16015625,0.12030547683153675,0.21005542558292273,0.0,0.0,0.01478385642587143,0.0015479194586181287,0.0033398572329607374,100,41,115,0.56640625,0.5051606379526138,0.6256883811158253,0.14453125,0.10671067600593546,0.1928622219218325,0.2890625,0.2369733003711826,0.34738863905848194,0.0,0.0,0.01478385642587143,0.022609759235443738,0.002326879329399835,37,74,145
primary,mainland,0.0,0.5,0.3,selected,100,256,256,0.0,0.0,0.01478385642587143,48.0,0.0,6.67265625,0.41015625,0.3516648037328092,0.47130417046871464,0.4375,0.37809929934301556,0.4987486827102183,0.15234375,0.11348877125313496,0.20147812891797878,0.0,0.0,0.01478385642587143,-6.137341492547374e-05,0.0036775890185806025,112,39,105,0.6640625,0.6041573113671239,0.719116735743137,0.13671875,0.09997371828318014,0.1842051774012421,0.19921875,0.15489813913670408,0.2524327744944842,0.0,0.0,0.01478385642587143,0.03287670003722514,0.002676357761643722,35,51,170
primary,mainland,0.0,0.5,0.3,selected,200,256,256,0.0,0.0,0.01478385642587143,48.0,0.0,6.3741796875,0.40625,0.34790367679855766,0.4673682962812932,0.43359375,0.37431161888417475,0.4948393620473863,0.16015625,0.12030547683153675,0.21005542558292273,0.0,0.0,0.01478385642587143,-0.0013370755418083266,0.003761962459151046,111,41,104,0.6953125,0.6363862715072103,0.7484637845764336,0.1328125,0.09662155083903351,0.17986034372371584,0.171875,0.13059812036467136,0.2228537854148068,0.0,0.0,0.01478385642587143,0.038750122517676414,0.002879097916028047,34,44,178
primary,mainland,0.0,0.5,0.3,selected,400,256,256,0.0,0.0,0.01478385642587143,48.0,0.0,6.144931640625,0.40234375,0.3441464041785611,0.46342856777961694,0.4375,0.37809929934301556,0.4987486827102183,0.16015625,0.12030547683153675,0.21005542558292273,0.0,0.0,0.01478385642587143,-0.0012768961614403637,0.0037884320175064217,112,41,103,0.703125,0.6444892736219288,0.755754784705061,0.13671875,0.09997371828318014,0.1842051774012421,0.16015625,0.12030547683153675,0.21005542558292273,0.0,0.0,0.01478385642587143,0.040194160508178645,0.002923219856233477,35,41,180
primary,mainland,0.0,0.5,0.7,fixed,10,256,256,0.0,0.0,0.01478385642587143,48.0,0.0,8.490234375,0.0,0.0,0.01478385642587143,0.0,0.0,0.01478385642587143,1.0,0.9852161435741286,1.0,0.0,0.0,0.01478385642587143,0.0,0.0,0,256,0,0.0,0.0,0.01478385642587143,0.0,0.0,0.01478385642587143,1.0,0.9852161435741286,1.0,0.0,0.0,0.01478385642587143,0.0,0.0,0,256,0
primary,mainland,0.0,0.5,0.7,fixed,40,256,256,0.0,0.0,0.01478385642587143,48.0,0.0,7.18935546875,0.0,0.0,0.01478385642587143,0.0,0.0,0.01478385642587143,1.0,0.9852161435741286,1.0,0.0,0.0,0.01478385642587143,0.0,0.0,0,256,0,0.0,0.0,0.01478385642587143,0.0,0.0,0.01478385642587143,1.0,0.9852161435741286,1.0,0.0,0.0,0.01478385642587143,0.0,0.0,0,256,0
primary,mainland,0.0,0.5,0.7,fixed,50,256,256,0.0,0.0,0.01478385642587143,48.0,0.0,7.036875,0.0,0.0,0.01478385642587143,0.0,0.0,0.01478385642587143,1.0,0.9852161435741286,1.0,0.0,0.0,0.01478385642587143,0.0,0.0,0,256,0,0.0,0.0,0.01478385642587143,0.0,0.0,0.01478385642587143,1.0,0.9852161435741286,1.0,0.0,0.0,0.01478385642587143,0.0,0.0,0,256,0
primary,mainland,0.0,0.5,0.7,fixed,100,256,256,0.0,0.0,0.01478385642587143,48.0,0.0,6.67265625,0.0,0.0,0.01478385642587143,0.0,0.0,0.01478385642587143,1.0,0.9852161435741286,1.0,0.0,0.0,0.01478385642587143,0.0,0.0,0,256,0,0.0,0.0,0.01478385642587143,0.0,0.0,0.01478385642587143,1.0,0.9852161435741286,1.0,0.0,0.0,0.01478385642587143,0.0,0.0,0,256,0
primary,mainland,0.0,0.5,0.7,fixed,200,256,256,0.0,0.0,0.01478385642587143,48.0,0.0,6.3741796875,0.0,0.0,0.01478385642587143,0.0,0.0,0.01478385642587143,1.0,0.9852161435741286,1.0,0.0,0.0,0.01478385642587143,0.0,0.0,0,256,0,0.0,0.0,0.01478385642587143,0.0,0.0,0.01478385642587143,1.0,0.9852161435741286,1.0,0.0,0.0,0.01478385642587143,0.0,0.0,0,256,0
primary,mainland,0.0,0.5,0.7,fixed,400,256,256,0.0,0.0,0.01478385642587143,48.0,0.0,6.144931640625,0.0,0.0,0.01478385642587143,0.0,0.0,0.01478385642587143,1.0,0.9852161435741286,1.0,0.0,0.0,0.01478385642587143,0.0,0.0,0,256,0,0.0,0.0,0.01478385642587143,0.0,0.0,0.01478385642587143,1.0,0.9852161435741286,1.0,0.0,0.0,0.01478385642587143,0.0,0.0,0,256,0
primary,mainland,0.0,0.5,0.7,neutral,10,256,256,0.0,0.0,0.01478385642587143,48.0,0.0,8.490234375,0.17578125,0.13404604842154846,0.22710285847960257,0.16015625,0.12030547683153675,0.21005542558292273,0.6640625,0.6041573113671239,0.719116735743137,0.0,0.0,0.01478385642587143,0.0008353601028752715,0.001342716501229516,41,170,45,0.16015625,0.12030547683153675,0.21005542558292273,0.12109375,0.08663517067416432,0.1667557205235664,0.71875,0.6607529778983319,0.7702790849153494,0.0,0.0,0.01478385642587143,0.0010108226039266014,0.0011801766595695867,31,184,41
primary,mainland,0.0,0.5,0.7,neutral,40,256,256,0.0,0.0,0.01478385642587143,48.0,0.0,7.18935546875,0.30859375,0.2551887425019035,0.36765820253612547,0.265625,0.21527669094275786,0.3229032417568694,0.42578125,0.36674752969705376,0.48700944899116155,0.0,0.0,0.01478385642587143,0.0023453631131830142,0.0022208863504813285,68,109,79,0.31640625,0.26250760743602425,0.37573333984535046,0.33984375,0.28457152593543,0.39985142807598195,0.34375,0.28826407712322777,0.403855878009857,0.0,0.0,0.01478385642587143,0.00011771356610051345,0.0023146526988934183,87,88,81
primary,mainland,0.0,0.5,0.7,neutral,50,256,256,0.0,0.0,0.01478385642587143,48.0,0.0,7.036875,0.32421875,0.2698445830530154,0.38379036647170506,0.32421875,0.2698445830530154,0.38379036647170506,0.3515625,0.295661910800322,0.41185204657610863,0.0,0.0,0.01478385642587143,0.0024711430563172615,0.0024358057044746094,83,90,83,0.33984375,0.28457152593543,0.39985142807598195,0.359375,0.30307650360756977,0.4198314560122066,0.30078125,0.24788835618653265,0.35956458660815055,0.0,0.0,0.01478385642587143,-0.0003856456881873396,0.002551714828403802,92,77,87
primary,mainland,0.0,0.5,0.7,neutral,100,256,256,0.0,0.0,0.01478385642587143,48.0,0.0,6.67265625,0.3671875,0.3105076134241139,0.4277943484390082,0.359375,0.30307650360756977,0.4198314560122066,0.2734375,0.22248853918114145,0.33108539576183155,0.0,0.0,0.01478385642587143,0.0006586012920321333,0.003062438605079496,92,70,94,0.359375,0.30307650360756977,0.4198314560122066,0.41015625,0.3516648037328092,0.47130417046871464,0.23046875,0.183093576056734,0.28581334654783735,0.0,0.0,0.01478385642587143,-0.00015631728606374257,0.003087299714048767,105,59,92
primary,mainland,0.0,0.5,0.7,neutral,200,256,256,0.0,0.0,0.01478385642587143,48.0,0.0,6.3741796875,0.37890625,0.32168476294187087,0.43970820228626983,0.40625,0.34790367679855766,0.4673682962812932,0.21484375,0.16894358808976334,0.26917533002811644,0.0,0.0,0.01478385642587143,-0.0018650480228265156,0.0034446981657169887,104,55,97,0.421875,0.36297114591343,0.4830888316531124,0.41015625,0.3516648037328092,0.47130417046871464,0.16796875,0.12715856241588983,0.2185963422419154,0.0,0.0,0.01478385642587143,0.001270928864493974,0.0035305741884864,105,43,108
primary,mainland,0.0,0.5,0.7,neutral,400,256,256,0.0,0.0,0.01478385642587143,48.0,0.0,6.144931640625,0.390625,0.33289789371255574,0.45158607488060365,0.4140625,0.3554297681158383,0.4752362072073583,0.1953125,0.15140411996625466,0.24822979254326075,0.0,0.0,0.01478385642587143,-0.0017580641100685716,0.0035665487264029193,106,50,100,0.41796875,0.35919855391479266,0.4791644225300769,0.421875,0.36297114591343,0.4830888316531124,0.16015625,0.12030547683153675,0.21005542558292273,0.0,0.0,0.01478385642587143,0.0015082638531158494,0.0036019194825374964,108,41,107
primary,mainland,0.0,0.5,0.7,selected,10,256,256,0.0,0.0,0.01478385642587143,48.0,0.0,8.490234375,0.26171875,0.21167863808724405,0.31880429349071027,0.21875,0.1724715978199255,0.27334432141962717,0.51953125,0.4584937753463775,0.5799912302619868,0.0,0.0,0.01478385642587143,0.0014329023859632967,0.0015920465399899995,56,133,67,0.234375,0.1866465082202543,0.2899574155059899,0.06640625,0.04187072285916844,0.10376215263514196,0.69921875,0.6404354133918495,0.7521116438134674,0.0,0.0,0.01478385642587143,0.00665661183008188,0.001150191450047772,17,179,60
primary,mainland,0.0,0.5,0.7,selected,40,256,256,0.0,0.0,0.01478385642587143,48.0,0.0,7.18935546875,0.39453125,0.33664349360941154,0.45553747610542067,0.3515625,0.295661910800322,0.41185204657610863,0.25390625,0.20449864653192884,0.31059028280267975,0.0,0.0,0.01478385642587143,0.0022536712124072104,0.002955201919629657,90,65,101,0.546875,0.4856513509710702,0.6067126624890042,0.11328125,0.0800407222974869,0.15795616665689804,0.33984375,0.28457152593543,0.39985142807598195,0.0,0.0,0.01478385642587143,0.022753075678749957,0.0020327456708958236,29,87,140
primary,mainland,0.0,0.5,0.7,selected,50,256,256,0.0,0.0,0.01478385642587143,48.0,0.0,7.036875,0.46484375,0.4047172917918608,0.5260096981130833,0.34765625,0.29196088318828545,0.40785607306647226,0.1875,0.14443796573655726,0.2398019445296124,0.0,0.0,0.01478385642587143,0.004844819735369588,0.0031716071004792845,89,48,119,0.58984375,0.5286958295312854,0.6483351962671908,0.10546875,0.07350191137657121,0.14910097533446798,0.3046875,0.25153621542356636,0.36361372849278967,0.0,0.0,0.01478385642587143,0.027555202332225068,0.0021252198091404064,27,78,151
primary,mainland,0.0,0.5,0.7,selected,100,256,256,0.0,0.0,0.01478385642587143,48.0,0.0,6.67265625,0.4375,0.37809929934301556,0.4987486827102183,0.38671875,0.3291562242738866,0.4476307431975999,0.17578125,0.13404604842154846,0.22710285847960257,0.0,0.0,0.01478385642587143,0.0030590689410387962,0.0035133191680380687,99,45,112,0.71875,0.6607529778983319,0.7702790849153494,0.08984375,0.06061336726621258,0.1312015149581351,0.19140625,0.14791734057779737,0.24401957081004516,0.0,0.0,0.01478385642587143,0.04027026967765382,0.0024691444852562314,23,49,184
primary,mainland,0.0,0.5,0.7,selected,200,256,256,0.0,0.0,0.01478385642587143,48.0,0.0,6.3741796875,0.40234375,0.3441464041785611,0.46342856777961694,0.390625,0.33289789371255574,0.45158607488060365,0.20703125,0.16190727728556475,0.2608176385889693,0.0,0.0,0.01478385642587143,0.0017293457772946195,0.0036408029823156492,100,53,103,0.72265625,0.6648312584464792,0.7738978054888749,0.09765625,0.06702402222215342,0.14018486224554,0.1796875,0.13750213221413665,0.23134377580868726,0.0,0.0,0.01478385642587143,0.0444644680348569,0.0026396500538987803,25,46,185
primary,mainland,0.0,0.5,0.7,selected,400,256,256,0.0,0.0,0.01478385642587143,48.0,0.0,6.144931640625,0.41015625,0.3516648037328092,0.47130417046871464,0.39453125,0.33664349360941154,0.45553747610542067,0.1953125,0.15140411996625466,0.24822979254326075,0.0,0.0,0.01478385642587143,0.001519114794574057,0.0036690240053773356,101,50,105,0.7578125,0.7017722273812026,0.8062298466492075,0.08203125,0.05427759190690546,0.12214328807409647,0.16015625,0.12030547683153675,0.21005542558292273,0.0,0.0,0.01478385642587143,0.04707793054850381,0.0026094513654624546,21,41,194
primary,mainland,0.75,0.0,0.3,fixed,10,256,254,0.0078125,0.002145090367681419,0.028032768301535768,23.140625,1.0610568161486869,8.490234375,0.0,0.0,0.01478385642587143,0.0,0.0,0.01478385642587143,0.9921875,0.9719672316984642,0.9978549096323186,0.0078125,0.002145090367681419,0.028032768301535768,1.1145939814150194e-17,1.20433848487618e-17,0,254,0,0.0,0.0,0.01478385642587143,0.0,0.0,0.01478385642587143,0.9921875,0.9719672316984642,0.9978549096323186,0.0078125,0.002145090367681419,0.028032768301535768,5.4636959873285266e-18,1.9243460855823233e-17,0,254,0
primary,mainland,0.75,0.0,0.3,fixed,40,256,49,0.80859375,0.7559804291899548,0.8520826594222026,4.484375,0.7827993215888105,7.18935546875,0.0,0.0,0.01478385642587143,0.0,0.0,0.01478385642587143,0.19140625,0.14791734057779737,0.24401957081004516,0.80859375,0.7559804291899548,0.8520826594222026,-1.8126090197961738e-17,2.3811837710889324e-17,0,49,0,0.0,0.0,0.01478385642587143,0.0,0.0,0.01478385642587143,0.19140625,0.14791734057779737,0.24401957081004516,0.80859375,0.7559804291899548,0.8520826594222026,2.0391851472706958e-17,3.850058358303239e-17,0,49,0
primary,mainland,0.75,0.0,0.3,fixed,50,256,37,0.85546875,0.8071377780781674,0.8932893239940645,2.640625,0.5766724598237006,7.036875,0.0,0.0,0.01478385642587143,0.0,0.0,0.01478385642587143,0.14453125,0.10671067600593546,0.1928622219218325,0.85546875,0.8071377780781674,0.8932893239940645,-7.051416507754372e-17,3.069614840474799e-17,0,37,0,0.0,0.0,0.01478385642587143,0.0,0.0,0.01478385642587143,0.14453125,0.10671067600593546,0.1928622219218325,0.85546875,0.8071377780781674,0.8932893239940645,2.400482215405744e-17,4.580903848867271e-17,0,37,0
primary,mainland,0.75,0.0,0.3,fixed,100,256,2,0.9921875,0.9719672316984642,0.9978549096323186,0.19921875,0.18781998201916683,6.67265625,0.0,0.0,0.01478385642587143,0.0,0.0,0.01478385642587143,0.0078125,0.002145090367681419,0.028032768301535768,0.9921875,0.9719672316984642,0.9978549096323186,8.326672684688674e-17,8.326672684688673e-17,0,2,0,0.0,0.0,0.01478385642587143,0.0,0.0,0.01478385642587143,0.0078125,0.002145090367681419,0.028032768301535768,0.9921875,0.9719672316984642,0.9978549096323186,-2.220446049250313e-16,2.220446049250313e-16,0,2,0
primary,mainland,0.75,0.0,0.3,fixed,200,256,0,1.0,0.9852161435741286,1.0,0.0,0.0,6.3741796875,0.0,0.0,0.01478385642587143,0.0,0.0,0.01478385642587143,0.0,0.0,0.01478385642587143,1.0,0.9852161435741286,1.0,,,0,0,0,0.0,0.0,0.01478385642587143,0.0,0.0,0.01478385642587143,0.0,0.0,0.01478385642587143,1.0,0.9852161435741286,1.0,,,0,0,0
primary,mainland,0.75,0.0,0.3,fixed,400,256,0,1.0,0.9852161435741286,1.0,0.0,0.0,6.144931640625,0.0,0.0,0.01478385642587143,0.0,0.0,0.01478385642587143,0.0,0.0,0.01478385642587143,1.0,0.9852161435741286,1.0,,,0,0,0,0.0,0.0,0.01478385642587143,0.0,0.0,0.01478385642587143,0.0,0.0,0.01478385642587143,1.0,0.9852161435741286,1.0,,,0,0,0
primary,mainland,0.75,0.0,0.3,neutral,10,256,256,0.0,0.0,0.01478385642587143,22.5234375,1.0220145679933157,8.490234375,0.10546875,0.07350191137657121,0.14910097533446798,0.09375,0.0638098481830768,0.13570203516294374,0.80078125,0.7475672255055158,0.845101860863296,0.0,0.0,0.01478385642587143,0.00047380084641351623,0.0009464915608680028,24,205,27,0.0625,0.03883364112851165,0.09910223324412587,0.11328125,0.0800407222974869,0.15795616665689804,0.82421875,0.7728971415203973,0.8659539515784516,0.0,0.0,0.01478385642587143,-0.0023814008302283137,0.0009665182569506064,29,211,16
primary,mainland,0.75,0.0,0.3,neutral,40,256,44,0.828125,0.7771462145851933,0.8694018796353287,3.78125,0.7244816224884724,7.18935546875,0.0546875,0.03285229140400938,0.08968958072528235,0.04296875,0.024159813300607562,0.07529105546366555,0.07421875,0.048026107191811204,0.11300077054584494,0.828125,0.7771462145851933,0.8694018796353287,0.000341191616072001,0.004249352692486976,11,19,14,0.04296875,0.024159813300607562,0.07529105546366555,0.046875,0.027014851001628076,0.0801330188843179,0.08203125,0.05427759190690546,0.12214328807409647,0.828125,0.7771462145851933,0.8694018796353287,4.743577923563659e-05,0.004821757312051637,12,21,11
primary,mainland,0.75,0.0,0.3,neutral,50,256,27,0.89453125,0.850899024665532,0.9264980886234288,2.2265625,0.5538808516087182,7.036875,0.03125,0.015918258891511296,0.06044160650774316,0.01953125,0.008370729784579391,0.04489813224965644,0.0546875,0.03285229140400938,0.08968958072528235,0.89453125,0.850899024665532,0.9264980886234288,0.0005005815092509459,0.004462476494407069,5,14,8,0.03515625,0.018604096092635542,0.0654527704282918,0.03515625,0.018604096092635542,0.0654527704282918,0.03515625,0.018604096092635542,0.0654527704282918,0.89453125,0.850899024665532,0.9264980886234288,-0.0035777775853277536,0.006789084204787077,9,9,9
primary,mainland,0.75,0.0,0.3,neutral,100,256,2,0.9921875,0.9719672316984642,0.9978549096323186,0.2421875,0.19510650902041263,6.67265625,0.0,0.0,0.01478385642587143,0.00390625,0.0006898821669617927,0.021790975380582514,0.00390625,0.0006898821669617927,0.021790975380582514,0.9921875,0.9719672316984642,0.9978549096323186,-0.01527608090652105,0.023073624193952147,1,1,0,0.00390625,0.0006898821669617927,0.021790975380582514,0.0,0.0,0.01478385642587143,0.00390625,0.0006898821669617927,0.021790975380582514,0.9921875,0.9719672316984642,0.9978549096323186,0.01429954825497945,0.010950567817030825,0,1,1
primary,mainland,0.75,0.0,0.3,neutral,200,256,0,1.0,0.9852161435741286,1.0,0.0,0.0,6.3741796875,0.0,0.0,0.01478385642587143,0.0,0.0,0.01478385642587143,0.0,0.0,0.01478385642587143,1.0,0.9852161435741286,1.0,,,0,0,0,0.0,0.0,0.01478385642587143,0.0,0.0,0.01478385642587143,0.0,0.0,0.01478385642587143,1.0,0.9852161435741286,1.0,,,0,0,0
primary,mainland,0.75,0.0,0.3,neutral,400,256,0,1.0,0.9852161435741286,1.0,0.0,0.0,6.144931640625,0.0,0.0,0.01478385642587143,0.0,0.0,0.01478385642587143,0.0,0.0,0.01478385642587143,1.0,0.9852161435741286,1.0,,,0,0,0,0.0,0.0,0.01478385642587143,0.0,0.0,0.01478385642587143,0.0,0.0,0.01478385642587143,1.0,0.9852161435741286,1.0,,,0,0,0
primary,mainland,0.75,0.0,0.3,selected,10,256,256,0.0,0.0,0.01478385642587143,23.171875,1.052457132440557,8.490234375,0.15625,0.11689244351430939,0.20577145777847722,0.11328125,0.0800407222974869,0.15795616665689804,0.73046875,0.6730030812879184,0.7811199848907815,0.0,0.0,0.01478385642587143,0.0013476214788774089,0.001097971598397475,29,187,40,0.1171875,0.08333128838163656,0.16236260169442127,0.0625,0.03883364112851165,0.09910223324412587,0.8203125,0.7686562241913127,0.8624978677858633,0.0,0.0,0.01478385642587143,0.0028203686632348396,0.0009994325267027088,16,210,30
primary,mainland,0.75,0.0,0.3,selected,40,256,49,0.80859375,0.7559804291899548,0.8520826594222026,4.0,0.7289530499419067,7.18935546875,0.05078125,0.029913811386553534,0.08493105962106533,0.0390625,0.0213540358427329,0.07039983179986732,0.1015625,0.07025498422463894,0.14465090136472736,0.80859375,0.7559804291899548,0.8520826594222026,0.0035921850854483224,0.004719123550018642,10,26,13,0.08984375,0.06061336726621258,0.1312015149581351,0.01171875,0.003993287123007758,0.033881572667882304,0.08984375,0.06061336726621258,0.1312015149581351,0.80859375,0.7559804291899548,0.8520826594222026,0.020190679598234805,0.0037071710266330447,3,23,23
primary,mainland,0.75,0.0,0.3,selected,50,256,32,0.875,0.8288639408674391,0.9100481668131574,2.625,0.6027154646867368,7.036875,0.0390625,0.0213540358427329,0.07039983179986732,0.03125,0.015918258891511296,0.06044160650774316,0.0546875,0.03285229140400938,0.08968958072528235,0.875,0.8288639408674391,0.9100481668131574,0.003948411490789078,0.006380066013491258,8,14,10,0.05859375,0.03582660763317509,0.09441226561778955,0.00390625,0.0006898821669617927,0.021790975380582514,0.0625,0.03883364112851165,0.09910223324412587,0.875,0.8288639408674391,0.9100481668131574,0.02070247865556372,0.004969782128807982,1,16,15
primary,mainland,0.75,0.0,0.3,selected,100,256,3,0.98828125,0.9661184273321177,0.9960067128769923,0.42578125,0.26919536296117325,6.67265625,0.0,0.0,0.01478385642587143,0.00390625,0.0006898821669617927,0.021790975380582514,0.0078125,0.002145090367681419,0.028032768301535768,0.98828125,0.9661184273321177,0.9960067128769923,-0.02874833221029302,0.017680331734965984,1,2,0,0.0078125,0.002145090367681419,0.028032768301535768,0.0,0.0,0.01478385642587143,0.00390625,0.0006898821669617927,0.021790975380582514,0.98828125,0.9661184273321177,0.9960067128769923,0.034155400811901306,0.016253659132532145,0,1,2
primary,mainland,0.75,0.0,0.3,selected,200,256,0,1.0,0.9852161435741286,1.0,0.0,0.0,6.3741796875,0.0,0.0,0.01478385642587143,0.0,0.0,0.01478385642587143,0.0,0.0,0.01478385642587143,1.0,0.9852161435741286,1.0,,,0,0,0,0.0,0.0,0.01478385642587143,0.0,0.0,0.01478385642587143,0.0,0.0,0.01478385642587143,1.0,0.9852161435741286,1.0,,,0,0,0
primary,mainland,0.75,0.0,0.3,selected,400,256,0,1.0,0.9852161435741286,1.0,0.0,0.0,6.144931640625,0.0,0.0,0.01478385642587143,0.0,0.0,0.01478385642587143,0.0,0.0,0.01478385642587143,1.0,0.9852161435741286,1.0,,,0,0,0,0.0,0.0,0.01478385642587143,0.0,0.0,0.01478385642587143,0.0,0.0,0.01478385642587143,1.0,0.9852161435741286,1.0,,,0,0,0
primary,mainland,0.75,0.0,0.7,fixed,10,256,256,0.0,0.0,0.01478385642587143,24.1875,1.0082305287083941,8.490234375,0.0,0.0,0.01478385642587143,0.0,0.0,0.01478385642587143,1.0,0.9852161435741286,1.0,0.0,0.0,0.01478385642587143,-2.862293735361732e-17,2.268308734606036e-17,0,256,0,0.0,0.0,0.01478385642587143,0.0,0.0,0.01478385642587143,1.0,0.9852161435741286,1.0,0.0,0.0,0.01478385642587143,1.5395670849294163e-17,1.8829897835776798e-17,0,256,0
primary,mainland,0.75,0.0,0.7,fixed,40,256,59,0.76953125,0.7141866534521627,0.8169064239432661,6.84375,0.9801784770202442,7.18935546875,0.0,0.0,0.01478385642587143,0.0,0.0,0.01478385642587143,0.23046875,0.183093576056734,0.28581334654783735,0.76953125,0.7141866534521627,0.8169064239432661,-2.258080728051166e-17,3.173271392388624e-17,0,59,0,0.0,0.0,0.01478385642587143,0.0,0.0,0.01478385642587143,0.23046875,0.183093576056734,0.28581334654783735,0.76953125,0.7141866534521627,0.8169064239432661,-2.9166876070660895e-17,3.744073357219111e-17,0,59,0
primary,mainland,0.75,0.0,0.7,fixed,50,256,45,0.82421875,0.7728971415203973,0.8659539515784516,4.66015625,0.8027739285106458,7.036875,0.0,0.0,0.01478385642587143,0.0,0.0,0.01478385642587143,0.17578125,0.13404604842154846,0.22710285847960257,0.82421875,0.7728971415203973,0.8659539515784516,-9.128500424695731e-17,4.354384160582053e-17,0,45,0,0.0,0.0,0.01478385642587143,0.0,0.0,0.01478385642587143,0.17578125,0.13404604842154846,0.22710285847960257,0.82421875,0.7728971415203973,0.8659539515784516,1.973729821555834e-17,3.857866899002234e-17,0,45,0
primary,mainland,0.75,0.0,0.7,fixed,100,256,8,0.96875,0.9395583934922568,0.9840817411084887,0.8203125,0.3567395238158066,6.67265625,0.0,0.0,0.01478385642587143,0.0,0.0,0.01478385642587143,0.03125,0.015918258891511296,0.06044160650774316,0.96875,0.9395583934922568,0.9840817411084887,-9.71445146547012e-17,1.5193303145704365e-16,0,8,0,0.0,0.0,0.01478385642587143,0.0,0.0,0.01478385642587143,0.03125,0.015918258891511296,0.06044160650774316,0.96875,0.9395583934922568,0.9840817411084887,5.551115123125783e-17,8.392497208503151e-17,0,8,0
primary,mainland,0.75,0.0,0.7,fixed,200,256,0,1.0,0.9852161435741286,1.0,0.0,0.0,6.3741796875,0.0,0.0,0.01478385642587143,0.0,0.0,0.01478385642587143,0.0,0.0,0.01478385642587143,1.0,0.9852161435741286,1.0,,,0,0,0,0.0,0.0,0.01478385642587143,0.0,0.0,0.01478385642587143,0.0,0.0,0.01478385642587143,1.0,0.9852161435741286,1.0,,,0,0,0
primary,mainland,0.75,0.0,0.7,fixed,400,256,0,1.0,0.9852161435741286,1.0,0.0,0.0,6.144931640625,0.0,0.0,0.01478385642587143,0.0,0.0,0.01478385642587143,0.0,0.0,0.01478385642587143,1.0,0.9852161435741286,1.0,,,0,0,0,0.0,0.0,0.01478385642587143,0.0,0.0,0.01478385642587143,0.0,0.0,0.01478385642587143,1.0,0.9852161435741286,1.0,,,0,0,0
primary,mainland,0.75,0.0,0.7,neutral,10,256,256,0.0,0.0,0.01478385642587143,23.34375,0.9902074915013975,8.490234375,0.125,0.08995183318684266,0.17113605913256094,0.0859375,0.05743557903626671,0.12668230206640807,0.7890625,0.7350001877603728,0.8345778952434203,0.0,0.0,0.01478385642587143,0.0015928988492558936,0.0010277442575268659,22,202,32,0.08984375,0.06061336726621258,0.1312015149581351,0.11328125,0.0800407222974869,0.15795616665689804,0.796875,0.7433713265784556,0.8416007586686831,0.0,0.0,0.01478385642587143,0.000357550389485233,0.0010346451723037468,29,204,23
primary,mainland,0.75,0.0,0.7,neutral,40,256,64,0.75,0.6935249374688035,0.7990831343182607,6.2109375,0.9039724539684276,7.18935546875,0.05859375,0.03582660763317509,0.09441226561778955,0.03125,0.015918258891511296,0.06044160650774316,0.16015625,0.12030547683153675,0.21005542558292273,0.75,0.6935249374688035,0.7990831343182607,0.006109216428177447,0.0030944219832232905,8,41,15,0.07421875,0.048026107191811204,0.11300077054584494,0.03515625,0.018604096092635542,0.0654527704282918,0.140625,0.10333688392273097,0.18853901288336414,0.75,0.6935249374688035,0.7990831343182607,0.010234353258331271,0.0037047121158840022,9,36,19
primary,mainland,0.75,0.0,0.7,neutral,50,256,43,0.83203125,0.7814036577580846,0.8728414375841101,4.0859375,0.7649060938034306,7.036875,0.0390625,0.0213540358427329,0.07039983179986732,0.03125,0.015918258891511296,0.06044160650774316,0.09765625,0.06702402222215342,0.14018486224554,0.83203125,0.7814036577580846,0.8728414375841101,0.007265100264806764,0.004313715100248783,8,25,10,0.046875,0.027014851001628076,0.0801330188843179,0.0234375,0.010784867555857603,0.0501809956000511,0.09765625,0.06702402222215342,0.14018486224554,0.83203125,0.7814036577580846,0.8728414375841101,0.010202137616114828,0.00438955269430443,6,25,12
primary,mainland,0.75,0.0,0.7,neutral,100,256,9,0.96484375,0.9345472295717082,0.9813959039073644,0.93359375,0.3667363826412482,6.67265625,0.015625,0.006092598203366294,0.039479262709196654,0.015625,0.006092598203366294,0.039479262709196654,0.00390625,0.0006898821669617927,0.021790975380582514,0.96484375,0.9345472295717082,0.9813959039073644,0.00288677556741759,0.013002250394815803,4,1,4,0.01953125,0.008370729784579391,0.04489813224965644,0.00390625,0.0006898821669617927,0.021790975380582514,0.01171875,0.003993287123007758,0.033881572667882304,0.96484375,0.9345472295717082,0.9813959039073644,0.016972704554182205,0.008391955243387943,1,3,5
primary,mainland,0.75,0.0,0.7,neutral,200,256,0,1.0,0.9852161435741286,1.0,0.0,0.0,6.3741796875,0.0,0.0,0.01478385642587143,0.0,0.0,0.01478385642587143,0.0,0.0,0.01478385642587143,1.0,0.9852161435741286,1.0,,,0,0,0,0.0,0.0,0.01478385642587143,0.0,0.0,0.01478385642587143,0.0,0.0,0.01478385642587143,1.0,0.9852161435741286,1.0,,,0,0,0
primary,mainland,0.75,0.0,0.7,neutral,400,256,0,1.0,0.9852161435741286,1.0,0.0,0.0,6.144931640625,0.0,0.0,0.01478385642587143,0.0,0.0,0.01478385642587143,0.0,0.0,0.01478385642587143,1.0,0.9852161435741286,1.0,,,0,0,0,0.0,0.0,0.01478385642587143,0.0,0.0,0.01478385642587143,0.0,0.0,0.01478385642587143,1.0,0.9852161435741286,1.0,,,0,0,0
primary,mainland,0.75,0.0,0.7,selected,10,256,256,0.0,0.0,0.01478385642587143,24.09765625,1.0194234856839735,8.490234375,0.08203125,0.05427759190690546,0.12214328807409647,0.09375,0.0638098481830768,0.13570203516294374,0.82421875,0.7728971415203973,0.8659539515784516,0.0,0.0,0.01478385642587143,0.0009165552898893897,0.0009583342506677907,24,211,21,0.10546875,0.07350191137657121,0.14910097533446798,0.0546875,0.03285229140400938,0.08968958072528235,0.83984375,0.7899445744170772,0.8796945231684632,0.0,0.0,0.01478385642587143,0.003501073091686081,0.0009217389559874195,14,215,27
primary,mainland,0.75,0.0,0.7,selected,40,256,60,0.765625,0.71004258449401,0.8133534917797457,6.17578125,0.924236981965099,7.18935546875,0.078125,0.05114064056843023,0.11758323829089878,0.07421875,0.048026107191811204,0.11300077054584494,0.08203125,0.05427759190690546,0.12214328807409647,0.765625,0.71004258449401,0.8133534917797457,0.0035339837030401887,0.004955148863738743,19,21,20,0.08984375,0.06061336726621258,0.1312015149581351,0.015625,0.006092598203366294,0.039479262709196654,0.12890625,0.09328077992555084,0.17550411351552564,0.765625,0.71004258449401,0.8133534917797457,0.011239759377288145,0.003016269436414224,4,33,23
primary,mainland,0.75,0.0,0.7,selected,50,256,41,0.83984375,0.7899445744170772,0.8796945231684632,4.5703125,0.8221684769674614,7.036875,0.06640625,0.04187072285916844,0.10376215263514196,0.03515625,0.018604096092635542,0.0654527704282918,0.05859375,0.03582660763317509,0.09441226561778955,0.83984375,0.7899445744170772,0.8796945231684632,0.005382610196600603,0.005895216165631679,9,15,17,0.06640625,0.04187072285916844,0.10376215263514196,0.01953125,0.008370729784579391,0.04489813224965644,0.07421875,0.048026107191811204,0.11300077054584494,0.83984375,0.7899445744170772,0.8796945231684632,0.01341802980540929,0.004546198588049667,5,19,17
primary,mainland,0.75,0.0,0.7,selected,100,256,8,0.96875,0.9395583934922568,0.9840817411084887,0.62890625,0.2947078691718421,6.67265625,0.01171875,0.003993287123007758,0.033881572667882304,0.00390625,0.0006898821669617927,0.021790975380582514,0.015625,0.006092598203366294,0.039479262709196654,0.96875,0.9395583934922568,0.9840817411084887,0.016755517532183878,0.013432891985923883,1,4,3,0.015625,0.006092598203366294,0.039479262709196654,0.0,0.0,0.01478385642587143,0.015625,0.006092598203366294,0.039479262709196654,0.96875,0.9395583934922568,0.9840817411084887,0.035569721451898025,0.012212376382112823,0,4,4
primary,mainland,0.75,0.0,0.7,selected,200,256,0,1.0,0.9852161435741286,1.0,0.0,0.0,6.3741796875,0.0,0.0,0.01478385642587143,0.0,0.0,0.01478385642587143,0.0,0.0,0.01478385642587143,1.0,0.9852161435741286,1.0,,,0,0,0,0.0,0.0,0.01478385642587143,0.0,0.0,0.01478385642587143,0.0,0.0,0.01478385642587143,1.0,0.9852161435741286,1.0,,,0,0,0
primary,mainland,0.75,0.0,0.7,selected,400,256,0,1.0,0.9852161435741286,1.0,0.0,0.0,6.144931640625,0.0,0.0,0.01478385642587143,0.0,0.0,0.01478385642587143,0.0,0.0,0.01478385642587143,1.0,0.9852161435741286,1.0,,,0,0,0,0.0,0.0,0.01478385642587143,0.0,0.0,0.01478385642587143,0.0,0.0,0.01478385642587143,1.0,0.9852161435741286,1.0,,,0,0,0
primary,mainland,0.75,0.5,0.3,fixed,10,256,256,0.0,0.0,0.01478385642587143,47.98828125,0.008720928377104037,8.490234375,0.0,0.0,0.01478385642587143,0.0,0.0,0.01478385642587143,1.0,0.9852161435741286,1.0,0.0,0.0,0.01478385642587143,0.0,0.0,0,256,0,0.0,0.0,0.01478385642587143,0.0,0.0,0.01478385642587143,1.0,0.9852161435741286,1.0,0.0,0.0,0.01478385642587143,-2.168404344971009e-19,2.168404344971009e-19,0,256,0
primary,mainland,0.75,0.5,0.3,fixed,40,256,256,0.0,0.0,0.01478385642587143,47.98828125,0.008720928377104037,7.18935546875,0.0,0.0,0.01478385642587143,0.0,0.0,0.01478385642587143,1.0,0.9852161435741286,1.0,0.0,0.0,0.01478385642587143,0.0,0.0,0,256,0,0.0,0.0,0.01478385642587143,0.0,0.0,0.01478385642587143,1.0,0.9852161435741286,1.0,0.0,0.0,0.01478385642587143,2.168404344971009e-19,2.168404344971009e-19,0,256,0
primary,mainland,0.75,0.5,0.3,fixed,50,256,256,0.0,0.0,0.01478385642587143,47.9921875,0.0078125,7.036875,0.0,0.0,0.01478385642587143,0.0,0.0,0.01478385642587143,1.0,0.9852161435741286,1.0,0.0,0.0,0.01478385642587143,0.0,0.0,0,256,0,0.0,0.0,0.01478385642587143,0.0,0.0,0.01478385642587143,1.0,0.9852161435741286,1.0,0.0,0.0,0.01478385642587143,-2.168404344971009e-19,2.168404344971009e-19,0,256,0
primary,mainland,0.75,0.5,0.3,fixed,100,256,256,0.0,0.0,0.01478385642587143,47.97265625,0.02734375,6.67265625,0.0,0.0,0.01478385642587143,0.0,0.0,0.01478385642587143,1.0,0.9852161435741286,1.0,0.0,0.0,0.01478385642587143,4.336808689942018e-19,4.336808689942018e-19,0,256,0,0.0,0.0,0.01478385642587143,0.0,0.0,0.01478385642587143,1.0,0.9852161435741286,1.0,0.0,0.0,0.01478385642587143,4.336808689942018e-19,4.336808689942018e-19,0,256,0
primary,mainland,0.75,0.5,0.3,fixed,200,256,256,0.0,0.0,0.01478385642587143,48.0,0.0,6.3741796875,0.0,0.0,0.01478385642587143,0.0,0.0,0.01478385642587143,1.0,0.9852161435741286,1.0,0.0,0.0,0.01478385642587143,0.0,0.0,0,256,0,0.0,0.0,0.01478385642587143,0.0,0.0,0.01478385642587143,1.0,0.9852161435741286,1.0,0.0,0.0,0.01478385642587143,0.0,0.0,0,256,0
primary,mainland,0.75,0.5,0.3,fixed,400,256,256,0.0,0.0,0.01478385642587143,48.0,0.0,6.144931640625,0.0,0.0,0.01478385642587143,0.0,0.0,0.01478385642587143,1.0,0.9852161435741286,1.0,0.0,0.0,0.01478385642587143,0.0,0.0,0,256,0,0.0,0.0,0.01478385642587143,0.0,0.0,0.01478385642587143,1.0,0.9852161435741286,1.0,0.0,0.0,0.01478385642587143,0.0,0.0,0,256,0
primary,mainland,0.75,0.5,0.3,neutral,10,256,256,0.0,0.0,0.01478385642587143,47.98828125,0.008720928377104037,8.490234375,0.09765625,0.06702402222215342,0.14018486224554,0.09765625,0.06702402222215342,0.14018486224554,0.8046875,0.7517702074567393,0.8485958800337453,0.0,0.0,0.01478385642587143,-0.000978490719016754,0.0008968128082806969,25,206,25,0.08203125,0.05427759190690546,0.12214328807409647,0.08984375,0.06061336726621258,0.1312015149581351,0.828125,0.7771462145851933,0.8694018796353287,0.0,0.0,0.01478385642587143,1.3596043598781754e-05,0.0009177798030907951,23,212,21
primary,mainland,0.75,0.5,0.3,neutral,40,256,256,0.0,0.0,0.01478385642587143,47.99609375,0.00390625,7.18935546875,0.2109375,0.16542210475657976,0.26499981223962715,0.3046875,0.25153621542356636,0.36361372849278967,0.484375,0.4238408093138977,0.5453711861994108,0.0,0.0,0.01478385642587143,-0.004476884694977252,0.001774096883621588,78,124,54,0.2421875,0.19377015335079256,0.2982277726187974,0.26171875,0.21167863808724405,0.31880429349071027,0.49609375,0.43535888592634564,0.5569441129519814,0.0,0.0,0.01478385642587143,0.0006954359735327892,0.0017943258433428064,67,127,62
primary,mainland,0.75,0.5,0.3,neutral,50,256,256,0.0,0.0,0.01478385642587143,48.0,0.0,7.036875,0.21484375,0.16894358808976334,0.26917533002811644,0.32421875,0.2698445830530154,0.38379036647170506,0.4609375,0.40090361566150806,0.5221263731217632,0.0,0.0,0.01478385642587143,-0.0047558091441999035,0.0019491885685104455,83,118,55,0.27734375,0.22610219451112512,0.3351687415535207,0.26171875,0.21167863808724405,0.31880429349071027,0.4609375,0.40090361566150806,0.5221263731217632,0.0,0.0,0.01478385642587143,0.0006645881809747638,0.0018764743210301891,67,118,71
primary,mainland,0.75,0.5,0.3,neutral,100,256,256,0.0,0.0,0.01478385642587143,47.984375,0.015625,6.67265625,0.3046875,0.25153621542356636,0.36361372849278967,0.4140625,0.3554297681158383,0.4752362072073583,0.28125,0.2297209150846507,0.33924702210166807,0.0,0.0,0.01478385642587143,-0.005522334113025539,0.0024783635380809803,106,72,78,0.26953125,0.2188800151092185,0.3269969187120816,0.35546875,0.29936712788953435,0.4158438306085691,0.375,0.31795501653541774,0.43574094757105014,0.0,0.0,0.01478385642587143,-0.00327966187652482,0.002424593433405278,91,96,69
primary,mainland,0.75,0.5,0.3,neutral,200,256,256,0.0,0.0,0.01478385642587143,48.0,0.0,6.3741796875,0.2890625,0.2369733003711826,0.34738863905848194,0.44921875,0.389484750270348,0.5104542351479046,0.26171875,0.21167863808724405,0.31880429349071027,0.0,0.0,0.01478385642587143,-0.009091694323864582,0.0029388824027139354,115,67,74,0.375,0.31795501653541774,0.43574094757105014,0.38671875,0.3291562242738866,0.4476307431975999,0.23828125,0.1902054003663705,0.2940955244815466,0.0,0.0,0.01478385642587143,-0.0018218581433700957,0.0030559583424538636,99,61,96
primary,mainland,0.75,0.5,0.3,neutral,400,256,256,0.0,0.0,0.01478385642587143,47.99609375,0.00390625,6.144931640625,0.29296875,0.240606845197983,0.3514520953533543,0.484375,0.4238408093138977,0.5453711861994108,0.22265625,0.17600601030365376,0.27750691005757183,0.0,0.0,0.01478385642587143,-0.012637795568650462,0.003394379077403852,124,57,75,0.359375,0.30307650360756977,0.4198314560122066,0.43359375,0.37431161888417475,0.4948393620473863,0.20703125,0.16190727728556475,0.2608176385889693,0.0,0.0,0.01478385642587143,-0.004461361922248112,0.003467015190085808,111,53,92
primary,mainland,0.75,0.5,0.3,selected,10,256,256,0.0,0.0,0.01478385642587143,47.9765625,0.017441856754208073,8.490234375,0.08984375,0.06061336726621258,0.1312015149581351,0.09375,0.0638098481830768,0.13570203516294374,0.81640625,0.7644232596319748,0.8590338312235285,0.0,0.0,0.01478385642587143,-0.0005271050283510233,0.0009155609762058366,24,209,23,0.0703125,0.04493554746197091,0.10839432915401236,0.07421875,0.048026107191811204,0.11300077054584494,0.85546875,0.8071377780781674,0.8932893239940645,0.0,0.0,0.01478385642587143,-0.0005528287031030066,0.0007974250066009541,19,219,18
primary,mainland,0.75,0.5,0.3,selected,40,256,256,0.0,0.0,0.01478385642587143,47.98828125,0.008720928377104037,7.18935546875,0.2109375,0.16542210475657976,0.26499981223962715,0.3046875,0.25153621542356636,0.36361372849278967,0.484375,0.4238408093138977,0.5453711861994108,0.0,0.0,0.01478385642587143,-0.002537186072697507,0.001878597081799431,78,124,54,0.23828125,0.1902054003663705,0.2940955244815466,0.2265625,0.1795467073799799,0.28166321410291856,0.53515625,0.4739903018869167,0.5952827082081391,0.0,0.0,0.01478385642587143,0.00048346818585283564,0.001749329433603035,58,137,61
primary,mainland,0.75,0.5,0.3,selected,50,256,256,0.0,0.0,0.01478385642587143,48.0,0.0,7.036875,0.25390625,0.20449864653192884,0.31059028280267975,0.3203125,0.26617385334096993,0.3797640950620776,0.42578125,0.36674752969705376,0.48700944899116155,0.0,0.0,0.01478385642587143,-0.002400860485468738,0.002136264649350271,82,109,65,0.26171875,0.21167863808724405,0.31880429349071027,0.2890625,0.2369733003711826,0.34738863905848194,0.44921875,0.389484750270348,0.5104542351479046,0.0,0.0,0.01478385642587143,0.0002104974087418273,0.0019381675060889446,74,115,67
primary,mainland,0.75,0.5,0.3,selected,100,256,256,0.0,0.0,0.01478385642587143,47.984375,0.015625,6.67265625,0.30078125,0.24788835618653265,0.35956458660815055,0.328125,0.2735197547273731,0.38781219591902016,0.37109375,0.3142292916101357,0.43176967137465927,0.0,0.0,0.01478385642587143,-0.0015412493191299835,0.002677120117701991,84,95,77,0.29296875,0.240606845197983,0.3514520953533543,0.3515625,0.295661910800322,0.41185204657610863,0.35546875,0.29936712788953435,0.4158438306085691,0.0,0.0,0.01478385642587143,-0.002606665300831629,0.0025511706979716633,90,91,75
primary,mainland,0.75,0.5,0.3,selected,200,256,256,0.0,0.0,0.01478385642587143,48.0,0.0,6.3741796875,0.359375,0.30307650360756977,0.4198314560122066,0.390625,0.33289789371255574,0.45158607488060365,0.25,0.20091686568173925,0.3064750625311965,0.0,0.0,0.01478385642587143,-0.002237264640985619,0.003302898548351407,100,64,92,0.33203125,0.2771993280647148,0.3918296237033514,0.41015625,0.3516648037328092,0.47130417046871464,0.2578125,0.20808593083982155,0.31469999961646,0.0,0.0,0.01478385642587143,-0.004031877733388894,0.0032113804887708586,105,66,85
primary,mainland,0.75,0.5,0.3,selected,400,256,256,0.0,0.0,0.01478385642587143,47.98046875,0.014058669821527757,6.144931640625,0.390625,0.33289789371255574,0.45158607488060365,0.37109375,0.3142292916101357,0.43176967137465927,0.23828125,0.1902054003663705,0.2940955244815466,0.0,0.0,0.01478385642587143,0.0013116308735964353,0.003526941984597069,95,61,100,0.34375,0.28826407712322777,0.403855878009857,0.421875,0.36297114591343,0.4830888316531124,0.234375,0.1866465082202543,0.2899574155059899,0.0,0.0,0.01478385642587143,-0.004645649254131948,0.003417146156871007,108,60,88
primary,mainland,0.75,0.5,0.7,fixed,10,256,256,0.0,0.0,0.01478385642587143,48.0,0.0,8.490234375,0.0,0.0,0.01478385642587143,0.0,0.0,0.01478385642587143,1.0,0.9852161435741286,1.0,0.0,0.0,0.01478385642587143,0.0,0.0,0,256,0,0.0,0.0,0.01478385642587143,0.0,0.0,0.01478385642587143,1.0,0.9852161435741286,1.0,0.0,0.0,0.01478385642587143,0.0,0.0,0,256,0
primary,mainland,0.75,0.5,0.7,fixed,40,256,256,0.0,0.0,0.01478385642587143,47.984375,0.009536999029579277,7.18935546875,0.0,0.0,0.01478385642587143,0.0,0.0,0.01478385642587143,1.0,0.9852161435741286,1.0,0.0,0.0,0.01478385642587143,0.0,0.0,0,256,0,0.0,0.0,0.01478385642587143,0.0,0.0,0.01478385642587143,1.0,0.9852161435741286,1.0,0.0,0.0,0.01478385642587143,0.0,0.0,0,256,0
primary,mainland,0.75,0.5,0.7,fixed,50,256,256,0.0,0.0,0.01478385642587143,47.99609375,0.00390625,7.036875,0.0,0.0,0.01478385642587143,0.0,0.0,0.01478385642587143,1.0,0.9852161435741286,1.0,0.0,0.0,0.01478385642587143,0.0,0.0,0,256,0,0.0,0.0,0.01478385642587143,0.0,0.0,0.01478385642587143,1.0,0.9852161435741286,1.0,0.0,0.0,0.01478385642587143,0.0,0.0,0,256,0
primary,mainland,0.75,0.5,0.7,fixed,100,256,256,0.0,0.0,0.01478385642587143,48.0,0.0,6.67265625,0.0,0.0,0.01478385642587143,0.0,0.0,0.01478385642587143,1.0,0.9852161435741286,1.0,0.0,0.0,0.01478385642587143,0.0,0.0,0,256,0,0.0,0.0,0.01478385642587143,0.0,0.0,0.01478385642587143,1.0,0.9852161435741286,1.0,0.0,0.0,0.01478385642587143,0.0,0.0,0,256,0
primary,mainland,0.75,0.5,0.7,fixed,200,256,256,0.0,0.0,0.01478385642587143,47.9921875,0.0078125,6.3741796875,0.0,0.0,0.01478385642587143,0.0,0.0,0.01478385642587143,1.0,0.9852161435741286,1.0,0.0,0.0,0.01478385642587143,-4.336808689942018e-19,4.336808689942018e-19,0,256,0,0.0,0.0,0.01478385642587143,0.0,0.0,0.01478385642587143,1.0,0.9852161435741286,1.0,0.0,0.0,0.01478385642587143,0.0,0.0,0,256,0
primary,mainland,0.75,0.5,0.7,fixed,400,256,256,0.0,0.0,0.01478385642587143,47.98828125,0.01171875,6.144931640625,0.0,0.0,0.01478385642587143,0.0,0.0,0.01478385642587143,1.0,0.9852161435741286,1.0,0.0,0.0,0.01478385642587143,0.0,0.0,0,256,0,0.0,0.0,0.01478385642587143,0.0,0.0,0.01478385642587143,1.0,0.9852161435741286,1.0,0.0,0.0,0.01478385642587143,0.0,0.0,0,256,0
primary,mainland,0.75,0.5,0.7,neutral,10,256,256,0.0,0.0,0.01478385642587143,48.0,0.0,8.490234375,0.0703125,0.04493554746197091,0.10839432915401236,0.05859375,0.03582660763317509,0.09441226561778955,0.87109375,0.8244958864844745,0.9067192200744492,0.0,0.0,0.01478385642587143,0.00038014271934368703,0.000825874970176698,15,223,18,0.0625,0.03883364112851165,0.09910223324412587,0.08203125,0.05427759190690546,0.12214328807409647,0.85546875,0.8071377780781674,0.8932893239940645,0.0,0.0,0.01478385642587143,0.0004231648566439903,0.0008771003729853403,21,219,16
primary,mainland,0.75,0.5,0.7,neutral,40,256,256,0.0,0.0,0.01478385642587143,47.98828125,0.008720928377104037,7.18935546875,0.24609375,0.19734067215723067,0.3023542549340322,0.234375,0.1866465082202543,0.2899574155059899,0.51953125,0.4584937753463775,0.5799912302619868,0.0,0.0,0.01478385642587143,6.765654041920432e-05,0.001675076844177138,60,133,63,0.19921875,0.15489813913670408,0.2524327744944842,0.2421875,0.19377015335079256,0.2982277726187974,0.55859375,0.49734573849859953,0.6181092783264936,0.0,0.0,0.01478385642587143,-0.0012523061591059495,0.001626078969498253,62,143,51
primary,mainland,0.75,0.5,0.7,neutral,50,256,256,0.0,0.0,0.01478385642587143,47.96875,0.022737714847156216,7.036875,0.26953125,0.2188800151092185,0.3269969187120816,0.25390625,0.20449864653192884,0.31059028280267975,0.4765625,0.41618039421813385,0.5376375990518288,0.0,0.0,0.01478385642587143,-0.0007403808036964814,0.001830267974105002,65,122,69,0.2265625,0.1795467073799799,0.28166321410291856,0.265625,0.21527669094275786,0.3229032417568694,0.5078125,0.44690987163300716,0.5684841306103388,0.0,0.0,0.01478385642587143,-0.0005673750578412222,0.0018074500925940396,68,130,58
primary,mainland,0.75,0.5,0.7,neutral,100,256,256,0.0,0.0,0.01478385642587143,48.0,0.0,6.67265625,0.328125,0.2735197547273731,0.38781219591902016,0.3203125,0.26617385334096993,0.3797640950620776,0.3515625,0.295661910800322,0.41185204657610863,0.0,0.0,0.01478385642587143,0.001435854102049881,0.0025365122248697685,82,90,84,0.30078125,0.24788835618653265,0.35956458660815055,0.30078125,0.24788835618653265,0.35956458660815055,0.3984375,0.3403930035879241,0.459484967248581,0.0,0.0,0.01478385642587143,-0.00018184022843584333,0.0024251471356346844,77,102,77
primary,mainland,0.75,0.5,0.7,neutral,200,256,256,0.0,0.0,0.01478385642587143,48.0,0.0,6.3741796875,0.39453125,0.33664349360941154,0.45553747610542067,0.31640625,0.26250760743602425,0.37573333984535046,0.2890625,0.2369733003711826,0.34738863905848194,0.0,0.0,0.01478385642587143,0.005022101758836179,0.003007949925918384,81,74,101,0.34765625,0.29196088318828545,0.40785607306647226,0.3515625,0.295661910800322,0.41185204657610863,0.30078125,0.24788835618653265,0.35956458660815055,0.0,0.0,0.01478385642587143,-0.0018884145504891809,0.0030128984727121654,90,77,89
primary,mainland,0.75,0.5,0.7,neutral,400,256,256,0.0,0.0,0.01478385642587143,47.96484375,0.02496431084615164,6.144931640625,0.45703125,0.3970936285540288,0.5182393591075696,0.3359375,0.280883264256863,0.395842688632876,0.20703125,0.16190727728556475,0.2608176385889693,0.0,0.0,0.01478385642587143,0.006859509387095347,0.0034567761408116427,86,53,117,0.35546875,0.29936712788953435,0.4158438306085691,0.37109375,0.3142292916101357,0.43176967137465927,0.2734375,0.22248853918114145,0.33108539576183155,0.0,0.0,0.01478385642587143,-0.0014637311165612596,0.0033536565525899118,95,70,91
primary,mainland,0.75,0.5,0.7,selected,10,256,256,0.0,0.0,0.01478385642587143,48.0,0.0,8.490234375,0.08203125,0.05427759190690546,0.12214328807409647,0.08203125,0.05427759190690546,0.12214328807409647,0.8359375,0.7856696977134597,0.8762723987504079,0.0,0.0,0.01478385642587143,-6.651307829749504e-05,0.0008645452893500835,21,214,21,0.06640625,0.04187072285916844,0.10376215263514196,0.0625,0.03883364112851165,0.09910223324412587,0.87109375,0.8244958864844745,0.9067192200744492,0.0,0.0,0.01478385642587143,-0.0002325350081197042,0.0008496154110748653,16,223,17
primary,mainland,0.75,0.5,0.7,selected,40,256,256,0.0,0.0,0.01478385642587143,47.98046875,0.012923193964681274,7.18935546875,0.2578125,0.20808593083982155,0.31469999961646,0.2421875,0.19377015335079256,0.2982277726187974,0.5,0.43920555858906296,0.560794441410937,0.0,0.0,0.01478385642587143,0.0016898520604359934,0.0017660160429317717,62,128,66,0.1953125,0.15140411996625466,0.24822979254326075,0.2265625,0.1795467073799799,0.28166321410291856,0.578125,0.5169111683468876,0.63702885408657,0.0,0.0,0.01478385642587143,-0.0011827631825585667,0.001603824253174303,58,148,50
primary,mainland,0.75,0.5,0.7,selected,50,256,256,0.0,0.0,0.01478385642587143,48.0,0.0,7.036875,0.28125,0.2297209150846507,0.33924702210166807,0.2578125,0.20808593083982155,0.31469999961646,0.4609375,0.40090361566150806,0.5221263731217632,0.0,0.0,0.01478385642587143,0.001981723086207433,0.00194182888285985,66,118,72,0.23046875,0.183093576056734,0.28581334654783735,0.25,0.20091686568173925,0.3064750625311965,0.51953125,0.4584937753463775,0.5799912302619868,0.0,0.0,0.01478385642587143,-0.0015214772129204992,0.0018132781683758402,64,133,59
primary,mainland,0.75,0.5,0.7,selected,100,256,256,0.0,0.0,0.01478385642587143,47.98828125,0.01171875,6.67265625,0.31640625,0.26250760743602425,0.37573333984535046,0.36328125,0.3067900082905613,0.4238149524508879,0.3203125,0.26617385334096993,0.3797640950620776,0.0,0.0,0.01478385642587143,-0.001295876234972479,0.0025653340897023374,93,82,81,0.296875,0.24424521529493903,0.35551072637807124,0.3046875,0.25153621542356636,0.36361372849278967,0.3984375,0.3403930035879241,0.459484967248581,0.0,0.0,0.01478385642587143,-0.0029363788579557476,0.0024718440402947094,78,102,76
primary,mainland,0.75,0.5,0.7,selected,200,256,256,0.0,0.0,0.01478385642587143,48.0,0.0,6.3741796875,0.37890625,0.32168476294187087,0.43970820228626983,0.36328125,0.3067900082905613,0.4238149524508879,0.2578125,0.20808593083982155,0.31469999961646,0.0,0.0,0.01478385642587143,0.0012144808592378779,0.0032467106894265856,93,66,97,0.3359375,0.280883264256863,0.395842688632876,0.41015625,0.3516648037328092,0.47130417046871464,0.25390625,0.20449864653192884,0.31059028280267975,0.0,0.0,0.01478385642587143,-0.0047065211287374824,0.003064346511556528,105,65,86
primary,mainland,0.75,0.5,0.7,selected,400,256,256,0.0,0.0,0.01478385642587143,47.98046875,0.014058669821527757,6.144931640625,0.390625,0.33289789371255574,0.45158607488060365,0.3984375,0.3403930035879241,0.459484967248581,0.2109375,0.16542210475657976,0.26499981223962715,0.0,0.0,0.01478385642587143,0.0019104768323971494,0.0035497092798113116,102,54,100,0.3515625,0.295661910800322,0.41185204657610863,0.46875,0.4085346505933857,0.5298893404332313,0.1796875,0.13750213221413665,0.23134377580868726,0.0,0.0,0.01478385642587143,-0.007434206296674399,0.003410623081004472,120,46,90
