sample_rank,island_id,analysis_regime,log_distance_to_continent_km,log_island_area_km2,climate_pc1,climate_pc2,climate_pc3,climate_pc4,spatial_block,island_latitude,island_longitude
0,gshhg_2.3.7_h_3ba8c4b4184b6dcc3b3f,northern_midlatitude,0.001653700532923731,2.524844481057308,1.007023678366776,0.8052157753205473,-0.5727929280510801,-0.1550472312574455,lat11_lon09,28.80925023076923,-82.67121657930915
1,gshhg_2.3.7_h_9c940e48f4dbec832972,northern_midlatitude,0.016955653717606288,2.497342271503665,-0.686403097394811,-0.085261820710172,-0.9484832961014512,-0.958976444684332,lat13_lon11,41.58555361538461,-69.99303458973343
2,gshhg_2.3.7_h_e1c9d314293a9a996527,northern_midlatitude,0.028670621836581554,5.176756759029932,0.9083983295940108,0.2852614068062881,-0.8417231106270118,-0.4969436770080201,lat11_lon08,29.291111,-91.2387134380226
3,gshhg_2.3.7_h_e54c1818ea95a3907af8,northern_midlatitude,0.04195501242557989,2.139133552156677,0.5182345180145776,0.6386748747414048,-0.6818128929155076,-0.803416306970882,lat11_lon08,29.08595076923077,-95.15101718269544
4,gshhg_2.3.7_h_fcee8d0166e9cc080f91,northern_midlatitude,0.058544578352959516,3.326566963206892,-0.7660623690398585,-0.5423738367079919,0.3800411744662748,-0.1625625284859592,lat14_lon02,59.43250638461539,-150.36690488786834
5,gshhg_2.3.7_h_c3c7b5be7fd954c654cf,northern_midlatitude,0.07394213402876788,5.740358606247384,-0.0217962800018577,0.6182567952202592,1.7536517376258032,0.0105781539904891,lat12_lon20,38.69522907692308,20.649126563776715
6,gshhg_2.3.7_h_4ceefec32a209e9f7e1e,northern_midlatitude,0.08827124873452609,1.8434368745772127,0.2846663394990729,-1.3935820355207136,-0.4265345763978166,0.3238565468485158,lat15_lon18,60.823771538461536,5.175384906250847
7,gshhg_2.3.7_h_ee650e968393b26d4339,northern_midlatitude,0.10499650465607312,4.084533905478682,0.4678226515259165,0.3482325253105569,-0.8334242332896582,-0.2715327201629301,lat12_lon10,33.93111515384615,-77.94665931831612
8,gshhg_2.3.7_h_aa5e80f5809fbea7e53b,northern_midlatitude,0.12209185094759291,4.998738748100743,-0.6174214021982168,-0.8662611269316172,0.6390294584736829,-0.4236577373923719,lat15_lon18,63.21590376923077,8.413646655273888
9,gshhg_2.3.7_h_cd82167a464bbd7b6cfc,northern_midlatitude,0.13634283262741875,5.709970153191144,-0.0133135304207008,2.358687244254129,0.2386841438365862,-0.6429288827980358,lat11_lon06,24.879899538461537,-112.19337896206169
10,gshhg_2.3.7_h_0ff11adddf6838d8214e,northern_midlatitude,0.15117175065167704,5.104465126176333,0.4004282477741624,-2.519764995173809,1.2520837729146683,0.598505594169528,lat15_lon18,61.85335507692308,5.0216331678301005
11,gshhg_2.3.7_h_9ada6bd38862bc8d161a,northern_midlatitude,0.16951729842661808,3.338495159589444,0.4370612819835541,0.4939686337287575,-0.7612914493724959,-0.4395413513593625,lat12_lon10,32.90770961538462,-79.62071075257434
12,gshhg_2.3.7_h_f7edc6faf8772edfd54c,northern_midlatitude,0.19186830276487257,2.6447083028816065,-0.9694200842148528,-0.1865571663089487,-0.8044114567110878,-0.6399444225151572,lat13_lon11,43.82137646153846,-69.66733423074591
13,gshhg_2.3.7_h_3941d78567f7ed0d12c6,northern_midlatitude,0.2111747016558331,3.0785394824267,-0.517501927367657,0.158090908241818,-0.9020780816911318,-0.8776038363426958,lat12_lon10,39.41796407692308,-74.37258593593333
14,gshhg_2.3.7_h_a53ebe2c84addf399068,northern_midlatitude,0.23113611280822538,4.049795396524661,-2.7537677535809832,0.5441846611150335,-0.4490964760080114,0.4023142412586575,lat15_lon01,66.47416461538462,-165.06605608183318
15,gshhg_2.3.7_h_5ef379977cb290091187,northern_midlatitude,0.2600052318596858,4.304759244547424,0.457125230561112,1.3723928253003852,-0.1737287950127838,-0.0258745471546348,lat11_lon29,25.49157084615385,119.31645582933052
16,gshhg_2.3.7_h_5ac7e91b1975adff4eb7,northern_midlatitude,0.29930402101967607,3.625660125238808,-1.825489640123208,-0.6807750769004471,-0.8477202282421307,-0.4551399675882411,lat14_lon12,53.676991538461536,-57.11239067569978
17,gshhg_2.3.7_h_0692a786a9e71cfa7763,northern_midlatitude,0.32644682737818354,1.9549048527092705,0.602681684376858,-0.5282216780589805,-0.0271716457963766,0.8627235863477278,lat13_lon05,46.198978730769234,-123.65155027883424
18,gshhg_2.3.7_h_31b972c7026e9d7ac333,northern_midlatitude,0.3561445744239956,3.2785273222163585,0.4800603196066908,3.640599468229966,0.915680446913253,0.8595131029143334,lat11_lon24,24.727777692307694,67.13256315865027
19,gshhg_2.3.7_h_ab5ed3abee9f492b8847,northern_midlatitude,0.39148307564371293,3.9307605133240977,-0.0181449678082771,0.4422607310000763,-0.0073342537723661,0.3082807055544489,lat13_lon05,47.23780984615384,-122.8811679518579
20,gshhg_2.3.7_h_15e9c17a09d3e9ba62d6,northern_midlatitude,0.427852723845867,8.330538761794989,-0.930013083841382,-1.1258845066338006,0.7056164046967475,-0.4635573137457118,lat14_lon01,54.748758384615385,-164.11216261064328
21,gshhg_2.3.7_h_b23f4958e9379689f3ec,northern_midlatitude,0.4618891168381133,3.935225933053959,-0.1083155191187808,1.029457730647177,-0.355544122534554,0.6075314242830416,lat12_lon30,34.86416876923077,126.31586343787168
22,gshhg_2.3.7_h_fac808b317d203176e2f,northern_midlatitude,0.49449406588679373,5.011340844246888,-2.219273358850369,-0.8525424592544392,-0.2614557337250019,-0.2075305300336219,lat14_lon11,56.368288692307694,-61.58077893606357
23,gshhg_2.3.7_h_a777b76ba2800c8acfc8,northern_midlatitude,0.5380555926448581,2.5279179578275306,-1.9721588692627845,0.6129124443014148,-0.4798128173280483,0.5637759024768765,lat15_lon01,60.84971584615384,-164.62716688953617
24,gshhg_2.3.7_h_d6b91486c93d7f208191,northern_midlatitude,0.5847377893848197,4.713843870589599,0.0309912291916311,-0.9768653220293382,1.051290099389339,0.3777603136379673,lat14_lon05,50.40172023076924,-125.42716366622476
25,gshhg_2.3.7_h_86a076c4aaf6395ea2eb,northern_midlatitude,0.6430405911081332,2.767199625565046,-0.2630402056221337,0.9437103164197352,2.168685644325741,-0.1859844504974118,lat12_lon20,37.33375,23.32585853849622
26,gshhg_2.3.7_h_0ef7441a6b017dddd5d4,northern_midlatitude,0.6844044926032405,3.228820986040871,-1.3511239296150186,0.3173175961100086,-0.5623550738792927,-0.6158932667019607,lat15_lon20,60.10067307692307,22.91311951578572
27,gshhg_2.3.7_h_403cce96fe892ef2fff0,northern_midlatitude,0.741850969302821,4.601525308322777,-0.0347289418688743,-1.0347727349053628,-0.1127330342058497,0.2473622121683905,lat14_lon04,54.757751846153845,-130.5251349691719
28,gshhg_2.3.7_h_b721d23c2e79d0f2f5f9,northern_midlatitude,0.8193318152358142,2.096635913954106,-0.4406216921890158,-1.4893304984085516,1.210926823052078,0.3551200227427251,lat14_lon04,58.65751715384615,-136.22819101562217
29,gshhg_2.3.7_h_86158fa558c9dde272a8,northern_midlatitude,0.8636043742394338,2.073487330276764,-2.071931997084464,-0.6955924183395605,-0.7898429489732021,-0.5220631676602996,lat14_lon11,55.45711961538462,-60.15689516946954
30,gshhg_2.3.7_h_cc152ddfd9b1f4eb6887,northern_midlatitude,0.9109511403384015,4.313035066073426,-0.9421557160928252,-0.2195253398267988,-0.8054464342191849,-0.4951468177822681,lat13_lon11,44.21992507692308,-68.67016020931491
31,gshhg_2.3.7_h_fdcee816f6b4fa2a5622,northern_midlatitude,0.9480945881597291,4.135120789941785,0.0258761524324633,-1.4615234272881157,0.4610574037975085,0.2827381079829134,lat14_lon18,59.263157846153845,6.010891280477246
32,gshhg_2.3.7_h_abe4d8bca46b60754287,northern_midlatitude,0.9811881585535592,2.4054494031140345,-1.826183687420396,0.2918434223153009,-0.6848313475467284,-0.6028149458895616,lat15_lon20,65.22014961538461,21.81165708666921
33,gshhg_2.3.7_h_cfc16b9cd656fdaed0b9,northern_midlatitude,1.025583291811539,3.022425599675159,-2.7494536512085603,0.4119966724252167,-0.5737088479561315,0.3369640774873685,lat15_lon01,66.284686,-165.9370128148298
34,gshhg_2.3.7_h_6f4eeb31ab582931f68d,northern_midlatitude,1.0769448432825068,6.405797412121313,0.0538559230764041,1.0323769415993822,0.6197202726454083,0.0663387984306295,lat12_lon19,39.6628138076923,19.845627243376075
35,gshhg_2.3.7_h_6a08a435edf44236187d,northern_midlatitude,1.1353823950556032,2.377842054487288,0.2919341803989145,3.017166061386188,0.9486379648144084,0.6405716788976977,lat11_lon06,26.10563015384616,-111.27986022475662
36,gshhg_2.3.7_h_fc6d1fc5c2b29fb20be6,northern_midlatitude,1.172678015037486,5.133823850981594,0.91369373064619,-1.392203920274688,-1.1558162910472405,0.7315897999822223,lat14_lon05,52.18477542307693,-128.36632219286756
37,gshhg_2.3.7_h_439c66412519472bdac6,northern_midlatitude,1.2252361879345315,3.044442802536725,-0.3595627026486688,-2.4108807501756044,2.7782671895605056,0.0751366235133362,lat15_lon18,62.66200430769231,7.300859227395791
38,gshhg_2.3.7_h_9ec24dc955bada896f31,northern_midlatitude,1.276493769839385,3.3478703947941333,-0.1226572498742063,1.7663921433212169,0.6381600510068265,0.2980090745409636,lat12_lon20,38.498643,26.71789705045421
39,gshhg_2.3.7_h_571c848849db41f54219,northern_midlatitude,1.3464229222197346,4.998527340832315,-2.002555487556484,0.4152518254985862,-0.6069435546942507,-0.2637443170931081,lat15_lon22,64.74039753846154,40.27043424583335
40,gshhg_2.3.7_h_5682f716930360d869bb,northern_midlatitude,1.4049202936821121,3.18890053737594,-0.8235618052556015,0.298817887760461,-0.6644764634532476,-1.0269773974213603,lat14_lon18,53.71682707692308,7.24014748239121
41,gshhg_2.3.7_h_061edbd137bef34f96a7,northern_midlatitude,1.461667664935899,1.9275731058319088,-0.4444891648604898,0.8793121005622211,0.2411605116563178,-0.5695435190424678,lat13_lon20,40.85503219230769,29.118110548071552
42,gshhg_2.3.7_h_b43c749a0031b4cb86ba,northern_midlatitude,1.529414774189535,1.8323273371569333,-2.1255993556133777,0.7603898361492128,-0.4470203141032148,0.7072299489856085,lat15_lon01,62.62120219230769,-164.92066699999387
43,gshhg_2.3.7_h_1b5cabf7b8bafaa8a2b5,northern_midlatitude,1.6013164193702698,2.769267705535244,-0.2726255296238555,0.249195438682329,-0.857699986089685,-0.9780454802253022,lat12_lon10,37.18794638461538,-75.84578509329599
44,gshhg_2.3.7_h_5864fcbaa57850604298,northern_midlatitude,1.6761666910803574,2.1933139197232667,-1.3605689648545425,0.3183748606875883,-0.5249395545861011,-0.5820773063841612,lat14_lon20,59.876863692307694,23.39245218982989
45,gshhg_2.3.7_h_7030a1f1a596d886ce49,northern_midlatitude,1.7249976315298015,5.6986332472049686,0.1969387762338095,1.8587378203627205,0.94046472316674,0.5685450940256033,lat12_lon20,36.82239353846154,27.13593533291415
46,gshhg_2.3.7_h_39ea04632ed2bea6893a,northern_midlatitude,1.779882934565992,3.021284224547762,-1.4754009880815313,0.3508224681462885,-0.595219966719995,-0.4466836512520328,lat15_lon20,60.34389761538462,28.481882764644173
47,gshhg_2.3.7_h_4dd128ad58bb9f91f494,northern_midlatitude,1.83657455917041,7.948603769339747,0.7746917392553291,-2.3612660111586057,0.0116504577753134,1.2188480908113464,lat14_lon04,56.79179676923077,-133.4434588891116
48,gshhg_2.3.7_h_c8515dbc4196ada5686e,northern_midlatitude,1.9042422529820162,4.659418067928858,-0.116696465734423,0.4013442201238551,0.7219188820834015,-0.6931166880787301,lat13_lon19,42.75179923076923,17.523453948600693
49,gshhg_2.3.7_h_fb1affd1897e8b0b7815,northern_midlatitude,1.9444109139044405,8.826207195433593,0.7195611093268642,-2.3034483948554416,0.3022949172938877,0.9219132609192028,lat14_lon04,55.460732846153846,-132.74217312671428
50,gshhg_2.3.7_h_d9542dc44fb23869939f,northern_midlatitude,1.982072766838841,1.9247712011035392,1.1151977003827038,1.093140162695721,-0.3947663502468083,-0.0261286094818615,lat11_lon09,27.63099376923077,-82.72383236108104
51,gshhg_2.3.7_h_cdf7a92e3143de1d78fa,northern_midlatitude,2.053381518302594,2.280657452971825,-0.2106996886347903,0.2765229028539171,-0.8956746776358604,-1.0216395246409096,lat12_lon10,37.22040192307692,-75.81946472115416
52,gshhg_2.3.7_h_98880201ffb561e96974,northern_midlatitude,2.1036911549012416,11.220387196663186,-2.244363819265037,-0.2311200394208873,0.2129854196773794,0.3785862451917452,lat14_lon32,50.48950630769231,142.67802789779378
53,gshhg_2.3.7_h_f679877a1aabd2937a3f,northern_midlatitude,2.172051746536551,2.9667708123338463,-0.5654914669859924,0.1744819396725501,0.8904676773212424,-0.4874326776876521,lat13_lon05,48.56211561538462,-122.80512621638104
54,gshhg_2.3.7_h_2d5bf4f854f476513896,northern_midlatitude,2.243804372886246,4.1223262055762655,-0.2649650412618544,0.6854323527533391,0.1770452440928142,-1.0275609959093577,lat13_lon19,43.38078438461538,16.29613596537827
55,gshhg_2.3.7_h_cedd3a7356c7262c508c,northern_midlatitude,2.3017221713160216,4.890609418255373,-0.8431219269661628,-0.585051729561933,-0.8510297603012621,-0.3100698193927128,lat13_lon11,45.545551384615386,-61.00805034269094
56,gshhg_2.3.7_h_cb31f676f311d282549a,northern_midlatitude,2.3389849903121442,3.8545313090847433,-1.1791099274357086,-0.3131640618364946,0.4657606655514458,-0.3948174373423902,lat15_lon03,60.69870907692308,-147.9262597569321
57,gshhg_2.3.7_h_f162e8e1a8ef0b5b2666,northern_midlatitude,2.4120476205323427,1.8444860739861864,1.2147333518427472,1.355815138092993,-0.2213567506166878,-0.5500659951483201,lat11_lon09,24.86156823076923,-80.71844708302551
58,gshhg_2.3.7_h_fe04ae35d5e29996f3ff,northern_midlatitude,2.466470925260544,3.9355671171222,-0.9160892869294248,-0.1783230428926417,-0.866959136258178,-0.544041151524569,lat13_lon11,44.074972,-68.8419604183251
59,gshhg_2.3.7_h_55d8cfaef5007c49e2ce,northern_midlatitude,2.5357760238589333,3.208842733854142,-1.6280378840329457,0.1489215730043092,-0.6231383607609348,-0.7660744792431753,lat15_lon20,63.72615838461538,20.904561875032226
60,gshhg_2.3.7_h_87a330f797b8ee3f8c31,northern_midlatitude,2.5973677411402623,2.286979660125207,-1.940991508092991,-0.7648794021709447,-0.5653995732027691,-0.5241875033520046,lat14_lon11,56.84328638461538,-61.21867680772315
61,gshhg_2.3.7_h_99794ece891d22295a6f,northern_midlatitude,2.6764155582666267,2.167720018979841,0.4395638848025897,3.361801942876921,0.905851454845225,0.5332939962709384,lat11_lon23,26.80746776923077,55.72027644231287
62,gshhg_2.3.7_h_fb20c3ea400058031ec2,northern_midlatitude,2.7305035285462185,2.817918340475991,-0.1037138034557129,-0.9648313339542038,-0.2457382119207024,-0.0375034472208814,lat15_lon18,62.34989123076923,5.549177909628415
63,gshhg_2.3.7_h_0e5df41b565b3f8f1e6c,northern_midlatitude,2.7735914881705135,3.3023850219679467,0.0431713360393038,1.2287514277394995,0.5718117031778462,0.0152117849795141,lat12_lon20,39.20813230769231,20.158994338910087
64,gshhg_2.3.7_h_a1497d86490a07cccde8,northern_midlatitude,2.8371521269515054,1.8302456301511687,-1.611663489073744,0.1824925148066368,-0.690245438513329,-0.8312431616289236,lat15_lon20,63.65732730769231,20.848803713963044
65,gshhg_2.3.7_h_7ba24c7f681e3ea2a367,northern_midlatitude,2.8884347046446823,2.60872792412595,-2.0194645465038907,-0.9090734325171544,-0.2193135992062033,-0.454184135459363,lat14_lon11,56.87114515384616,-61.06804700600712
66,gshhg_2.3.7_h_b9ea0527e2cc39592426,northern_midlatitude,2.9281183919309726,1.922309482739844,0.2515940657511729,0.511246201732488,0.1910091186931115,0.987472264826636,lat12_lon30,34.699683538461535,128.18669154567792
67,gshhg_2.3.7_h_62c76bafe073e99feac8,northern_midlatitude,2.9863068763634595,1.910979433632953,-0.3688566255059531,-0.5478442027787735,-0.9909038854314088,-0.1919012394753654,lat15_lon19,65.999846,12.224956105778327
68,gshhg_2.3.7_h_60a132ad2de6020fce00,northern_midlatitude,3.0434393710553493,1.937318082025292,0.5581884834975092,-1.97526190405995,0.100520658036745,0.7195634645875086,lat14_lon04,55.24892561538461,-131.42768153842792
69,gshhg_2.3.7_h_0bd8d9d14c025da6cd2a,northern_midlatitude,3.1330061243576015,2.0827977080927926,1.1880968363435835,1.4000933567169238,-0.1908614226840951,-0.5251710371299672,lat11_lon09,24.81809407692308,-80.8148697087454
70,gshhg_2.3.7_h_789f1a14251c5db55193,northern_midlatitude,3.1831183102012326,2.085471259237355,0.7325345718422858,-1.2078064757733635,-0.9686213463021224,0.538651408812677,lat14_lon05,51.92792138461539,-128.24154156250023
71,gshhg_2.3.7_h_f60631ee27cabedffd4f,northern_midlatitude,3.2464583331206995,2.188060166137645,-1.946618188555197,-0.6711642040775865,-0.8048684371511554,-0.5547653489020417,lat14_lon11,56.41871761538462,-61.059497687454645
72,gshhg_2.3.7_h_0a7ebb70b82c090e6360,northern_midlatitude,3.3306409632534577,3.9972850568170473,-0.3449653423781562,0.6243914796439608,0.1546373960047112,0.1628690146343442,lat13_lon05,49.15710015384615,-123.79705415533928
73,gshhg_2.3.7_h_93b85d7664ce1a2e1b2c,northern_midlatitude,3.4168631950322483,3.474940041399554,-0.2924824186134928,0.56463085727762,-0.0389994882616378,0.18583068240549,lat13_lon05,49.524824692307696,-124.66368387528694
74,gshhg_2.3.7_h_efe9ab97bdf7106faa69,northern_midlatitude,3.5065412158830163,1.9224663601963268,-1.687319883667275,-0.7574165911894529,-0.7267593098533869,-0.7873461644222951,lat14_lon11,56.710053384615385,-61.00007883290655
75,gshhg_2.3.7_h_fa65785d0c8ee82ddaa9,northern_midlatitude,3.596727575934557,5.022245097792601,1.1415160591221378,-1.8116287225516776,-1.1451909824340707,1.1286137751711562,lat14_lon05,53.04926284615384,-129.64332104651115
76,gshhg_2.3.7_h_057f6200510d8a1fedea,northern_midlatitude,3.67807731971929,1.947812166477569,-0.6478710199539602,-0.22923441321584,-0.5884015552325524,-0.509513951712725,lat15_lon18,63.78777584615385,8.666975058156597
77,gshhg_2.3.7_h_c580c5e3285648dc04c1,northern_midlatitude,3.8037485099896506,2.6700697020964688,-1.4043786353180872,0.4368535729520092,-0.56528223779242,-0.7237032742701316,lat15_lon20,60.34248723076923,20.76434643269246
78,gshhg_2.3.7_h_036db95694a3b5b4e300,northern_midlatitude,3.906476045138734,2.1895642200864667,-1.1446959794317704,-0.2634914198804671,0.2123226461578309,-0.8513039016897859,lat14_lon02,55.10622,-159.72980500599567
79,gshhg_2.3.7_h_75fd843fd22f92267680,northern_midlatitude,3.992108560004783,5.083449059001773,-2.5752159031113977,0.2843986069666914,-0.6363299636459544,0.4603286914684423,lat14_lon09,53.315514923076925,-80.01062638970264
80,gshhg_2.3.7_h_1c6f1489fafa18f06d84,northern_midlatitude,4.083944705053261,4.127330739352442,-0.1085879434621992,0.6461831925532995,-0.1601083709696939,-0.4570475342816099,lat12_lon30,30.443649307692308,122.35245770250208
81,gshhg_2.3.7_h_46e70c4f5b7e4b5b22be,northern_midlatitude,4.162935106559377,3.164199274385697,-0.1928964200696059,-1.9229442037565745,1.851528604344128,0.3414374373105857,lat14_lon04,57.6727085,-135.65476308844805
82,gshhg_2.3.7_h_f0cc38cf48e2e7775abd,northern_midlatitude,4.241966849338827,2.068846886432865,-3.648807864824078,-0.017360152087607,-0.0809517746337595,0.6325183084619007,lat15_lon09,65.53276061538462,-84.64535624751123
83,gshhg_2.3.7_h_00a67a6665b912b07888,northern_midlatitude,4.312117229292282,3.328173983015836,1.3407677649123455,-2.261481416399002,-1.1945540782794122,1.4453699702839409,lat14_lon04,55.968350692307695,-133.45332716827266
84,gshhg_2.3.7_h_74b5ceda2ca1b4775d82,northern_midlatitude,4.4027739419434955,5.539665289587103,0.6845188466754175,-0.3227537334614,0.3579001481951117,0.8221738410514758,lat12_lon30,34.21745484615384,129.24813386708283
85,gshhg_2.3.7_h_3d2a44f1596cd378313c,northern_midlatitude,4.485699330542487,2.144845676450202,-1.0596483225233857,0.3467122909602455,-0.5806889645008917,-1.1089912409196314,lat14_lon19,55.20841476923077,11.187562394207278
86,gshhg_2.3.7_h_7a8e3810a16d5799d7d9,northern_midlatitude,4.620561289119188,3.683446151719867,-0.17550527496529,1.7571631482123713,1.0854627616694508,-0.0347336484784673,lat12_lon20,36.8082775,24.55817272110893
87,gshhg_2.3.7_h_e7c126759f1c51c0923b,northern_midlatitude,4.72040632523631,3.413676690110332,0.1368638632975095,-1.391416384857448,0.3422268555389774,0.4292509685629498,lat14_lon04,57.18118607692308,-135.51590884397822
88,gshhg_2.3.7_h_371409453a91b89754ca,northern_midlatitude,4.790089498866184,2.2971805575379824,-0.2438124647755362,-0.8150868952285919,-0.8384515542120784,-0.4060330934713148,lat14_lon02,57.768903692307696,-152.26785942316684
89,gshhg_2.3.7_h_a3d6ac2da3f892148071,northern_midlatitude,4.880719329175103,4.347865954412196,-0.2999115955261014,-1.267709904426627,1.9480117961728969,-0.2055379986603535,lat12_lon31,37.49906823076923,130.87125000019515
90,gshhg_2.3.7_h_4822a8efb22028144760,northern_midlatitude,4.965162724077289,2.514682178262608,-3.0667674719190745,0.2633922379613079,-0.3622699647847269,0.5791143306171169,lat14_lon09,59.669403,-80.54729865261498
91,gshhg_2.3.7_h_a9a1fb87629b2f345694,northern_midlatitude,5.030978513631461,3.4050790483879383,0.0153055724361003,2.054527996279284,0.994928737208642,-0.4497041933620291,lat11_lon16,29.24924792307692,-13.50739948072994
92,gshhg_2.3.7_h_d607edb807d37197d156,northern_midlatitude,5.078311117350461,1.912227007972488,0.7140351148429431,-1.6298501097825284,-0.0476483457239348,0.8132603952780028,lat14_lon04,52.594132461538464,-131.45733957235802
93,gshhg_2.3.7_h_462357010633fbc43ae0,northern_midlatitude,5.162965342952704,2.938880700129572,0.7710242164974858,-0.2136334420461867,0.0288730218785055,0.551429379616675,lat12_lon30,33.385993923076924,129.42317984136167
94,gshhg_2.3.7_h_404a3a3463270ebabc2c,northern_midlatitude,5.228821991705993,2.919361369146864,-0.3045593614651167,1.4247668490668597,0.1541814806157378,-0.7702476380626517,lat13_lon18,41.20842930769231,9.46195389185139
95,gshhg_2.3.7_h_0821987cc1ba4add4891,northern_midlatitude,5.294434524883112,1.9841499842095287,-0.3181881262526806,1.1661838964259326,0.5563825670718356,-0.7138241742520147,lat13_lon18,40.90558115384616,9.713349706323358
96,gshhg_2.3.7_h_41e0f57fa1b678797cfe,northern_midlatitude,5.3831559356704535,3.7233699955166313,0.9876820447688752,-0.3023856077666771,-0.391067306344034,0.5118578046470903,lat12_lon30,32.80022238461539,128.86755516104728
97,gshhg_2.3.7_h_657553e3dbb1b15493ef,northern_midlatitude,5.464467799396466,2.546790229441901,0.5935299427759181,0.7028887740794325,-0.6825747450594003,0.694947141138691,lat12_lon31,33.17365838461538,130.34420950001197
98,gshhg_2.3.7_h_4275288e63ea03ce6b04,northern_midlatitude,5.528129333653658,5.573221878918078,-0.1192144292462564,-0.397128156172911,5.994532129889485,-0.4779649481800483,lat11_lon06,29.05227153846154,-118.28492282528272
99,gshhg_2.3.7_h_c67d507beb6c4b4a1325,northern_midlatitude,5.587287179047535,4.0034966613391445,-0.2945226793119718,1.1764761046179957,0.7692511629872494,-0.5626259521698427,lat13_lon18,41.06813476923077,8.280502333776884
100,gshhg_2.3.7_h_c874283d226da20b35f4,northern_midlatitude,5.655662373138364,3.4634708955557096,-1.0284579332446393,-1.8565280988400847,1.8412616861126383,-0.1430597597823018,lat13_lon33,48.94515992307692,153.9559639830454
101,gshhg_2.3.7_h_2eedb91658172904d810,northern_midlatitude,5.742151784173193,1.8714911522085007,0.4459906136534722,0.3034883456881998,-0.2178481655960241,0.2959382232992197,lat12_lon31,33.72905146153846,132.1432528915574
102,gshhg_2.3.7_h_a8b9d2225ce501c838c2,northern_midlatitude,5.8161890080399825,5.92846733364019,-0.0405007771511768,-0.497201180552902,6.070176137674753,-0.2184731601179759,lat11_lon16,28.116264,-17.232575367803605
103,gshhg_2.3.7_h_12123dbfdf6b75b54561,northern_midlatitude,5.880316386042201,3.496357551381801,0.1868037022080431,0.5121845651633702,0.1664553646830902,0.2080249279053608,lat12_lon31,34.289748153846155,133.10630649031302
104,gshhg_2.3.7_h_58a6f7da2ab4403007d2,northern_midlatitude,5.955513456373163,2.4990387712334186,0.0905064089435387,0.7469543557101913,-0.1050458465005658,0.2627346938200468,lat12_lon31,34.45780450000001,133.50282367311902
105,gshhg_2.3.7_h_de223b612f0d619c9595,northern_midlatitude,6.035512095519546,5.551611979444916,-0.978279925053062,-0.8983557304078683,-0.2662685324379442,-0.5029040409424035,lat13_lon12,48.12947223076923,-53.72754318396838
106,gshhg_2.3.7_h_d2046d3c9e7b65aadc90,northern_midlatitude,6.095105971486965,2.232717238771331,-2.97338377317352,-0.2780041288698884,-0.3778764864874173,0.4308256909526985,lat15_lon11,65.188736,-66.8154560564916
107,gshhg_2.3.7_h_4e7e304cddeb7551fe3f,northern_midlatitude,6.128002191503798,2.4882610794706426,-3.029416454842889,-0.2925981095177138,-0.1950273917768764,0.5031922710660697,lat15_lon11,65.43485046153846,-66.99785536537935
108,gshhg_2.3.7_h_59ff4ecac6668a23f2c1,northern_midlatitude,6.148930985631789,2.986088955625246,-3.1433648613913814,-0.1012592516272341,-0.5026061067470904,0.453541200452493,lat15_lon11,65.80166661538462,-67.66426358869353
109,gshhg_2.3.7_h_3977d73c8f05abd0f326,northern_midlatitude,6.200216861375843,2.014100296183301,1.0861779106226548,1.657303324795904,-0.0331372389201487,-0.7744827159483942,lat11_lon10,23.474117461538462,-75.8274164615411
110,gshhg_2.3.7_h_0c95bd9fd33a42a44df7,northern_midlatitude,6.25884777094096,5.865812603564471,-0.8685283742852916,-1.3359484320949362,0.9934887488573382,0.0574279390156393,lat13_lon33,46.95327376923077,152.00610641197133
111,gshhg_2.3.7_h_6acd82f9242de15ca064,northern_midlatitude,6.343956800899186,1.8017473391286165,0.1020191990718065,-0.5876898238030491,-0.2950342127614305,-0.5913703232348614,lat14_lon16,52.0889305,-10.54523031779054
112,gshhg_2.3.7_h_5e579397955b1c55f787,northern_midlatitude,6.414276320065569,4.766091646191669,0.5630341020719009,-1.9477299526382807,-0.0023399189285162,0.3688351473348935,lat15_lon17,61.84567726923077,-6.780328646149766
113,gshhg_2.3.7_h_8cba9d5a0ace23788ff3,northern_midlatitude,6.4781965102772645,5.356531176527912,-0.8294780667362606,-1.7312173525375063,2.394467536210652,-0.5457132847290088,lat14_lon00,52.32635038461538,-172.4768613850997
114,gshhg_2.3.7_h_ab3c40650c0ab3190085,northern_midlatitude,6.535931794687444,6.8107660338450255,-1.144717029525801,-1.4745007491837507,2.046298761965516,-0.524625288993259,lat14_lon35,52.90919838461538,172.92924096882874
115,gshhg_2.3.7_h_a3532d6cfad6b1062b2a,northern_midlatitude,6.570548704114959,6.440899826823736,-0.0522913187762376,-0.5591031282453182,-0.2920727318908631,-0.4747323902562095,lat14_lon17,55.758736,-6.238744427617064
116,gshhg_2.3.7_h_e0c3ab805b865e03276f,northern_midlatitude,6.6279827423435025,1.906630833007353,0.0979336987678045,-0.4980275551749218,-0.5887217919504327,-0.3502395502244781,lat14_lon17,56.01945546153846,-6.242188533713736
117,gshhg_2.3.7_h_c4a5d03e7957570fbf03,northern_midlatitude,6.66054916185869,1.986435107331392,-1.8496903433906693,-0.5791674624475801,-0.0736778143685008,-0.713699624683759,lat15_lon12,63.90491230769231,-51.50222273795312
118,gshhg_2.3.7_h_cc2c0de933e8fe38c57e,northern_midlatitude,6.6896073135149505,1.8635980752942567,-1.476248356600948,-0.6012246687339634,-0.962353662964346,-0.7896774314341463,lat15_lon13,62.136927538461535,-49.75748021876627
119,gshhg_2.3.7_h_bba6cfed54402dedbaf5,northern_midlatitude,6.722416790938711,2.46605243714069,-2.32764454884637,-0.6872435722575584,0.8338402357927851,-0.132932106205886,lat15_lon12,65.84093353846154,-53.32116520306192
120,gshhg_2.3.7_h_3d0da1f7ff0594b896e2,northern_midlatitude,6.7951851561986985,3.1163403279139543,-1.4984994114773,-0.3008231114250425,-0.840232071972777,-0.7982520807525325,lat15_lon13,60.832944000000005,-47.13133909075158
121,gshhg_2.3.7_h_0d89969dfd15bb7e4418,northern_midlatitude,6.83860330754667,3.2161584194252355,-1.4672094414676375,-0.4035709107317087,-0.8663417319245539,-0.8200642681261857,lat15_lon13,60.792006307692304,-46.366563572348376
122,gshhg_2.3.7_h_66ce3e1b2be809870f1b,northern_midlatitude,6.882996641659622,5.357224594387522,-1.0254920670172896,-2.264072303052602,1.9350979490710631,-0.4448241805917946,lat15_lon13,60.034045,-44.363095184344736
123,gshhg_2.3.7_h_a2074b30dce153e13b2e,northern_midlatitude,6.957049184887586,3.737181579249107,-0.5306582770273305,-1.7987195750888778,-0.6426226455039488,-0.0178666700993024,lat15_lon13,60.358079,-43.25993687988172
124,gshhg_2.3.7_h_24e8d3b29030ab880123,northern_midlatitude,7.082841633023885,2.5315027549922826,-1.2147491460155813,-1.4753810269412009,-0.4591162684042717,-0.2386687254472797,lat15_lon13,62.40528846153846,-42.190935401504646
125,gshhg_2.3.7_h_a13a2d3e73906c005ea8,northern_midlatitude,7.183587406726036,3.518531270316743,-1.8211180924880168,-1.6508955367463145,0.9710387395662592,-0.4420924561435462,lat15_lon13,65.04245338461538,-40.51316009638988
126,gshhg_2.3.7_h_f789b2413af90196940a,northern_midlatitude,7.311487178113644,4.417701393742005,-1.756997378889092,-1.1095378178413091,0.2649299501589708,-0.4733092599804173,lat15_lon14,65.79244061538462,-36.85991330146502
127,gshhg_2.3.7_h_ba9b5f66dda20052ccbd,northern_midlatitude,8.060465648650162,1.81011797781267,1.06888448879106,0.4982749641804346,-0.5405927261545298,-0.966584942969716,lat11_lon00,28.203579384615384,-177.38005502885
0,gshhg_2.3.7_h_c3cc4a4ed3c90064b2db,northern_high_latitude,0.005159270855244463,2.02314033795296,-4.050881507802317,-0.0110103885162772,-0.83995081294219,0.5871835112911135,lat16_lon28,73.61286846153847,107.06755554505555
1,gshhg_2.3.7_h_05c82caa974320394105,northern_high_latitude,0.05931119912520495,2.8082545512168293,-3.488838155766115,-0.0758238273229935,-0.9663077923338552,0.2388153036260667,lat16_lon26,70.93064107692308,82.89241287491572
2,gshhg_2.3.7_h_f9d9ba955c23e994aaa4,northern_high_latitude,0.09629982706983384,2.8955567597271283,-3.9605504996547833,-0.0057205328904806,-0.891554936102332,0.7660094246270265,lat16_lon30,73.06043592307692,128.78235813179367
3,gshhg_2.3.7_h_c3b9dcc78cc29aca4c4b,northern_high_latitude,0.10847690522913843,3.3461932274409034,-3.519967164436218,0.4150872736117097,-0.1131931185646866,0.8065366055678023,lat15_lon07,67.085014,-107.81861430527847
4,gshhg_2.3.7_h_556d7cbd2bffb95903d9,northern_high_latitude,0.1326808496267875,3.4723509392702083,-0.9348037633241146,-0.4628752089742741,-0.1050994760766009,-0.4918573626219815,lat15_lon19,67.21860046153846,14.47558823634924
5,gshhg_2.3.7_h_63610de1866983755de4,northern_high_latitude,0.1495564540314727,1.986218148351753,-3.808338382426714,0.3222255054929377,-0.7797652791159864,0.6706722140497484,lat15_lon35,68.87783961538462,170.68482557694028
6,gshhg_2.3.7_h_b62ad4274f304447ef44,northern_high_latitude,0.17014245973921638,2.24687872708348,-4.007701391148102,-0.1517193364246141,-0.3477030786816243,0.6395552381096934,lat16_lon30,72.93442730769232,121.99228270333452
7,gshhg_2.3.7_h_b6e5a7f5d596bb2d547e,northern_high_latitude,0.1892452397952668,2.0279755782579136,-3.730642132846805,0.7829232364477031,-0.2175499538394665,1.3284936965449994,lat15_lon07,67.744998,-109.06179048793912
8,gshhg_2.3.7_h_181e156b845dc366f521,northern_high_latitude,0.22051079306870866,2.147719125528229,-3.862520341545,-0.0164511554139404,-0.88316402677011,0.5943664233110403,lat16_lon30,73.391786,126.98720070183244
9,gshhg_2.3.7_h_0f1f8de9894143387112,northern_high_latitude,0.2632681383065022,3.5135059753842914,-3.56520847005755,0.5710376425786431,-0.4812590114967395,0.8317526693083639,lat15_lon04,69.57891846153846,-133.9221297358268
10,gshhg_2.3.7_h_a26abe0c666124b7ba4d,northern_high_latitude,0.30340498929199594,2.179250495752289,-3.994067824490172,0.1469267693573456,-0.2649585712907822,0.961462918910426,lat15_lon08,69.72758776923077,-92.66411161972276
11,gshhg_2.3.7_h_a8f5c0dc79acdba9466e,northern_high_latitude,0.3488434388826375,3.6673549313601232,-4.107050697434011,0.1427645862816103,-0.0617817100053514,1.0699837283158935,lat16_lon08,71.23898107692308,-96.54754205023696
12,gshhg_2.3.7_h_1987b5c34e463260c178,northern_high_latitude,0.3965831516022671,2.6931492662450065,-3.8589818590704086,-0.0220119270496537,-0.8876471447105626,0.5710785142354393,lat16_lon30,73.40359446153846,126.58133654561831
13,gshhg_2.3.7_h_7a5d4e3ebd84775aea1a,northern_high_latitude,0.4238159043424233,4.752716504422951,-3.841987425606911,0.1703929557020148,-0.1548516641427902,1.0395346800205514,lat15_lon09,68.76459838461538,-89.9141335246493
14,gshhg_2.3.7_h_bf5a665f2d43cbc33e00,northern_high_latitude,0.48334244839244755,3.097169999420126,-2.539735229568956,-0.0048412174486968,-0.767938958450174,-0.337097263421583,lat15_lon23,68.96266007692307,54.63074630399824
15,gshhg_2.3.7_h_c74527dcf5cc4c7afead,northern_high_latitude,0.5551589693201444,2.0664426341570223,-3.8477310339664177,0.6700668392136871,-0.6541490203320269,1.0789669323527884,lat15_lon34,69.30982803846153,161.13474797593537
16,gshhg_2.3.7_h_c80f4269f30fb1d70434,northern_high_latitude,0.6281349024426089,10.120103289440552,-4.120804478917749,-0.5669819660795722,1.102964118678904,0.979540036014108,lat16_lon08,73.3289463076923,-93.3316846396274
17,gshhg_2.3.7_h_4dd766d6b546ad5c82e5,northern_high_latitude,0.7089265424695602,2.470318857531173,-3.4542525932940817,0.6075878655570114,-0.5488237871181667,0.7375000726713274,lat15_lon01,69.55538461538461,-163.14391804835805
18,gshhg_2.3.7_h_58ad943c0b835783ad25,northern_high_latitude,0.7706744966375491,2.419357779107903,-4.0258939957772935,0.1343982145410013,-0.7324011039034948,0.7505557223825896,lat16_lon32,72.3428673076923,147.21413922033346
19,gshhg_2.3.7_h_3be81e13daecc1440272,northern_high_latitude,0.8112377958108111,3.180568183669679,-2.700629614414311,0.7430291303695179,-0.4958526042437746,0.4711629473378453,lat15_lon01,66.57683792307694,-163.75129127637177
20,gshhg_2.3.7_h_6cd622c31bfbaf19d7f5,northern_high_latitude,0.8650521790622596,4.637482639875579,-3.4582581321975385,-0.0325405760484594,-0.996583514822183,0.2702991800010161,lat16_lon26,70.46272438461538,83.17186015082726
21,gshhg_2.3.7_h_b3b7d64aa0769b567916,northern_high_latitude,0.8925417107426056,1.967655321918844,-3.2000546743157154,0.1321809069997831,-0.924905184615352,0.3330864785754746,lat15_lon25,67.53565815384616,78.71968143765643
22,gshhg_2.3.7_h_f01efec60bd3fa15223f,northern_high_latitude,0.9244563982861808,3.072939845091488,-3.840060772128594,0.6983538411864502,-0.433335465279525,1.250405242070108,lat15_lon08,68.23019861538461,-96.34717138409808
23,gshhg_2.3.7_h_86074cd8058e18282f5c,northern_high_latitude,0.9910126961300191,4.362881941769079,-3.955179510962651,0.7382370639617137,-0.4789623831268341,1.4058944512016078,lat15_lon08,67.678451,-97.40752795995644
24,gshhg_2.3.7_h_944fa45e6093fa069998,northern_high_latitude,1.0382649279461715,2.44560548027751,0.1813011759158189,-1.7017478176579328,-0.4161701255856552,0.3624141330014632,lat15_lon19,66.572111,13.022294793278483
25,gshhg_2.3.7_h_22bcac57bca786d63a12,northern_high_latitude,1.1161264098407226,2.4282656658142674,-3.809153238346668,0.6018889161920022,-0.4739553122241822,1.0530678443223858,lat15_lon34,69.42793984615385,161.58227028597142
26,gshhg_2.3.7_h_86787ed0c896430bbb90,northern_high_latitude,1.1628401458146813,3.64309155297584,-3.521115251496635,0.5469146975947285,-0.0441950966970896,0.97905379065678,lat15_lon06,67.89954996153847,-110.92668077151428
27,gshhg_2.3.7_h_e3ddfeb07dce9a388b3f,northern_high_latitude,1.2086874408795876,2.444779871320062,-3.986901558097456,0.5156240395268065,-0.5948598334329575,1.3192025964910576,lat16_lon31,71.48725430769231,137.0633034181644
28,gshhg_2.3.7_h_778b7d654085f6b0300c,northern_high_latitude,1.2669152388713965,4.105600148513642,-2.989404518961179,0.7678889280018736,-0.3134190769658451,0.8367563569740378,lat16_lon31,71.67094876923078,138.61740246393583
29,gshhg_2.3.7_h_a23ea22a3e78afc72885,northern_high_latitude,1.3085645044579828,8.105019486736653,-2.872464536965184,-0.2181535795778632,-0.283594645413444,-0.1596552900396705,lat16_lon23,70.03739107692307,59.45140265320593
30,gshhg_2.3.7_h_d67b856c02ca5fe895f1,northern_high_latitude,1.3701912341978415,2.7111932915993693,-1.813716623002947,-0.2104010754699501,-0.0576742720687669,-0.7776371248670204,lat16_lon20,70.26802592307692,25.305636384665945
31,gshhg_2.3.7_h_667699eaf54e82e0106a,northern_high_latitude,1.4179410740000564,1.8183685291164893,-3.597575050571353,0.7647127755204421,-0.459610877037259,1.1211192321158798,lat16_lon03,70.55735692307692,-149.52167561652837
32,gshhg_2.3.7_h_a445ab71d6e89bb4d422,northern_high_latitude,1.4717366544854973,2.5270594973479827,-4.034871872477551,0.037633152717726,-0.892044018543867,0.6021249734616331,lat16_lon30,73.06431507692307,122.77217927197457
33,gshhg_2.3.7_h_76ab207483fbc9add2ae,northern_high_latitude,1.5229816239622662,3.4348471854523868,-4.015722452990087,0.0520306549546257,-0.8415023303680859,0.6330926591766601,lat16_lon30,73.03842946153846,122.3522538174827
34,gshhg_2.3.7_h_071ddfbe4d13e4b754f0,northern_high_latitude,1.6027464797906037,1.9803428247334485,-4.036611724515764,-0.0108896891858117,-0.8015848833870185,0.5882647826199462,lat16_lon30,73.0776816153846,122.63904453836096
35,gshhg_2.3.7_h_d698cf494720e3bfa239,northern_high_latitude,1.661272241670365,3.855026382628621,-3.760937213817168,0.1192889922317579,-0.6064116764944616,0.6220417829088792,lat15_lon09,69.46792561538462,-82.10572919978769
36,gshhg_2.3.7_h_3803e75735f8ceffea99,northern_high_latitude,1.7502432097039737,2.427858787092398,-3.920025215074928,0.3548986170798089,-0.4775409391197085,1.1810605566528525,lat15_lon08,69.55124576923077,-90.3288399543446
37,gshhg_2.3.7_h_fa97122089500f5d7283,northern_high_latitude,1.810270347016863,3.21497586450585,-3.737030100092924,0.6403188956995433,-0.152530940696236,1.2103021209778564,lat15_lon07,67.616319,-108.38527440740452
38,gshhg_2.3.7_h_5f7fb9169d210ede1f99,northern_high_latitude,1.8691014536986361,3.407302258036981,-3.880709541780917,0.0070674867607002,0.1062272574227565,1.0261686104330876,lat15_lon09,68.96196176923077,-89.95529439010318
39,gshhg_2.3.7_h_e9c82d1ac49e9f44336d,northern_high_latitude,1.9423750233199224,2.6474205370692188,-2.924136788069934,0.3452440370722032,-0.7874810016467103,0.3198575995484034,lat15_lon25,66.65994061538461,70.12357366337953
40,gshhg_2.3.7_h_848f69250de7b6956062,northern_high_latitude,2.0345432365038505,3.197511048144996,-3.635718815458523,0.6348429591590048,-0.4360154255882716,1.099821102772013,lat15_lon04,69.48702553846154,-135.7061765987277
41,gshhg_2.3.7_h_996a2615ba62f8994463,northern_high_latitude,2.167726162962847,1.89833250932114,-4.024590545913699,0.0735269311788171,-0.8269107031414501,0.5226384872849986,lat16_lon29,73.154122,119.71984275471296
42,gshhg_2.3.7_h_339c7122e7f09d766ff6,northern_high_latitude,2.2438681461109113,2.1807856247687027,-3.7589214897474057,0.34806033047297,0.1194330435034703,1.274884613021895,lat15_lon09,68.99901723076923,-85.37808202161503
43,gshhg_2.3.7_h_49322f70ece21dec53ea,northern_high_latitude,2.342539858872168,1.8273751714473527,-1.6959783242528497,0.325341176008568,0.1000333644463045,-0.8638438017928258,lat15_lon06,67.90954469230769,-114.887332423277
44,gshhg_2.3.7_h_582ed55c1368bb13a9fd,northern_high_latitude,2.4255291544956354,6.204908338688256,-4.047885165329164,0.4615263497295439,-0.5260974234234649,1.1240558036860877,lat15_lon08,69.46739730769231,-95.662868673771
45,gshhg_2.3.7_h_b977903102482f610193,northern_high_latitude,2.5628136432006308,3.876280701933098,-3.0674027158141777,0.0724854547152339,-0.7692477841699409,-0.0123494512594888,lat16_lon24,70.46586553846154,66.69063005504823
46,gshhg_2.3.7_h_ebfb53b262425e747be8,northern_high_latitude,2.663029850429671,2.886893887692504,-0.0728710158344049,-1.0992523415411708,-0.8458280420357597,0.0989009033898581,lat15_lon19,66.58115576923076,12.643599120354764
47,gshhg_2.3.7_h_a8dc6aa7781aea831343,northern_high_latitude,2.7579661700237206,3.5044965266578174,-4.00152422980081,0.0765801731696694,-0.2770176679026442,0.8921048647112746,lat15_lon08,69.84951284615384,-91.74861658865828
48,gshhg_2.3.7_h_b592070a359cee3baa48,northern_high_latitude,2.8739029301040686,2.309732133275863,-3.44973533699702,0.5505896791816058,-0.3457993384469011,0.786300569935872,lat15_lon06,67.88098053846153,-113.82184112997965
49,gshhg_2.3.7_h_4d6a9882b2c54f1831d8,northern_high_latitude,3.049025421319863,2.142930212540936,-2.5556442638029164,0.5973100634726822,-0.223823755446868,0.0908106409984977,lat15_lon08,68.48813361538461,-95.63475267941804
50,gshhg_2.3.7_h_be2939bda6f1868f6d67,northern_high_latitude,3.096315366302395,3.1027156258917103,-3.864247892635116,0.2470519904194703,-0.467352824114806,0.9745295289044146,lat15_lon08,69.20128,-90.14985604154926
51,gshhg_2.3.7_h_fa54deb6463ae950bba4,northern_high_latitude,3.202302419981988,2.890717270656565,-3.98137914318038,-0.0287329337301451,-0.5928242299890791,0.6297986263447909,lat16_lon29,74.299391,111.17126030756307
52,gshhg_2.3.7_h_0529c490e73a2a625bb0,northern_high_latitude,3.258756051715589,2.8406435673726564,-3.6160890559217314,0.5938846847168423,-0.4050969249206214,0.9604172257514508,lat15_lon06,67.9665706923077,-113.83777491996165
53,gshhg_2.3.7_h_d60a524ff4b9c5b6b761,northern_high_latitude,3.36596061468587,2.479896189292582,-4.017862240512395,-0.2102976047815458,-0.8701635468400718,0.3573242959641867,lat16_lon27,76.41815799999999,95.04712864643312
54,gshhg_2.3.7_h_897e10291d69a33f7a5f,northern_high_latitude,3.5415690338006742,2.168973139971715,-1.2164844330592537,-0.7663919877726174,0.7558697971361474,-0.7764915076668503,lat16_lon19,70.2443143076923,19.7470750769699
55,gshhg_2.3.7_h_7cc8017ebe0264e2dded,northern_high_latitude,3.648098544559181,2.334859058269153,-1.1348104156979266,-0.8715784686101063,0.7238935212162673,-0.607784106438606,lat16_lon19,70.11083792307693,18.82864596156121
56,gshhg_2.3.7_h_e429ed2b2261c2c51e0a,northern_high_latitude,3.781912001233497,3.4607872367192765,-3.995656893053765,-0.2263456781438432,-0.8795631681902735,0.309419275841736,lat16_lon27,76.55055346153847,94.18461320732148
57,gshhg_2.3.7_h_24f2767214ad07c13bd5,northern_high_latitude,3.8619854656757036,4.168602999896955,-3.778848194012391,0.600824174058563,-0.1338756695161657,1.182370495145659,lat15_lon06,68.2738885,-111.63921876759626
58,gshhg_2.3.7_h_de8910cde6f8d162e7b9,northern_high_latitude,3.9270847237923308,3.86802890433854,-4.035325287624905,-0.2398012521968348,-0.716034863760017,0.397527375650391,lat16_lon27,76.640417,95.6099073992454
59,gshhg_2.3.7_h_16a92849d744dd18a56a,northern_high_latitude,4.041323827601369,3.096267625539629,-4.049668057057706,-0.2717424560332047,-0.6656877584743854,0.409735783921908,lat16_lon27,76.68577346153846,95.98412918784942
60,gshhg_2.3.7_h_8c6fa83b5e6d71b58406,northern_high_latitude,4.150122870535152,1.947896726196816,-0.9048456724063874,-0.7454708821025616,0.181774159401557,-0.4636675269143931,lat15_lon19,68.9455975,15.265918117916703
61,gshhg_2.3.7_h_bc594b162a5c0180e577,northern_high_latitude,4.286678261431282,6.064324503814461,-3.964389641322649,0.7775975678605845,-0.3838465696808486,1.4339224883942303,lat15_lon07,68.7052796923077,-101.95254165568328
62,gshhg_2.3.7_h_f975c8b9e2cb4f5b0578,northern_high_latitude,4.392629909286536,2.990841540281949,-0.1299799987245978,-1.0377690464133549,-0.4493262200672466,0.1067780616615151,lat15_lon19,67.66585261538462,12.65967528563164
63,gshhg_2.3.7_h_6c92f6e2fc53ef1ac3b4,northern_high_latitude,4.531808755555158,2.5193090404338427,-4.06715164657828,0.7726369421682443,-0.4917658545698298,1.5163157958760445,lat15_lon08,69.26645930769232,-99.23936170312274
64,gshhg_2.3.7_h_9ee84a3413c9771c0386,northern_high_latitude,4.7148667572425005,3.167264366692653,-3.55487175904387,-0.1945908964699503,-0.774655539063097,0.1891891649894865,lat16_lon26,75.09591492307692,82.10701279877536
65,gshhg_2.3.7_h_c74f2c69e30b9108bf31,northern_high_latitude,4.900212648782908,2.6625596058036884,-3.4440114418625147,0.6352166667643215,-0.3460417791110602,0.8372310887582232,lat16_lon07,70.40921784615384,-100.14630090755412
66,gshhg_2.3.7_h_4bea5138bea0c53ddb62,northern_high_latitude,5.00584201897074,4.316764606978753,-2.913509210544169,-0.1945262269983268,-0.6725199275692211,-0.304224007764919,lat16_lon23,70.526171,57.010839663610994
67,gshhg_2.3.7_h_a2228f89b7234614b160,northern_high_latitude,5.065612304165854,1.8307801833880848,-4.028970154554337,0.689614373997081,-0.5120080830949854,1.34181426676809,lat15_lon07,69.46830546153846,-101.34528465389025
68,gshhg_2.3.7_h_2a54ff48114e2607b2fc,northern_high_latitude,5.110666082706368,1.965216609952445,-2.862908446871483,-0.1679549940272213,-0.7381696032535341,-0.3446465024339907,lat16_lon23,70.50751946153846,56.63638686526525
69,gshhg_2.3.7_h_f3e5f234d1f392f5dfe7,northern_high_latitude,5.228531504086478,2.980338563562649,-2.8210859038903666,-0.1737928290501804,-0.6431386939728763,-0.333096678027436,lat16_lon23,70.6103993076923,56.11379576580348
70,gshhg_2.3.7_h_e57e92d3746a8620fba3,northern_high_latitude,5.384427788983077,3.074313477815485,-4.076063960455259,0.5551527330122722,-0.5396619740839534,1.164516130190835,lat16_lon07,70.66483353846154,-103.19996729682968
71,gshhg_2.3.7_h_87d8b7e6e4a80e64e02e,northern_high_latitude,5.519709278058198,1.9411311889810088,-2.6866135316778346,-0.3302158112758188,-0.4598297487101416,-0.5403527414504382,lat16_lon23,71.2233173076923,53.39636111054148
72,gshhg_2.3.7_h_8e49d60b09e6dfff84f0,northern_high_latitude,5.577706279585267,4.189929449606624,-4.045437160925695,0.0442772463067367,-0.1553311213864225,1.0565562701707398,lat16_lon08,74.03105353846153,-90.05788615016355
73,gshhg_2.3.7_h_e71a33e07aed3da0ff7a,northern_high_latitude,5.642479752190008,2.7890523606372577,-4.0613923703168,-0.2549443372221929,-0.84683176881373,0.2795891765079479,lat16_lon27,79.09098115384616,92.53179715384616
74,gshhg_2.3.7_h_b5a729f646457138cdbd,northern_high_latitude,5.751503617320788,4.1779049465879865,-3.862004387205719,-0.8802984819746015,2.064079371011874,1.085702640932968,lat16_lon10,72.40051046153846,-79.53956772426542
75,gshhg_2.3.7_h_8ad317836461c820a942,northern_high_latitude,5.847523417716551,3.2326778797498714,-4.137393510062653,0.4312370877247037,-0.5110497851775607,1.0938294245126527,lat16_lon07,72.03336330769231,-108.1161757359249
76,gshhg_2.3.7_h_bfa78a1c53537c7a0e90,northern_high_latitude,5.899921700944222,2.5818082771762283,-3.515285903683567,0.4721737532187743,-0.464095559161699,0.580874754111684,lat16_lon05,73.69701923076924,-124.6267680982475
77,gshhg_2.3.7_h_c575e5b54330f00e0ae6,northern_high_latitude,5.974117349020779,6.225676426252242,-3.880516698494322,-3.299329113824846,7.21829793845355,1.217589481661031,lat16_lon10,70.95394023076922,-71.82341810621134
78,gshhg_2.3.7_h_f376c0e18bb8a3aa49d5,northern_high_latitude,6.034867909266207,5.673936191366106,-4.184477635251254,0.0374339618652152,0.3790574939818785,1.37216501911503,lat16_lon08,75.86093776923076,-94.5639315925356
79,gshhg_2.3.7_h_ad2c3ef94667b8672795,northern_high_latitude,6.082727059588753,4.391093345074061,-3.937737794814932,0.1162480425051121,-0.3357546387024939,0.8107107664839134,lat16_lon33,76.14281015384616,152.74948627474973
80,gshhg_2.3.7_h_ef40583f7f80d60831e4,northern_high_latitude,6.1088731820650715,2.3294281740563965,-3.97709266127239,0.2554574931529897,-0.1216331018472662,1.151315462176563,lat16_lon08,76.06258561538462,-94.7674317175615
81,gshhg_2.3.7_h_b2ea0e49cd0b8b5894d8,northern_high_latitude,6.219634114223485,2.184504107573255,-3.7928529658241055,0.515725619302813,-0.4308932040946382,1.08455315409988,lat16_lon08,76.48776407692307,-97.13213465356272
82,gshhg_2.3.7_h_e1e2fba08071a2e06edf,northern_high_latitude,6.250287464036092,12.217017383514008,-4.255123374942434,-2.177619489256312,5.228825970980722,1.620240684739094,lat17_lon10,80.76144857692307,-77.88193372395396
83,gshhg_2.3.7_h_22c82bee90f0647a4098,northern_high_latitude,6.292317674844818,2.351469902892455,-3.4682858455600853,0.0893658232063809,-0.4798383782034086,0.4264024010798863,lat15_lon11,68.85605469230771,-67.60532359447154
84,gshhg_2.3.7_h_e62fbaf839488f8810d9,northern_high_latitude,6.354744540221297,4.12915094358062,-4.270610461068336,0.3832289863590792,-0.2104877518689743,1.5015559910500915,lat16_lon08,77.21076492307692,-95.38960047388228
85,gshhg_2.3.7_h_70532f22e6140447865f,northern_high_latitude,6.389848351735141,4.766231035995629,-3.4060382024958,-0.6836299291654124,1.1669023199720236,0.4678524662904049,lat15_lon11,68.19531215384615,-66.4082140573356
86,gshhg_2.3.7_h_3089b9ba7710cd56e980,northern_high_latitude,6.438174252738365,3.4486414834411847,-4.212929575658912,0.576749389883933,-0.5119829289146677,1.4057829850533676,lat16_lon05,76.04195323076924,-122.81912003753924
87,gshhg_2.3.7_h_0ed3d7b8a373f2e00da0,northern_high_latitude,6.478404727435706,1.8198902381845623,-3.3513678466122805,-0.5024443514522066,0.8312848613797508,0.4479146481516333,lat15_lon11,68.0009123076923,-65.39808538468431
88,gshhg_2.3.7_h_88ced60c8e49755bf49e,northern_high_latitude,6.538252920196787,10.657691080037202,-4.44762592184155,-0.9753103880054532,2.784383897143993,1.8028081365897688,lat16_lon08,79.6323566923077,-90.89640168863036
89,gshhg_2.3.7_h_4665787777ce15c6a0b4,northern_high_latitude,6.568611753699241,3.801476112655223,-4.39770291257382,0.2362692145053317,-0.5473734329298454,1.2159078668762136,lat16_lon07,78.19887376923077,-101.69100973869814
90,gshhg_2.3.7_h_daf228f01d909c409e5b,northern_high_latitude,6.594349836679815,2.455107542110771,-3.2970842367397784,-1.1003013388116476,1.4559881374979688,0.3340281850868694,lat15_lon11,67.03859426923077,-62.35071958532783
91,gshhg_2.3.7_h_06d237d3e3afdafd3196,northern_high_latitude,6.6834685775260505,1.9680032511556085,-2.4366989716998573,-0.4509710256168883,-0.593019794556401,-0.7333849069499195,lat16_lon19,77.70676707692309,14.701077803669603
92,gshhg_2.3.7_h_fc4e8514923cf2b2c515,northern_high_latitude,6.724444065867566,3.1884396073642627,-1.7202387184413477,-0.3838578340175082,0.0075887837146082,-1.5807272791640112,lat17_lon24,80.16175038461539,60.050830760316565
93,gshhg_2.3.7_h_a5213b880923b8caa74e,northern_high_latitude,6.756234593052358,4.566111990036159,-3.547204177471945,-0.7077873141532154,1.567852726622183,0.4774521230441564,lat16_lon11,76.56466876923076,-69.71635137923758
94,gshhg_2.3.7_h_8e9cbbb4290b8e7cda42,northern_high_latitude,6.7831826674443105,4.4044188028058135,-2.7404546778380032,-0.7765480501248708,0.2177926942408984,-0.8620402683803853,lat17_lon23,80.28001946153847,55.25526198715579
95,gshhg_2.3.7_h_15dbc81bf07b5892697a,northern_high_latitude,6.799366522212026,3.347717863567815,-1.7010623493983208,-0.3377800951274635,-0.0327258495347519,-1.516645091456901,lat17_lon23,80.40474815384616,55.15319949485364
96,gshhg_2.3.7_h_0abb785a0228ecbfe058,northern_high_latitude,6.807229656346119,6.011484956126967,-3.6700525054759736,-1.407573647755846,0.778353709255939,-0.3873480485945512,lat17_lon23,80.95387607692308,57.39152165364969
97,gshhg_2.3.7_h_b056910ddea56595951a,northern_high_latitude,6.818427427100666,2.3489772881411004,-1.7181771186117103,0.9152940581537532,0.1372863312957056,-0.3660238104105865,lat17_lon08,80.175297,-99.24592556092558
98,gshhg_2.3.7_h_ecf1970f84dde4771ca5,northern_high_latitude,6.834312596117481,6.255566059447595,-3.722346999386125,-1.279209881873953,0.6141517901229828,-0.296203193344113,lat17_lon23,81.27112146153846,56.55299637568359
99,gshhg_2.3.7_h_f465f54d4298b700f29f,northern_high_latitude,6.864971152291818,4.8684012536887735,-4.497399330439703,0.0687361696890695,0.5320224347709409,1.753955835123553,lat17_lon08,80.66576492307692,-95.41965278018031
100,gshhg_2.3.7_h_9011b67c3ee161fdc25a,northern_high_latitude,6.889000390164129,2.7649606891557315,-3.162571713896569,0.129490824656873,-0.0363697320480397,0.2719109903309591,lat16_lon12,73.55400607692307,-56.74586955299953
101,gshhg_2.3.7_h_b2ed6ca616a01cf36f60,northern_high_latitude,6.895292571953971,2.618608382828908,-3.1515842646053462,0.1694100544351164,-0.1147150346311575,0.2377647829350533,lat16_lon12,73.5223763076923,-56.52965306165161
102,gshhg_2.3.7_h_58274b93e91f1af2219d,northern_high_latitude,6.900040232580692,2.4679239368981256,-3.744688964332565,-1.3093840059089876,2.6857044502741765,0.5539027168751164,lat16_lon11,77.48413461538462,-66.49077331871071
103,gshhg_2.3.7_h_4e1bf89ccd7d52e537d4,northern_high_latitude,6.90247637557461,1.9950655903808767,-3.065156896325296,0.3075278028903413,-0.5573313610531403,0.0810790756936778,lat16_lon12,73.35314538461539,-56.21459622106484
104,gshhg_2.3.7_h_e6ee0efbba72d5600ce6,northern_high_latitude,6.905753693213177,4.263919412588771,-3.0937607750833265,0.3666302222090175,-0.5674664735735925,0.1416004951696882,lat16_lon12,73.34695546153846,-55.97007399735834
105,gshhg_2.3.7_h_730ca73fc9c28940c9f7,northern_high_latitude,6.908714846947852,2.353983801352612,-3.0248916441497764,0.1912819080874988,-0.0815541931915541,0.1404049634552589,lat16_lon12,74.00315584615385,-56.54210748921263
106,gshhg_2.3.7_h_0cfbc4eb13dec5e2f772,northern_high_latitude,6.913266785557154,2.690109258501267,-3.150105392343786,0.1526737827134505,0.1237444426664816,0.3713046703928905,lat16_lon12,73.94000453846154,-56.3207870377161
107,gshhg_2.3.7_h_881cd29b555c4174c6ba,northern_high_latitude,6.91751718848588,4.763436740816494,-2.8861772183620733,-0.962722958092012,1.5412048005826915,-0.1067745774810134,lat16_lon12,70.42545061538462,-54.87269716140334
108,gshhg_2.3.7_h_0fb83b91303ad2059ec5,northern_high_latitude,6.9241975277136305,4.127152614010357,-3.0460233581381835,0.385295845935304,-0.5794797011463587,0.1089876748609348,lat16_lon12,72.96797861538461,-55.20992648690433
109,gshhg_2.3.7_h_ef6f4a71b2287da170a8,northern_high_latitude,6.932202928914952,1.9631520469789785,-4.460152006916482,0.0159787450595213,1.1875306743600462,2.03280679533162,lat17_lon09,81.07181823076924,-86.82546776882286
110,gshhg_2.3.7_h_1c945997dacd842bfdd8,northern_high_latitude,6.945721138690918,2.07971977335118,-2.607501924771676,-0.0634907568416953,-0.7288976264596075,-0.4216926783751357,lat15_lon12,68.363857,-53.33563365899798
111,gshhg_2.3.7_h_ee85826fa197d318a4fb,northern_high_latitude,6.956452232743086,5.139692477570752,-2.7052052037322367,-0.3614685139663834,0.6211720770530931,-0.120899067048935,lat15_lon12,68.09572561538462,-51.60564742248947
112,gshhg_2.3.7_h_9aae58637cd4c66ed545,northern_high_latitude,6.9774156396113645,2.9546347814240503,-2.632484068515208,-0.7350625676311348,0.143212821491824,-0.814447888645632,lat17_lon20,80.67605107692307,21.21842547701684
113,gshhg_2.3.7_h_a0ab7d3d2fee14afd2f7,northern_high_latitude,7.005616062608867,2.324293619395804,-4.556598514996109,0.5926006339507571,-0.3246141246381618,1.9850222784857192,lat17_lon09,81.87363046153847,-89.30479119835617
114,gshhg_2.3.7_h_554f7d7a33543186b989,northern_high_latitude,7.03664694795991,2.063377693167376,-2.535492562412274,0.0687098709239417,-0.632383627667708,-0.4302813941259898,lat15_lon12,68.88533946153846,-51.2649518509654
115,gshhg_2.3.7_h_9c7ff6d1ca7e0c833b26,northern_high_latitude,7.19030344248185,7.132505902619065,-3.2339649834848707,-0.1534260172443315,-0.8150445097967035,-0.2790280133495578,lat16_lon16,75.16377346153847,-18.317146145378903
116,gshhg_2.3.7_h_8607a72429decfd88cf5,northern_high_latitude,7.255879060896189,3.4031747457244794,-3.354982238176289,-2.3523304457119307,3.398755828817183,-0.1546641749865752,lat16_lon15,75.975417,-20.151459358794664
117,gshhg_2.3.7_h_d31066f28c2260ca896f,northern_high_latitude,7.268573358281376,3.9770887905600767,-3.430976457472781,-1.1170304853977215,0.8339405147679217,-0.2348492632747292,lat16_lon15,76.31926953846154,-20.76993728387413
118,gshhg_2.3.7_h_7211a8c10cc04599abcc,northern_high_latitude,7.278152205348625,2.740157662603828,-3.635265684694239,-0.2992873781790879,-0.8909186157252537,-0.2335449427387801,lat16_lon16,78.05656,-18.965103788168808
119,gshhg_2.3.7_h_0e04a55c447155706c5a,northern_high_latitude,7.28383932453134,5.10121973235804,-3.665315081776018,-0.5236057568547879,-0.5583786406228569,-0.2546318649309265,lat16_lon16,79.11655807692307,-17.855583201492664
120,gshhg_2.3.7_h_f3837ddffc431a07f2ef,northern_high_latitude,7.28802007642317,2.173868901551481,-3.6708076120348174,-0.3270969071294654,-0.8788217494131899,-0.2326347405210491,lat16_lon16,78.50367315384615,-19.006449530387137
121,gshhg_2.3.7_h_7d84c8b00aa9d51dd56a,northern_high_latitude,7.294351592620259,2.4510840163661496,-3.624179601405269,-1.5321189963621578,1.6200502152104752,-0.1397501853470912,lat16_lon15,77.66701907692308,-20.61485884141174
122,gshhg_2.3.7_h_f725ba0c69c1852cf69e,northern_high_latitude,7.3090729270320685,3.5669102185687587,-3.767365395512986,-1.1812637755391382,0.7694574278179095,-0.1344821561898172,lat16_lon16,79.186222,-19.44317810606452
123,gshhg_2.3.7_h_a84d066f88a0e93135bd,northern_high_latitude,7.342958763723963,4.845144919373802,-2.345354900579878,0.3604765088914666,-0.2720180291980046,-0.5508616981138083,lat17_lon13,82.82603638461538,-48.73145753933881
124,gshhg_2.3.7_h_95904cf24a728498eeee,northern_high_latitude,7.36484596308433,2.356735487178115,-2.685789707848156,-0.2589427779267109,-0.7834704551153153,-0.4157851617450659,lat16_lon15,71.10096576923077,-25.538367860063403
125,gshhg_2.3.7_h_52db2dd2791886aa7927,northern_high_latitude,7.404796576011014,5.113756751291973,-4.060369520699061,-0.2412558820504887,-0.3437682959091752,0.4326104543366547,lat17_lon13,83.07611576923077,-41.70977941264018
126,gshhg_2.3.7_h_1cf9ce8d3190c4f84a45,northern_high_latitude,7.420235845031557,1.8858896605400013,-4.089254017483113,-2.071178278902012,2.631544721462188,0.2514277452778568,lat17_lon15,81.75869430769231,-25.14351063468373
127,gshhg_2.3.7_h_e2b28afb878c2afaf3d9,northern_high_latitude,7.478162286367679,4.036527586080692,-2.20306325448854,-2.8308612713590016,4.022342591895735,-0.1230101126971618,lat15_lon14,68.20836784615385,-31.85779724747968
0,gshhg_2.3.7_h_ca38a15e21b5b4b50749,tropical,0.011316471789808614,2.6727644880749373,1.3565286131449843,0.5057755187860838,0.2396262293230599,-0.858623735803147,lat07_lon14,-12.637399653846153,-38.69893418991727
1,gshhg_2.3.7_h_05c294065501b7c412bc,tropical,0.03370943650598463,2.9357355761404125,2.8496255059403603,-0.0502006961435585,-0.7209071398342491,0.504631658869086,lat09_lon09,8.275737076923077,-82.36225081443557
2,gshhg_2.3.7_h_ff0a2a6857bee713b25d,tropical,0.05936266331563166,2.1427940382972697,1.951466278932116,1.5689623993918345,0.0843313198370879,0.4959024352078051,lat08_lon13,-1.4942264615384615,-44.96969956250595
3,gshhg_2.3.7_h_0c0caed7ae3a8cd727d2,tropical,0.08639445821924527,3.965758765581291,1.650207770679892,1.2824771848795156,-0.2815216736573325,1.0198283852173615,lat11_lon28,20.882608,106.83038373440928
4,gshhg_2.3.7_h_8e97f1815a92e1f96121,tropical,0.11236289185221808,3.016092196689359,3.930842001872687,0.4253926220698359,-0.2663743318749506,3.1726731397112578,lat10_lon16,10.169168769230769,-14.10731269233272
5,gshhg_2.3.7_h_e3652b8e58f26ff8ce9f,tropical,0.12345316961790201,3.6122345717611353,2.5719144493411026,-0.1151538044892966,-0.7916795606779614,-0.1947427267946666,lat09_lon10,1.3985792307692309,-78.85811888702672
6,gshhg_2.3.7_h_ee6444fe0260a710c7f5,tropical,0.1453618322566082,3.542547301761404,1.7230727236538552,2.499909580433505,1.0201551407208742,1.290946320453495,lat07_lon30,-15.265354846153846,124.81701846749158
7,gshhg_2.3.7_h_73630f68ff76b99a7fd7,tropical,0.16989372811756298,1.910965953774535,3.1434985135461453,0.1309570170403458,-0.5674238863814648,0.9659045996643488,lat09_lon27,8.912247769230769,98.30243859976004
8,gshhg_2.3.7_h_db3a5b1c40d9a0946f0f,tropical,0.19553927637421714,2.183741339258827,2.397765768363848,0.3597555724783965,-0.501838097265325,0.1536362495965401,lat08_lon12,-1.892228769230769,-50.209178144225405
9,gshhg_2.3.7_h_a70f6a339b0112edbdf5,tropical,0.23125474604206228,2.366952316843427,3.107398156164923,0.2653994806337247,-0.6286000446562235,0.9485675865145812,lat09_lon27,9.150688,98.32592487499988
10,gshhg_2.3.7_h_7cd4e98591913339ea6e,tropical,0.28242887474459183,2.1706898384962283,1.6813181335512737,2.2287232605174,0.424960366538475,0.7110486861771791,lat07_lon31,-12.120252153846154,136.0339564939877
11,gshhg_2.3.7_h_8e871cb2e188b63c9aab,tropical,0.3200151728498212,3.500743100905173,1.6556947686297134,1.9891947703637392,0.153997245655265,-0.1680581590286207,lat10_lon28,10.124609153846157,106.22268024808014
12,gshhg_2.3.7_h_3760859f3d2c87bdd744,tropical,0.38283212487854396,2.038658193085148,1.4758994353440302,2.2191631194052484,1.873757307687748,1.0623715337430069,lat07_lon30,-16.345577076923078,124.6003173075947
13,gshhg_2.3.7_h_7490073ee3337e1efb1d,tropical,0.4325090361780954,2.505892960192176,1.367017825670748,2.6024049866968992,1.030373472512643,0.7182912208564148,lat07_lon30,-14.801739153846151,129.70476665144278
14,gshhg_2.3.7_h_0c47869a6a3a1e85028b,tropical,0.4781655253782817,3.766109313739416,3.042027612174612,1.0331602405654357,-0.245569502588454,2.526657607456446,lat10_lon27,19.865806,93.5970229097203
15,gshhg_2.3.7_h_fd5d75c38c821cbd0278,tropical,0.5355160453921818,1.8618325624512384,1.7063299835708914,2.0535701027603195,0.1759679568300361,-0.0473625575401511,lat09_lon28,9.67049976923077,106.12871750480814
16,gshhg_2.3.7_h_fef94662c13d9c06a7b3,tropical,0.5957828954018609,4.627566176101607,1.646462226681199,2.915951128354754,0.7437902895027481,1.1380573336536488,lat10_lon16,11.564775615384615,-15.539494179887704
17,gshhg_2.3.7_h_18e4d8266d7631e8709d,tropical,0.6648665857156302,2.1385644908875454,1.872990588064196,0.5721401606199458,-0.3784149097749149,-0.8092601212122106,lat09_lon11,8.863362846153846,-60.80678906250611
18,gshhg_2.3.7_h_6bf3a5aa34dcca8f11a8,tropical,0.7301146986588182,4.086220822433154,2.4921415956974515,-0.2950735863129454,-0.7298765578626826,-0.3595623435864307,lat09_lon09,9.178422692307691,-82.12320933419812
19,gshhg_2.3.7_h_03fee71a3544e053dcdc,tropical,0.8213690992660724,1.961705742883087,1.464898918620177,1.254590674226404,-0.135579437696786,-0.6328779581474611,lat10_lon09,18.602589769230768,-88.21039254848284
20,gshhg_2.3.7_h_2fad5c6e28613cebeeca,tropical,0.8894234845796288,2.374964632088579,1.3071809186346592,2.88276561564256,1.0831368959127583,0.9298266986929644,lat07_lon30,-15.067829384615385,124.96720300120542
21,gshhg_2.3.7_h_f3f8420813f580d359e6,tropical,0.970179251609097,2.419950670126208,0.8103635403378471,3.77324202797288,1.0873270972663782,1.3329536256004464,lat11_lon24,22.459382384615385,69.11170186258592
22,gshhg_2.3.7_h_043af4a7e57e892e7dc9,tropical,1.1004051346458217,4.755316374418764,0.7367464343973952,2.8357106356189616,0.5010045755919872,-0.925379634369574,lat10_lon22,15.354104307692308,42.58901774994707
23,gshhg_2.3.7_h_6435c9d2da7c8d8a9005,tropical,1.1809601449431961,4.9483909119572935,2.305842296383702,1.144925632227341,-0.3075363205776544,1.6129050346362903,lat11_lon27,22.639579,91.13142563689787
24,gshhg_2.3.7_h_995f841ac0e7ff561ba1,tropical,1.2714185119835686,1.980803349608551,1.8230033432561488,1.4815068140933512,0.0777576730327349,-0.1822034056463453,lat10_lon28,12.56223676923077,101.45648949111448
25,gshhg_2.3.7_h_25b5afed00ef9d540f03,tropical,1.3926851556933466,4.212429458882981,2.364593558489851,0.3472408793771614,-0.5329755050986085,0.0781309030196602,lat08_lon12,-1.863928769230769,-50.498966010795286
26,gshhg_2.3.7_h_a19260beff79c9e05cec,tropical,1.4908536680765894,3.903377669346277,0.5637071641271492,2.045715511128483,0.5415913625151849,-1.022602658868628,lat10_lon22,15.015417,40.30852346874494
27,gshhg_2.3.7_h_f040b62e6d1b6b150405,tropical,1.5987709016352483,1.8807789324454312,4.031177210414654,-0.1861768354609073,-0.5933656084655621,3.471560009516507,lat09_lon16,9.483436076923075,-13.756726051274148
28,gshhg_2.3.7_h_3dc4f2e534ec0e9efbfd,tropical,1.7127567920912579,5.382755073435288,2.416636881381645,0.472472334953962,1.291080805809412,0.8093512045955893,lat10_lon28,12.044363384615384,102.34118504549082
29,gshhg_2.3.7_h_5b40fe24bd5788c4c496,tropical,1.828182130786358,1.834867197074664,0.5747440130928153,2.214193652612893,0.2947264952630073,-0.9861915543755302,lat10_lon22,15.0716665,40.49224128846727
30,gshhg_2.3.7_h_ac72800831dcd8f2de3b,tropical,1.933385440349322,3.7914651338471614,1.3711068193857332,2.141227559714858,0.1889893653304318,0.729826308978066,lat11_lon26,21.602645692307693,88.55265829808522
31,gshhg_2.3.7_h_f10ee580ab0445b053dc,tropical,2.0581257135406856,2.0772631761008618,2.2148905548699536,0.0630410962016083,-0.7344801811074032,-0.8280984876997568,lat09_lon28,3.008109307692308,101.25158725000168
32,gshhg_2.3.7_h_d89cb8defd960e01b9b8,tropical,2.1593603534673442,1.9986754279421808,1.551786842722623,1.0159658659376023,-0.3296559361060186,0.4488230854823029,lat11_lon29,20.359427384615387,110.57674929534376
33,gshhg_2.3.7_h_fff41d6559e25d36197a,tropical,2.2987613808835277,4.241519003513852,2.860902804733923,0.8676115943171863,-0.101833496366235,1.2263886968079083,lat10_lon27,11.001886846153846,98.51918728621432
34,gshhg_2.3.7_h_58cfc051b66830fc0a57,tropical,2.379357908699896,4.533482393092863,2.316176283433124,0.6051643002983718,0.0931440060837034,0.0085542947402908,lat09_lon27,8.026724461538462,98.58196955382364
35,gshhg_2.3.7_h_56b5a6325b4825c9fd13,tropical,2.498235948809572,2.9272895354082715,1.533317653958969,0.8837959617364628,0.2722681452412491,0.4604510752891235,lat06_lon32,-20.486931615384613,149.07588923663636
36,gshhg_2.3.7_h_e3901e560577b783da0e,tropical,2.586165969262864,6.348621758553015,2.455675168147685,0.8364523833667158,0.2511065995662017,0.5807055324980019,lat10_lon28,10.279472230769231,103.99542647291456
37,gshhg_2.3.7_h_85f1a3ca5353fcd3d10d,tropical,2.6862647083468554,5.051596298409868,2.293050526558229,-0.3956224637654212,1.2964716742774076,-0.0323063559908766,lat09_lon27,6.611656307692308,99.65701143763134
38,gshhg_2.3.7_h_1ffc74626b1890fb4850,tropical,2.798506367433893,6.492918293064999,0.4669760475474047,2.2481341134386423,0.3682019504273401,-0.8225154970709871,lat10_lon22,15.686873923076924,40.13107303637776
39,gshhg_2.3.7_h_800cfee86de2ef06570b,tropical,2.8755146043787403,3.778633147784656,1.731022434217102,2.403662103370062,0.4126220806121231,0.6633226441631843,lat07_lon31,-11.504995461538462,133.43970023100536
40,gshhg_2.3.7_h_ae74db353b7dd205dab4,tropical,2.9739650077590203,3.073532327557553,1.9227922781519544,0.7052578215745678,0.2971145731010528,1.5367766566651662,lat11_lon28,20.88313030769231,107.51689600759248
41,gshhg_2.3.7_h_2730a816fc5b52848f54,tropical,3.07074310685909,2.1311509199618888,1.7299555727854918,2.758320895844063,0.635669112831495,1.2710632743428507,lat07_lon30,-15.337480538461538,124.32603344083252
42,gshhg_2.3.7_h_a165b82b415ed7219126,tropical,3.1847408828661834,5.233222857579742,3.3130951631649648,-0.4395071958663811,0.8730293177884877,1.6422855783658636,lat09_lon27,9.958267,98.1975566888763
43,gshhg_2.3.7_h_ed238c212f37625f31af,tropical,3.2796168199636986,4.938847205455603,1.411220156195084,2.8362847754016207,0.502977880431035,1.3069776506091562,lat07_lon31,-17.067917,139.49079212846345
44,gshhg_2.3.7_h_28b26b707eca0133a94a,tropical,3.39897991233811,4.747787658756061,2.56700946287118,0.7163485003371639,0.7452278639850174,1.0125057569867433,lat10_lon28,11.652314384615384,102.57256044348016
45,gshhg_2.3.7_h_49d542d5f0b6f45782ae,tropical,3.537250734815122,3.421204734987348,2.2843777470943185,0.4428946912124873,-0.4550406003253256,-0.0909061720075729,lat08_lon12,-0.5837758461538461,-51.13119695312946
46,gshhg_2.3.7_h_9cd0e7ba3ba45ef4c501,tropical,3.631821058966901,1.8773418471262784,2.3671157770727547,0.6834293099026033,-0.0749503787547278,-0.0081794134118033,lat09_lon27,7.785515230769231,98.37564123557716
47,gshhg_2.3.7_h_e1fe13e53e3de17b4155,tropical,3.726568656782841,3.0330058692479094,5.545829548814704,-2.5435743548436647,-1.1359238563235492,4.257928225251841,lat10_lon27,12.341570692307693,98.12197019711392
48,gshhg_2.3.7_h_33d41dc7ce5eb8ef9720,tropical,3.8049500155811473,5.772066532152935,2.274901569234958,-0.3113978479565057,-0.8107713969929135,-0.9595315827034842,lat09_lon28,0.7557368461538462,103.42336323026834
49,gshhg_2.3.7_h_a50ce4c0d9bac7d06373,tropical,3.909172143986439,1.8866931472641453,1.880606167181637,2.0299182067994943,0.5153944633140792,0.7950836604214803,lat07_lon32,-10.3720835,142.1334699399032
50,gshhg_2.3.7_h_70680d4442ffb852bd69,tropical,3.999411178718036,5.491297520026557,0.6313887371409191,2.508882485394388,0.538770237603961,-0.2981114437658928,lat06_lon29,-20.78847223076924,115.39164384430453
51,gshhg_2.3.7_h_9a83d6e157a712a085f1,tropical,4.096538313962826,2.7982554815368306,3.345846858991685,0.4084667598429173,0.1403158408100839,1.85538059866448,lat10_lon27,11.40482923076923,98.1316678702257
52,gshhg_2.3.7_h_220a72b7f3aaacd5af7f,tropical,4.196065676764348,1.9565574984492569,1.5101018541890825,2.677390941539455,0.5148323053662509,0.4693534833701087,lat09_lon25,9.665147153846153,79.77650299519246
53,gshhg_2.3.7_h_6a638bb40205538a61c9,tropical,4.286363646548187,1.8523826471229805,1.5101018541890825,2.677390941539455,0.5148323053662509,0.4693534833701087,lat09_lon25,9.6020835,79.77034187500036
54,gshhg_2.3.7_h_f32f11e6a6051144805e,tropical,4.4415167137206675,2.739149219444081,2.4100716171148,-0.3083865935449791,-0.8519465187399208,-0.785410003436408,lat09_lon28,0.7382606923076923,104.73853783412844
55,gshhg_2.3.7_h_f16411cf0e4ea467ffcc,tropical,4.612646058091539,3.1296432425591902,0.4895149933941222,2.183530036730577,0.2455654337481135,-1.0084500944175376,lat10_lon22,16.519658,40.15441418987931
56,gshhg_2.3.7_h_215e8e7a2c9022de3e99,tropical,4.88682214870701,2.5115771454121902,2.264006506619911,0.5305618670820712,0.3041204865650656,0.0171847766254471,lat09_lon28,9.29873923076923,103.47082564181316
57,gshhg_2.3.7_h_23775d875fb4907ae9dc,tropical,5.116204122607069,6.049491019993406,2.3975545293549363,-0.3758835905237059,-0.9534134133221231,-0.9015471037240612,lat08_lon28,-0.3128676153846154,103.59854476417148
58,gshhg_2.3.7_h_a05ddbdf17a89c1ae8bd,tropical,5.300215733142661,2.574742501352312,1.42116623297578,1.3859734906800727,-0.1838773115955447,-0.408556437131136,lat11_lon09,23.14650630769231,-80.42079767579851
59,gshhg_2.3.7_h_1762a877ab0d860b7919,tropical,5.449547500797774,3.226592339253043,1.2875701370911434,1.4265925385965814,-0.1389675173909144,-0.5558375527423757,lat11_lon10,22.948476692307693,-79.84362638102067
60,gshhg_2.3.7_h_0386636f7292966dd959,tropical,5.582964282382926,4.893829957843144,2.2955945503823094,-0.2787464231911736,0.6144383651416411,-0.3944726518196891,lat09_lon28,3.157154076923077,106.2577629872844
61,gshhg_2.3.7_h_c8c1fee57fb0e5d2c70f,tropical,5.657367024273413,1.9379541818194688,1.7724992588623063,2.777051297006336,0.6165679544137131,1.3425681703650798,lat07_lon22,-17.059724153846155,42.72122412739716
62,gshhg_2.3.7_h_00c2fa8b68ffe1f0c680,tropical,5.842404697364812,6.428242871702313,2.0947809974601634,-0.3352027692361982,0.8241507390625568,-0.5230445668566667,lat10_lon11,13.890352615384616,-60.967045588770624
63,gshhg_2.3.7_h_85d05a955912ec569d53,tropical,5.9108240056970365,3.767798045166965,1.3018725487189564,1.814641606820904,0.0689549001030193,-0.3347704200427139,lat11_lon09,21.62461976923077,-81.48092494136098
64,gshhg_2.3.7_h_885b08c880da67fc5482,tropical,5.9984349555766,1.8259221721915424,1.233321926154957,1.6499416827879407,-0.0046348636622824,-0.4958092957841482,lat11_lon10,22.13970207692308,-78.02075046157233
65,gshhg_2.3.7_h_e3a114090d235519e13e,tropical,6.04513451681879,5.384471918923321,3.365435930504083,-1.4973238312359771,-1.0930720620993355,0.1249306674204476,lat09_lon27,2.1665963846153846,97.26442458095993
66,gshhg_2.3.7_h_c2526ef363e033edd3cd,tropical,6.093892975183579,3.454851916209517,1.45192267653033,1.8181333466264749,0.0116955030283658,-0.1674397598354849,lat11_lon10,21.09377546153846,-79.32850779724774
67,gshhg_2.3.7_h_56ff321d319f1ee3d686,tropical,6.1446860256804525,2.711552230719009,1.547836876116863,2.5278478374720503,1.033346932062478,0.5906576280189634,lat07_lon30,-10.977160384615384,122.86372998558817
68,gshhg_2.3.7_h_3457475480dc39ff30e9,tropical,6.196430638952039,3.7963645349102473,3.142484623371058,-1.2563843832028008,-0.9692445138280116,-0.0511752846389418,lat09_lon27,2.099662153846154,96.64627364899808
69,gshhg_2.3.7_h_5862f07d61808b5a456c,tropical,6.233826161877359,2.934781181653781,2.582390003643064,0.0080587791289207,-0.5339090925416408,-0.1516495047489891,lat09_lon27,8.084167,93.59377520312538
70,gshhg_2.3.7_h_2b74e9ab7c9a76872c2e,tropical,6.284073997485707,3.7153919926254217,2.361096193270497,0.3367592336065829,-0.5052419027934864,-0.3731312674999186,lat08_lon31,-6.740261,134.496616033648
71,gshhg_2.3.7_h_41f298d6042281545a7b,tropical,6.33525973704357,4.005561618720908,2.7795080810216013,-0.6138344929859904,-1.0920046439312023,-0.3902599521257588,lat08_lon28,-0.1333418461538461,109.158107176687
72,gshhg_2.3.7_h_2540c1219b30ad723eb0,tropical,6.357074487834083,6.042227602778605,2.456516704984301,0.4002446252316233,-0.2799368165696518,-0.0756821817360018,lat08_lon31,-5.788968153846153,132.7192967719443
73,gshhg_2.3.7_h_a71af2c3e3fbae18945a,tropical,6.389816022730856,2.8432032613960123,2.579104794533699,0.36482946590096,-0.3314939989512424,0.070427226651766,lat08_lon31,-5.746249846153846,132.1799802043301
74,gshhg_2.3.7_h_a37a3412064feca8a35f,tropical,6.43534929575834,3.1424180765335445,1.3210385712862656,0.689286407528898,0.4517250539886564,-1.3602999759253418,lat10_lon11,16.32533123076923,-61.04482377967867
75,gshhg_2.3.7_h_ab21117e7fc8105a92ee,tropical,6.48338251341055,3.0982657655077306,2.496513235464278,-0.1989983441716044,-0.5715703245615568,-0.485025759882816,lat08_lon31,-5.5129283846153845,134.24635002884045
76,gshhg_2.3.7_h_92e7b0432706508e2c71,tropical,6.544068189069521,9.285089513790997,1.5984195725303436,0.3683827698713888,2.8836275321456104,0.0090764793256401,lat08_lon29,-9.756149307692308,119.96566846341398
77,gshhg_2.3.7_h_160bb4c251f42f77cc8d,tropical,6.602227289707591,2.438167786736837,3.379703454551487,-1.5941356298148806,-1.4390812689006085,0.029374090252408,lat08_lon31,-5.342833153846153,137.73917908647329
78,gshhg_2.3.7_h_e800d30fd0e3168e528e,tropical,6.646699446786216,6.0342472996383325,3.0289231772793945,-1.1796143330197992,1.049945435623614,0.5884903277408626,lat08_lon32,-5.334147538461538,147.1050123633818
79,gshhg_2.3.7_h_9b19b37282f97a64fc1f,tropical,6.688088704131107,6.776585600340642,2.9591938630887977,-1.7762626372018784,1.656547655848291,0.2920255672833896,lat08_lon32,-5.631852769230769,147.91872037792325
80,gshhg_2.3.7_h_b1c48b0466b96363f9fa,tropical,6.711139690464531,4.036677622200419,2.0675955598747016,-0.5577240625757878,0.0011046019212699,-1.3510951197386736,lat08_lon32,-3.348942307692308,143.55887425470053
81,gshhg_2.3.7_h_8c5765f7430a71974f21,tropical,6.742199259088802,3.960962922138252,2.606841848741025,-0.9081794008029682,-0.2933987505456842,-0.7157014359279692,lat08_lon31,-3.4579165,132.6752440053174
82,gshhg_2.3.7_h_d2b2369c7aa0e190b958,tropical,6.790799383734666,3.744991535342912,1.3478407934560248,1.0579531801442286,-0.3267754675325238,-1.4847936213727988,lat10_lon11,18.73157923076923,-64.34101083259155
83,gshhg_2.3.7_h_99a7d8260d092ec0fd7d,tropical,6.830726203297248,3.481581629637294,2.123159329327661,0.2719775220067112,-0.3350721408813427,-0.6535306558573256,lat07_lon33,-11.180893076923075,153.01145409863952
84,gshhg_2.3.7_h_cbbac1105c7f181aa399,tropical,6.849912042957401,9.351584789559526,1.7302553084877037,0.8112282033842301,0.9612485841816376,-0.5619278983025207,lat09_lon29,9.760609153846154,118.58544247496768
85,gshhg_2.3.7_h_f4abf915c61d38ee02df,tropical,6.877280930440366,2.715489920034143,3.3250322667315446,-1.2089632489624769,-1.1763064612872345,-0.0377910162841265,lat09_lon29,5.005997961538462,115.10179566105371
86,gshhg_2.3.7_h_566c796e76753308756e,tropical,6.9017744563515215,2.783617711825652,3.595905814454348,-1.6741206337813928,-1.5532578908747547,0.1211588498898717,lat08_lon32,-1.7404933846153847,142.8506578461095
87,gshhg_2.3.7_h_5267f8bdc04afbcab41d,tropical,6.921314755874948,2.286755097552459,1.7574566313873512,1.2265310044327624,0.07622372235659,-0.5947986709932241,lat08_lon30,-6.617290692307693,120.42920821033712
88,gshhg_2.3.7_h_c4d75e348e75ffff3466,tropical,6.945389050885539,7.558711391251271,3.37602018623802,-2.0262880299893875,-0.6666441279820974,-0.3008419433296093,lat08_lon32,-2.0693073846153847,146.93661307692318
89,gshhg_2.3.7_h_4c1914d3691633ffd589,tropical,6.9779333784880055,2.415643964020942,1.8194447384867565,2.146334152894913,0.4319241731486586,0.3896778546455404,lat10_lon30,13.88577346153846,120.03718739063228
90,gshhg_2.3.7_h_46db16b7e630dd4777e9,tropical,6.998457622539209,2.1379783908448866,1.467297156478062,2.281288697412736,0.4054711120547211,0.0627743897982509,lat08_lon29,-8.41518776923077,116.99332270311037
91,gshhg_2.3.7_h_6264bd71ed42f3b1289b,tropical,7.014030399911155,2.968132297610588,2.1899459520251803,-0.1440790705300587,0.866689622111698,-0.1100762184738919,lat10_lon30,14.28714723076923,121.82344135334957
92,gshhg_2.3.7_h_b0394760931c78479897,tropical,7.030705456719881,5.997536831519626,3.193275304598972,-0.1378279703298698,-0.0895477589086641,1.58813892507427,lat10_lon29,11.83145076923077,119.9694185866251
93,gshhg_2.3.7_h_1a5d6d08884dde6ccc06,tropical,7.053427619769047,1.88805484329591,2.979753382432376,-1.0831841608705213,-0.3511390205632598,-0.1420116013623356,lat08_lon31,-0.7915833076923078,130.73275597595983
94,gshhg_2.3.7_h_8f2d0ccebfb454a2a132,tropical,7.0750358254084285,2.9543942239068244,2.6809222006987663,-0.8646442017925461,-1.124931724668257,-0.9317221670065068,lat08_lon31,-1.2179508461538462,136.59151615385989
95,gshhg_2.3.7_h_6025eaa2ccb78d8163e0,tropical,7.094932075183918,7.111213397029829,2.06759907013335,-0.3169194514563354,0.666504575667376,-0.9293745940896097,lat08_lon30,-1.858170923076923,125.7717527670342
96,gshhg_2.3.7_h_a5819880e1df71712b91,tropical,7.122720364401493,3.1381750021568657,2.079868497931496,0.4319591930569181,0.6206307555751518,-0.2622306467858317,lat10_lon30,12.92831273076923,121.70781907333132
97,gshhg_2.3.7_h_fc9c31dea91977a30726,tropical,7.137772318822115,5.437258287497202,1.896426111096721,-0.168694628945021,0.2701386287000067,-1.292121796806656,lat08_lon30,-0.7360381538461539,127.23575353836162
98,gshhg_2.3.7_h_389b82f988addacb12cb,tropical,7.14638677812612,2.054868107338771,1.9781688571413376,-0.49430669564401,0.0620253135275798,-1.392951601045044,lat09_lon29,4.698955230769231,118.40983032933502
99,gshhg_2.3.7_h_b7f72167316ff2ac942f,tropical,7.160855610464277,5.522993870246904,3.0550664649429664,-1.2020676386634257,-1.107940888842286,-0.553442466488878,lat09_lon29,3.365517,117.59985481317716
100,gshhg_2.3.7_h_51db8b95f4aa05c8aa92,tropical,7.1750309141851885,2.3651652067643867,1.3353792990322688,2.5237511060006623,0.5561275637661675,0.0972806992478939,lat08_lon29,-7.0483780000000005,115.61463443752226
101,gshhg_2.3.7_h_a2ee7c186243d8e81c58,tropical,7.197319333028351,3.263909029368266,2.3077088451097394,-0.0167839862819106,-0.3080024562995941,-0.6011543016739498,lat08_lon30,-2.0508930000000003,123.86967622354705
102,gshhg_2.3.7_h_e508453d876074595cf1,tropical,7.2133072669361,2.4629291966736533,2.0761592279915124,1.051067136463998,-0.1451828799025978,0.0158343867520676,lat08_lon29,-5.446598,114.43218975961574
103,gshhg_2.3.7_h_1de3f4aa06a63725036e,tropical,7.232584416482918,5.327445147274512,3.09260882958702,-2.05289947158232,0.0556491070505946,-0.477699160418582,lat08_lon33,-3.124822615384616,152.59809877687468
104,gshhg_2.3.7_h_43e1241f634f36d490b7,tropical,7.250994644058744,1.9924534464607857,2.3201099828600773,-0.08986449796179,-0.6174888418757879,-0.8720535183091751,lat08_lon29,-3.3831515384615387,116.03914078125156
105,gshhg_2.3.7_h_550cbe13a19235c28291,tropical,7.258477699517419,2.723504638637782,1.8703164382240471,0.2275415597153668,-0.569907628585292,-1.4501134630265748,lat09_lon30,5.103946884615384,120.29583518872288
106,gshhg_2.3.7_h_51539d2e964e2bbc8813,tropical,7.269626056388223,5.074895044642159,3.1611046282093507,-2.3802529649321147,0.8355757561967023,-0.1335095145236964,lat08_lon33,-8.06535453846154,156.56798074277904
107,gshhg_2.3.7_h_5f376e9398b3890e1f2a,tropical,7.283176167284105,3.509454227240298,3.192035761760778,-0.8624330290409675,-0.9764097514702302,0.6319284707497501,lat10_lon30,12.582258384615384,125.02182861523151
108,gshhg_2.3.7_h_18f23400d71468d22864,tropical,7.298103007637721,2.02703720984886,2.245430974043317,0.2140356028818041,-0.1593756646257058,-0.5619710686609743,lat10_lon30,11.239198692307692,123.13289576190482
109,gshhg_2.3.7_h_75c0aeff07a14bb91400,tropical,7.3139526980252105,1.9638200739780192,3.1504589917138177,-1.8100731247133053,0.0546333356045107,-0.1635042894245866,lat08_lon33,-8.306250153846154,157.38546397848694
110,gshhg_2.3.7_h_21abf725efc7659008f4,tropical,7.328263812727226,8.403152270967043,1.8061284541429767,-0.2355806839357584,1.475665963130515,-0.9654611267292046,lat10_lon30,10.422812307692308,123.72738780836184
111,gshhg_2.3.7_h_3c0cd3c3c0808cc4eda1,tropical,7.356187849375988,2.201551424740278,2.968890702500248,-1.576882679430224,0.0757231320476005,-0.2633161681679978,lat08_lon33,-8.768970307692308,158.2916986081739
112,gshhg_2.3.7_h_b48623e9b406fe58d01a,tropical,7.39198964038864,2.191807040195102,2.5889917376243883,-0.8814083084635199,-0.1793036351182373,-0.3463607304493233,lat09_lon30,1.6196921538461535,124.7617878361137
113,gshhg_2.3.7_h_8aa7a4742cc3320263ae,tropical,7.415403865581953,4.06985521441109,2.7221821036577976,-1.7027715317665086,0.803629089118082,-0.3059571053916243,lat09_lon30,2.354070538461538,125.4155445097065
114,gshhg_2.3.7_h_021b9fb5024ea1e13d80,tropical,7.448314579116883,2.347714117277628,2.07700780865213,0.1440975740311573,-0.4411823375154459,-1.0978716279691894,lat09_lon30,1.057857076923077,120.6466146573195
115,gshhg_2.3.7_h_0e07daec911cd43d3317,tropical,7.4764465924640415,2.596778688638284,3.8604699782843737,-1.3056604322679224,-1.26711050391047,1.428038825992351,lat09_lon30,9.871698384615383,125.94522035577828
116,gshhg_2.3.7_h_51d2d3dbb746016720d3,tropical,7.511203507521228,4.1232577609100725,2.6960125417595027,-0.6715298430944578,-0.6654556427080908,-0.1557517711166594,lat07_lon34,-15.589243692307692,167.167120171884
117,gshhg_2.3.7_h_5056b9650221dc056b74,tropical,7.565814808666428,5.724434496127215,2.873046059690321,-1.4104352687749704,0.0056795705881146,-0.0186066066356152,lat07_lon34,-15.182901923076924,168.1624289591842
118,gshhg_2.3.7_h_eda0d4bfed769bb93792,tropical,7.641495242806109,5.256053827182532,4.09344106769695,-2.7916983984929327,-0.8185698679286514,0.5037383453358043,lat07_lon34,-11.654625,166.870762046939
119,gshhg_2.3.7_h_14400b71225ada190436,tropical,7.882083551279661,6.115863621179963,2.3241696420898306,-0.8915144311765695,0.2278016528454211,-0.147780045052129,lat07_lon35,-19.022014846153844,178.2464493270603
120,gshhg_2.3.7_h_49bb509bc810e1c099b9,tropical,7.952920881527732,2.611280604367776,2.385603230320294,0.177588113423911,-0.5403463702407388,-0.0987448296104075,lat07_lon35,-16.520455307692306,178.80705787792408
121,gshhg_2.3.7_h_610d0ff0d573001af10e,tropical,8.003852874137149,2.6974794527068617,1.851756355214736,0.2788494743169252,-0.4786385841770978,-0.6880888967656225,lat07_lon00,-18.84869653846154,-178.6274982656301
122,gshhg_2.3.7_h_a756bc4e4864ae086bee,tropical,8.138740347022004,3.9787474391288216,2.682551472816195,-0.4997074536544232,-0.6345312932490794,-0.2766990194496224,lat07_lon00,-15.5979445,-175.63623191824078
123,gshhg_2.3.7_h_ad1002109db0388d8cca,tropical,8.188083624026287,2.847600678439945,1.6610421033361096,0.7766897165869413,-0.4048212171327012,-1.4685359171401795,lat08_lon35,-1.338361,175.9980594923884
124,gshhg_2.3.7_h_1682aa78efd4ba429e35,tropical,8.333262082435207,1.81851971537922,1.629549514405058,0.8408144494436924,-0.3501024995649878,-1.5742470951343184,lat08_lon00,-4.6762635,-174.5180341537987
125,gshhg_2.3.7_h_5a7365c14deff1b803f6,tropical,8.568673512374028,2.5780384354779224,2.353851773749523,-0.1299151038136504,-0.7109678793860565,-0.6494713490404902,lat09_lon01,4.713920769230769,-160.40323543387723
126,gshhg_2.3.7_h_488bd466b7ed92ca373b,tropical,8.65055813396125,2.1942192030619374,1.574662644466008,0.7914808348194832,-0.421448562372371,-1.0479768868074968,lat07_lon03,-16.596035999999998,-143.66725945022415
127,gshhg_2.3.7_h_350e5198ac914e468b75,tropical,8.695526765722827,3.3714339968504508,1.7805138896305714,0.3760724754721256,-0.1605071541696424,-0.8541216797602513,lat07_lon03,-15.843318307692307,-148.2601947945396
0,gshhg_2.3.7_h_516d8476d13ed48757c6,southern_extratropical,0.00570213683117851,2.826976384320165,0.1777482438451923,0.6895310046895751,-0.5919261884221642,-1.222135404497131,lat05_lon12,-33.36577323076923,-58.37945827156458
1,gshhg_2.3.7_h_63d5a60c2640be770e62,southern_extratropical,0.029371614720037086,3.00445285511982,-0.2667124658309942,0.4108490068888396,-0.3686956927686126,-1.5619568739915286,lat05_lon32,-38.6311655,146.83127803831965
2,gshhg_2.3.7_h_00a77a226f89a2e1b183,southern_extratropical,0.06951566169220098,1.835391551325512,-0.2581242678726373,0.4493005557824296,-0.5628019946689075,-1.5714826964805442,lat05_lon32,-38.680028,146.7206988030745
3,gshhg_2.3.7_h_ef112ae8dccb2e2d6f31,southern_extratropical,0.10008806003390051,2.068823999271108,0.5363702005609866,-0.6817018523140114,-0.4077192049627762,-0.0553750343212828,lat04_lon10,-41.79902546153846,-73.16172240884492
4,gshhg_2.3.7_h_25a1e8378a91524a312e,southern_extratropical,0.13294887368478003,5.286420319535257,1.675525530388764,0.1084160557985784,-0.555230719815377,-0.1016739843604766,lat06_lon13,-24.85085446153846,-47.715302589550056
5,gshhg_2.3.7_h_afd2a5cb3fe2a0d69136,southern_extratropical,0.17840549174327222,2.31854577466974,0.37821934749469,0.3803622067668673,-0.2110665518503092,-0.9124444509915176,lat05_lon33,-32.215352230769234,152.4819654447131
6,gshhg_2.3.7_h_c4df66e1adfb5f66147b,southern_extratropical,0.20936987067390184,2.3397406417695703,1.640805542777505,-0.1640847586051564,-0.0119426810496208,-0.0038244074478526,lat06_lon13,-25.30135453846154,-48.37832877884034
7,gshhg_2.3.7_h_4407ec8157baf44934cb,southern_extratropical,0.23841022796718928,5.628331502910305,1.423708096729854,0.1100643208913048,-0.6395916891751755,-0.2746877817416674,lat06_lon13,-26.298685923076924,-48.60008176591512
8,gshhg_2.3.7_h_9cb44c2644b9859b6db2,southern_extratropical,0.2581157800259308,2.364104795643918,1.9804586707154097,-0.3568787762707827,-0.3628643214773834,0.1121321314552083,lat06_lon13,-23.541984923076924,-45.06704681251716
9,gshhg_2.3.7_h_204084b333da2b0273b1,southern_extratropical,0.3118704083471766,4.8034195765728045,0.3290880213727365,-2.005068686540369,0.2890881477863968,-0.2716513650956159,lat04_lon10,-45.768393384615386,-74.23282600873257
10,gshhg_2.3.7_h_b117c204c4f09923b349,southern_extratropical,0.3365584163793489,2.676773175365669,0.2679791573883159,-2.310508750102467,0.9612593069148146,-0.2725166901404957,lat04_lon10,-45.791490576923074,-74.38228857688014
11,gshhg_2.3.7_h_3c6c94ac4bc942d372d3,southern_extratropical,0.39924472634002095,2.795370184438477,0.1777482438451923,0.6895310046895751,-0.5919261884221642,-1.222135404497131,lat05_lon12,-33.38870723076923,-58.39985837742359
12,gshhg_2.3.7_h_dd85ba779b428b6f2781,southern_extratropical,0.4600409758774767,2.508426204947995,1.8166616475962707,-3.983524283678656,0.2231842014813308,1.053756497706626,lat03_lon10,-50.27326284615385,-74.58326595192504
13,gshhg_2.3.7_h_a6e25a3056d0b38f34c3,southern_extratropical,0.5437535521191043,4.829843572011501,0.0254092288803589,-2.1164357431888186,0.8767942933866963,-0.5163692919321736,lat03_lon10,-51.323008615384616,-73.80568495594308
14,gshhg_2.3.7_h_88f104c32beaf6cc806c,southern_extratropical,0.6711140191812839,5.266171054352252,0.7619780756925252,-3.1381547355768173,1.01086716131103,0.1168490192221432,lat03_lon10,-51.09864930769231,-74.26062600730329
15,gshhg_2.3.7_h_de29db0bf8e4b38c99cc,southern_extratropical,0.7426099944561778,4.288287799895418,0.5363702005609866,-0.6817018523140114,-0.4077192049627762,-0.0553750343212828,lat04_lon10,-41.81799792307692,-73.05256672602384
16,gshhg_2.3.7_h_975f6742d8090c9364aa,southern_extratropical,0.7706354655369929,2.0901821095174102,0.8232041707035274,0.4924975077161251,-0.5127086716578213,-0.5987118329378274,lat06_lon33,-27.726839538461537,153.38826294292096
17,gshhg_2.3.7_h_062dff688c0d93cb5efc,southern_extratropical,0.8222809456691855,2.7313897226687684,-0.2073607962626788,0.4053936002803739,-0.5551750097971562,-1.479602836623015,lat05_lon32,-38.713850692307695,146.6307622787806
18,gshhg_2.3.7_h_f61115f2e3914a1b59a7,southern_extratropical,0.8632524850337344,3.494751854400761,1.4348199889637456,-3.46441649013109,0.0315794756600651,0.4431068330997723,lat04_lon10,-47.94184407692308,-74.60915881271738
19,gshhg_2.3.7_h_2d9868e51a7d7529a0a8,southern_extratropical,0.9376200580469221,6.444224850635114,0.3258389245778696,2.5421228481962554,0.8781002496351233,0.1953650986951789,lat06_lon29,-25.79501069230769,113.05373255989424
20,gshhg_2.3.7_h_503174416f4f0cbceb3d,southern_extratropical,1.0148222719184985,2.6546309662641017,-0.7489163223183474,-1.5210864286239147,1.363461992031068,-1.0943396529347462,lat03_lon10,-52.64038461538462,-72.62626769248263
21,gshhg_2.3.7_h_cacad75011d99ef50374,southern_extratropical,1.055196806466405,6.573972076462029,1.3236198997272444,-3.589959093759432,0.5978310262280168,0.6363802142331526,lat03_lon10,-50.65095730769231,-74.39493676840576
22,gshhg_2.3.7_h_550c4c54dc8be2d2e7ec,southern_extratropical,1.1695027109334142,3.647085141730088,-1.1890184188613295,0.0674860011404938,-0.4387135016842058,-1.5511987737526438,lat03_lon10,-52.885491692307696,-70.70680991684401
23,gshhg_2.3.7_h_a110dad41270effb3b62,southern_extratropical,1.2327750830063515,6.103140890794612,0.393243162358266,-2.146702285146028,0.6860028351461295,-0.1132438937512416,lat04_lon10,-45.58911107692308,-73.67492763100068
24,gshhg_2.3.7_h_515a5caaca01485bc695,southern_extratropical,1.3149305972302738,2.007061013681845,0.1846439215182988,-2.6482103462084785,1.1661013395924806,-0.3347354786864098,lat03_lon10,-53.142701,-73.27473904809341
25,gshhg_2.3.7_h_ad6efb0dc550783bcf63,southern_extratropical,1.4790728506699011,3.405475993768156,2.2958230909070125,-3.934593424213604,-0.9268543041908204,1.4035336225738104,lat03_lon10,-50.10134423076923,-74.70390863226714
26,gshhg_2.3.7_h_bb1944669e386a94a201,southern_extratropical,1.5240726348665423,3.893635698304494,1.4348199889637456,-3.46441649013109,0.0315794756600651,0.4431068330997723,lat04_lon10,-47.85863669230769,-74.59815169213573
27,gshhg_2.3.7_h_f8efe53afe9f4ed407af,southern_extratropical,1.628369811833579,2.9467853920174183,0.4732212255909032,-1.748394120433581,-0.7516669112893413,-0.4292512587130577,lat04_lon10,-46.69762369230769,-75.14907355757933
28,gshhg_2.3.7_h_0a69026e7260ba4f182c,southern_extratropical,1.7361612729381841,1.8768245196944568,0.9355500338435656,0.0848659242134813,-0.1615050826341698,-0.5091775281204604,lat06_lon33,-27.49823703846154,153.3563328653746
29,gshhg_2.3.7_h_abc288eb7f75735f0af2,southern_extratropical,1.828172348987458,7.014410416531296,3.227931419016456,-4.989845355388511,-1.22680462712003,2.316955870059243,lat03_lon10,-50.21205984615384,-75.16813726928233
30,gshhg_2.3.7_h_698e1dc5463e60ed3327,southern_extratropical,1.8616059320924248,3.20357398669779,-0.4329620729078,1.098836020384583,-0.3463855360123111,-1.0397998500936732,lat05_lon11,-39.226213538461536,-62.11317096875163
31,gshhg_2.3.7_h_d259855f90a8341b6892,southern_extratropical,1.9319829170911236,3.2865646635799,0.6241176270751592,-2.31180632819213,-0.4517552600660013,-0.134302487820717,lat03_lon10,-52.96826484615384,-73.5449429654586
32,gshhg_2.3.7_h_47ed71f2f0bd7c7544b3,southern_extratropical,2.0347287521669317,1.894133355490942,-0.003752595948928,1.5393493558517497,0.3231672183258566,-0.4347665225397732,lat05_lon19,-33.80076269230769,18.369184016826587
33,gshhg_2.3.7_h_08a918298a8421d49fe8,southern_extratropical,2.134853147203167,3.3334076014476195,0.4732212255909032,-1.748394120433581,-0.7516669112893413,-0.4292512587130577,lat04_lon10,-46.74108569230769,-75.14437050702917
34,gshhg_2.3.7_h_2dc4626f98f9855f4e24,southern_extratropical,2.2098244363262047,2.3940489394648656,-0.035719376558393,1.0489913553539725,0.0306474560337265,-0.8899396756189122,lat05_lon30,-34.098681538461534,123.18485343271284
35,gshhg_2.3.7_h_556013a1da370ef2fbf4,southern_extratropical,2.327065099908418,2.4178262860033057,0.2393956841732781,-2.443657410050774,1.265657707138058,-0.2771509555219018,lat04_lon10,-45.72870061538461,-74.53301841343497
36,gshhg_2.3.7_h_d15a5e651b310cf1528e,southern_extratropical,2.4083047744264445,2.175961033915637,0.6757224799586116,-1.469891951665478,-1.0148947796948635,0.0927776065814805,lat04_lon10,-45.02776476923077,-73.53141108532014
37,gshhg_2.3.7_h_7739a9c93626c5770458,southern_extratropical,2.4386488926267504,7.125138527992862,-0.4525839020078022,-1.905697204929656,1.0674386375144729,-0.886927469679026,lat03_lon10,-54.055032,-71.95321506270379
38,gshhg_2.3.7_h_173e31332d85aae1edcc,southern_extratropical,2.5170744744279876,2.433090113577792,0.8684273667550434,-2.2967936604308483,-1.0463234429608117,0.0174471535070453,lat03_lon10,-52.900014000000006,-73.81057265143217
39,gshhg_2.3.7_h_534470760d6c661f9a97,southern_extratropical,2.608571047359064,2.1491823059965856,1.951232444439536,-3.1853711947685066,-1.7432127089539058,0.7682654086533157,lat04_lon10,-47.772196615384615,-74.90007915864933
40,gshhg_2.3.7_h_b8c775fc56452e91d5eb,southern_extratropical,2.653209977912771,4.365663246610387,-0.4415669927096656,-1.9508454773187365,1.1378455461038686,-0.884118964062301,lat03_lon10,-53.868764,-72.12040985520905
41,gshhg_2.3.7_h_457c3812ac223a452cf5,southern_extratropical,2.6878835709281006,2.219467697102404,0.3282350744713374,-2.2147961787461794,0.8256431924777331,-0.2244799622276509,lat04_lon10,-45.76626523076924,-73.88023637619052
42,gshhg_2.3.7_h_316e715a9a9df54649ee,southern_extratropical,2.795776965998757,4.565822384299065,1.885833282751129,-3.087961161300345,-1.7613481962544424,0.7020095956510595,lat04_lon10,-47.73340830769231,-75.00972678157196
43,gshhg_2.3.7_h_aba775fe96210d43f550,southern_extratropical,2.9401906299699205,3.8534748197514026,0.7785017513484379,-0.8993419335445811,-0.5158670718239408,0.1832078895682787,lat04_lon10,-42.29177346153846,-73.11703474984046
44,gshhg_2.3.7_h_7378695c646f5e6408a4,southern_extratropical,3.066422050372984,3.068187251818575,0.9854808432372087,-1.847396030238468,-0.6494788034187641,0.5061619446897858,lat04_lon10,-44.04505992307692,-73.56488655542393
45,gshhg_2.3.7_h_35da6ecf094ebeaf28de,southern_extratropical,3.1020678447426615,1.912649660287944,1.907304453354415,-3.3983598634681504,-1.2450741829118204,0.776930268877874,lat04_lon10,-47.85514730769231,-74.95738026562324
46,gshhg_2.3.7_h_4d584c7e24fe7f39b2e3,southern_extratropical,3.2057779516134595,4.766519214553594,0.6469450442487903,-2.0972539363384524,0.288796773763341,0.2122368073539192,lat04_lon10,-44.784967615384616,-73.66453292233767
47,gshhg_2.3.7_h_1428eb7a75298f296a64,southern_extratropical,3.2552213610964653,3.131758691525399,1.9708982612583208,-3.258178431160731,-1.6507972004217475,0.799251194948839,lat04_lon10,-47.92043123076923,-75.00358757810407
48,gshhg_2.3.7_h_30aae49fb6d25c4afe58,southern_extratropical,3.3126945008746764,3.470941685076832,0.9322312009362358,-2.480648026785261,-0.8488635457627358,0.0650319578227306,lat03_lon10,-52.58344223076923,-74.12953069844802
49,gshhg_2.3.7_h_b8cd80b0f35a4b0c8bae,southern_extratropical,3.347643589630822,1.945916880687319,1.0259453270456715,-2.324690130539665,-1.0717181178050303,0.2016838196964311,lat03_lon10,-51.32526492307692,-74.4845155312851
50,gshhg_2.3.7_h_345c9c7e340c0fe761b2,southern_extratropical,3.385307633053344,2.519854893748471,1.9708982612583208,-3.258178431160731,-1.6507972004217475,0.799251194948839,lat04_lon10,-47.87619765384616,-75.06879919471756
51,gshhg_2.3.7_h_5aef4d4694df6891a15d,southern_extratropical,3.408547683812728,2.0983027112990422,0.5897484710953756,-2.447330269710283,-0.2565507456108663,-0.1263780448700319,lat03_lon10,-53.38122861538461,-73.34829263929785
52,gshhg_2.3.7_h_6c3ac62a05e8328ab132,southern_extratropical,3.4341948801778517,5.868151471892808,1.9660475638233947,-3.946942631580817,-0.2533711501226146,1.1739381962191782,lat03_lon10,-50.79042976923077,-74.81926964999577
53,gshhg_2.3.7_h_10b4d7e41d2cc1037757,southern_extratropical,3.4753487792922604,5.834831062819441,0.6115206343714548,-2.550194086007078,1.2374911920485532,0.288900659105951,lat04_lon10,-44.62940592307693,-73.71577778502595
54,gshhg_2.3.7_h_622c57bba382a91d3a0d,southern_extratropical,3.525508118340252,2.9840654347105366,3.3060539614287388,-5.431743193249506,-0.6113204184805007,2.456276707297428,lat03_lon10,-50.22222430769231,-75.20255549997675
55,gshhg_2.3.7_h_53872f08da53645f9b3a,southern_extratropical,3.5470314023964993,3.3071562328700286,1.953237833175571,-3.08365363016008,-1.967010267704551,0.7524896278818544,lat04_lon10,-47.93177738461539,-75.17544394652835
56,gshhg_2.3.7_h_76ae29c3ae562a82f2ba,southern_extratropical,3.580016789439597,2.4909684159145566,0.799280559924277,-0.8096453230688551,-0.783116617629653,0.1765276658622976,lat04_lon10,-42.48709607692307,-73.27437076199234
57,gshhg_2.3.7_h_36ed47f3e45e2ed8cc69,southern_extratropical,3.6238776735056315,2.197327601911141,0.3763082332128368,-2.3487667428013705,0.0835722406459416,-0.2894067195056153,lat03_lon10,-53.46606,-73.25903461777393
58,gshhg_2.3.7_h_62e8de34ab2f620bbfb1,southern_extratropical,3.6585380253602335,4.301245459312798,-0.5985998233151811,-1.7844920571019085,1.191577070869868,-0.987779070534344,lat03_lon10,-54.284180500000005,-71.44653217437755
59,gshhg_2.3.7_h_605c20dd6e57e99446be,southern_extratropical,3.7027262900623,3.182618309165964,0.762836981666976,-0.9325658112030332,-0.5078083801724684,0.1664218764848782,lat04_lon10,-42.47375,-73.35080198324098
60,gshhg_2.3.7_h_e92a7c13f548458981bd,southern_extratropical,3.725107682544048,1.863877435010118,1.573934532631071,-3.3668166224950857,-0.4441051705100383,0.7898923450873684,lat03_lon10,-51.15454692307692,-74.79286799759934
61,gshhg_2.3.7_h_04996eead1a857570d69,southern_extratropical,3.7414297850108964,1.8798180759981216,0.6463606809138687,-2.275379497023438,-0.477401514230906,-0.1536758100421879,lat03_lon10,-52.01563892307692,-74.36006949999657
62,gshhg_2.3.7_h_b816bc54f1a2e509c8ca,southern_extratropical,3.7540468978511785,4.659445061963736,0.6984050101940363,-2.104726050704246,0.2153407470888252,0.345912025282818,lat04_lon10,-44.31058776923077,-73.87192930555796
63,gshhg_2.3.7_h_ef24db08b6b3e7d2bae0,southern_extratropical,3.7702683956595173,2.484203961492162,0.6984050101940363,-2.104726050704246,0.2153407470888252,0.345912025282818,lat04_lon10,-44.22714746153847,-73.83726276203812
64,gshhg_2.3.7_h_61e632573a5ffab0c6f5,southern_extratropical,3.801028719910534,4.710664134311847,-0.8852754460254524,-1.278486851432431,1.1088147254384628,-1.176827389101049,lat03_lon10,-54.099611,-70.36494551698894
65,gshhg_2.3.7_h_5f558e70bafd66f631c3,southern_extratropical,3.810611213139528,3.2759667911675616,0.3383289605167826,-2.139277879127026,0.6383707453861868,-0.1593661483752331,lat04_lon10,-45.365572692307694,-74.27115176921896
66,gshhg_2.3.7_h_7126718cc795d5049584,southern_extratropical,3.8440471472870237,2.252317631663914,0.7353551577923607,-2.135854433736401,0.2459865674732453,0.3964174468231028,lat04_lon10,-44.074916461538464,-73.8772993172271
67,gshhg_2.3.7_h_105fa707dc4d998d09f2,southern_extratropical,3.8650523771571166,3.443697571153836,0.7622623031595943,-0.9384756903521684,-0.5296493464191998,0.1686529900294508,lat04_lon10,-42.63148507692308,-73.49503483543039
68,gshhg_2.3.7_h_184f0941dd289e42cf3c,southern_extratropical,3.8723249641453252,1.7921805884994275,-0.5305635343736169,-1.5362569271039856,0.5784465511470183,-0.9876342533777128,lat03_lon10,-54.29988369230769,-71.5900511345741
69,gshhg_2.3.7_h_d2e56fceab4f073dae23,southern_extratropical,3.8880222249565106,4.1587740645901095,2.650501407725411,-4.469999985947131,-0.934798412772042,1.6597897522135374,lat04_lon10,-49.23701923076923,-75.16427939203103
70,gshhg_2.3.7_h_f259fcf3e577ca30ab08,southern_extratropical,3.902093680529647,2.430406864667555,0.762836981666976,-0.9325658112030332,-0.5078083801724684,0.1664218764848782,lat04_lon10,-42.39102353846154,-73.44528292789006
71,gshhg_2.3.7_h_4901cafae7c13f333663,southern_extratropical,3.920819818523529,5.3409862206722085,0.401099509082287,-1.920765497402649,0.1534337629753729,-0.1003683569993507,lat04_lon10,-45.25230315384616,-74.29388389025631
72,gshhg_2.3.7_h_f6f575366c285dff91dd,southern_extratropical,3.944727044669846,3.882156105793447,0.7792644958075866,-2.5110397960454884,-0.3404247487443669,0.0144103406371506,lat03_lon10,-51.818666615384615,-74.6721972606164
73,gshhg_2.3.7_h_171c67d204ddd6df6139,southern_extratropical,3.976390888768869,2.7246462152117883,0.7919678578984198,-1.837226302389632,-0.4460294170364755,0.3341112047142899,lat04_lon10,-44.49900853846154,-73.8087328798125
74,gshhg_2.3.7_h_d5921324547b963ddc9f,southern_extratropical,3.993767940959349,3.270267361006909,-0.3306577157833746,-1.5289455378209085,0.0635185089068768,-0.8767576460024664,lat03_lon10,-54.26421042307692,-72.03163808171149
75,gshhg_2.3.7_h_5949175b8f9d8d1181c9,southern_extratropical,4.02609711675605,2.014091993527503,0.6355616769401677,-2.7632775397705145,0.4127910164851054,-0.064644502015641,lat03_lon10,-52.14259615384615,-74.56370954810173
76,gshhg_2.3.7_h_e040ce59ae782295a23e,southern_extratropical,4.0430795827190655,3.263981009782135,0.5947789787918359,-2.1799509432084183,0.4864281667557902,0.2168750451559342,lat04_lon10,-44.59038038461538,-73.93243184579124
77,gshhg_2.3.7_h_f576fc37d51bbe08229c,southern_extratropical,4.067380557145029,2.6705864458746262,1.3659563895610645,-3.265062109919965,-0.2381684568564558,0.6215233746270434,lat03_lon10,-51.48648923076923,-74.86553559378093
78,gshhg_2.3.7_h_44f8a2d1b993cf05e3b5,southern_extratropical,4.093231171204274,2.6316585486684665,-0.4603878787147866,-1.5303438638843854,0.3720055125212236,-0.9441170503163668,lat03_lon10,-54.42376292307692,-71.63567624150788
79,gshhg_2.3.7_h_f4ef87fdb51786b66beb,southern_extratropical,4.125839062844318,2.448583273711129,1.3159081353716993,-3.0439212285235144,-0.8487239255774379,0.4547104455150218,lat03_lon10,-53.299852692307695,-74.27878749522927
80,gshhg_2.3.7_h_a0a3644428bc33b08190,southern_extratropical,4.14663472235612,2.0813614225835035,3.2138930713849456,-4.67143422895865,-1.7824969181990664,2.2099426105161832,lat04_lon10,-49.802032,-75.37722574518287
81,gshhg_2.3.7_h_71c1df46516d56f4062c,southern_extratropical,4.172203379488955,6.346741139637823,2.2890965453682903,-4.119836999326085,-0.7872583226131548,1.2427396122703966,lat04_lon10,-48.55608153846154,-75.47385600363819
82,gshhg_2.3.7_h_60a22fc38e7c8a237649,southern_extratropical,4.203845247919685,2.2503821890108178,-0.1399929322197954,-1.840540434839633,0.199758935661399,-0.7067324299353412,lat03_lon10,-54.274574692307695,-72.3763118173005
83,gshhg_2.3.7_h_8f759f746020a0cd9a2f,southern_extratropical,4.235482837717668,2.4285272783855145,0.351668135534157,-2.156215010204668,0.9458450783473378,0.1191505840731926,lat04_lon10,-44.204456923076926,-74.1694188942184
84,gshhg_2.3.7_h_c1ee9685c046fb59e34a,southern_extratropical,4.258535907731058,2.614625856026961,-0.0262737021046501,-1.4350864706646331,-0.8020812726192282,-0.697622960546297,lat03_lon10,-54.25004515384615,-72.65799112502016
85,gshhg_2.3.7_h_0110cb02e532ee70eaaa,southern_extratropical,4.295998462066876,2.369779787834205,-0.2370358878850075,-1.432298053633323,-0.3222767647140326,-0.8235059571689369,lat03_lon10,-54.43342123076923,-72.09048731250894
86,gshhg_2.3.7_h_28f5f5423637f0a6fbc7,southern_extratropical,4.312853118146813,2.979055904312822,0.3935164340579424,-1.84461436184854,0.3365851087264166,0.1314412316527687,lat04_lon10,-44.02338061538462,-74.2464209581021
87,gshhg_2.3.7_h_086c43c0d2a9672ab823,southern_extratropical,4.350901099892722,1.8272674124850703,0.1734094394079995,-1.803991114040029,-0.5813787698316141,-0.4977605250098608,lat03_lon10,-54.16513923076924,-72.97984853365878
88,gshhg_2.3.7_h_64b23aea812734ad54cc,southern_extratropical,4.358397862278556,3.1455099189948825,0.294823565982015,-1.939122912445801,-0.5995271037434898,-0.3957096987688236,lat03_lon10,-54.1198055,-73.11421015386117
89,gshhg_2.3.7_h_77911335c453ea6029a3,southern_extratropical,4.3937728042207205,2.865856345866188,0.6034849097867373,-2.377879680525366,-0.297330697462747,-0.1927072461526992,lat03_lon10,-52.284066,-74.88101162248816
90,gshhg_2.3.7_h_66361ddd44cc2651aa15,southern_extratropical,4.448109103636232,1.961826947375163,-0.9205400739282495,-0.7957758898377536,0.3214492598008983,-1.277731996778158,lat03_lon11,-54.271466,-69.93745800000941
91,gshhg_2.3.7_h_d3f5e6a84f1433209ba9,southern_extratropical,4.501245497371361,4.804175440963752,0.2949252100910652,-1.6050054414013823,-0.1690798737866527,-0.1135074022600974,lat04_lon10,-44.66013907692308,-74.54567606552726
92,gshhg_2.3.7_h_c469169e2b80baf0c5ac,southern_extratropical,4.534724301249264,2.51709316734728,-0.3171391183337049,-1.53853347341985,0.0135841581099981,-0.8723182612112752,lat03_lon10,-54.70293276923077,-71.76023778368386
93,gshhg_2.3.7_h_de6c36b67bc08a3239f9,southern_extratropical,4.717149926980782,4.434320517320498,0.1809780770892179,-1.235203233567666,-0.6723917986472109,-0.2629408367309219,lat04_lon10,-44.608122076923074,-74.76458749035774
94,gshhg_2.3.7_h_ecabd22b56c4b3a42983,southern_extratropical,4.860020298310391,4.258002374038496,-0.6930694423699735,-1.803448508433172,1.4088272949250706,-1.0095260217571846,lat03_lon10,-54.95699553846154,-70.35131957428707
95,gshhg_2.3.7_h_7d619df87881f5b3b4d0,southern_extratropical,4.921839235126679,4.436841229318792,-0.7743827794682481,-1.610415838835877,1.2851652302342598,-1.0832901428845056,lat03_lon10,-54.96024153846154,-70.08097820387039
96,gshhg_2.3.7_h_d290951d853ddacf4fac,southern_extratropical,4.99396871102644,3.0490775274408466,-0.8085217878496577,-2.0391785094252426,2.148205626921831,-1.0010731171807767,lat03_lon11,-55.02799107692308,-69.9613827451712
97,gshhg_2.3.7_h_f275af10bc6f47b13883,southern_extratropical,5.180234739697956,2.6909202412063293,-0.2733067237338552,0.4541379352623567,-0.4112785632622768,-1.4816249644956756,lat04_lon32,-40.31009830769231,147.87707009135548
98,gshhg_2.3.7_h_244420b19bb582c1f153,southern_extratropical,5.25460721999623,3.559520256624569,-0.8837836264159821,-1.3249804612430427,0.9723673501326576,-1.2052239762088497,lat03_lon11,-55.2591805,-69.32060654722082
99,gshhg_2.3.7_h_28c45caec64c3d7a8cab,southern_extratropical,5.310405453773267,2.13040804705396,-0.0388687797137585,0.3875366709895784,-0.4135871721629663,-0.94272038625273,lat04_lon32,-40.60414723076923,144.9321921634592
100,gshhg_2.3.7_h_39e282f3e2c64c5554f2,southern_extratropical,5.337724498849976,2.8462028386412994,-0.9554412714083684,-1.7266545005982736,1.91702656147114,-1.175817282215175,lat03_lon11,-55.29919869230769,-69.01074621509949
101,gshhg_2.3.7_h_5d5ed664c7a9724d8ed3,southern_extratropical,5.367371272704592,2.914594937846546,-0.7928306538253131,-1.1787266569236283,0.475517329984586,-1.161717155355441,lat03_lon11,-55.503045,-69.32957396881136
102,gshhg_2.3.7_h_26b1bc235347a6181d58,southern_extratropical,5.43597515752683,3.605379210011539,-0.9678886271828424,-0.9436317762105536,0.8639447533069927,-1.0853037438093618,lat03_lon11,-55.18488230769231,-68.27798680788342
103,gshhg_2.3.7_h_b872d26436bf923c5edc,southern_extratropical,5.530086261019623,2.53252968340468,-0.931824061422421,-0.5245621943436775,0.2172050916406818,-0.9904290340618328,lat03_lon11,-55.23230346153846,-67.94594356129258
104,gshhg_2.3.7_h_64dabfb3e25afab672f3,southern_extratropical,5.692136411881333,3.875420536042792,-0.8594879545342005,-0.5113789250156359,-0.2466686925772432,-1.0377858527537651,lat03_lon11,-55.66022453846154,-67.59636862921477
105,gshhg_2.3.7_h_40d131f9327c74ee4563,southern_extratropical,5.777172109038371,4.1376428350096734,-0.8697624881943895,-0.7617307215228996,0.0648045159505342,-1.0444392606034452,lat03_lon11,-55.85538007692308,-67.28027825647195
106,gshhg_2.3.7_h_c52631c32a569005ec6f,southern_extratropical,6.010146708897451,4.659507327221981,-0.4503562454388294,-0.4456756096841275,0.748783123406134,-1.539190014599853,lat04_lon32,-42.64496361538462,148.07990292769543
107,gshhg_2.3.7_h_b50c2a9f1bdfa4f9cff9,southern_extratropical,6.195045382865879,1.9229898140340933,-1.0827193343628625,-0.0693936711738592,-0.0571122905776943,-1.4673696534663712,lat03_lon11,-51.89085446153846,-61.18766975273836
108,gshhg_2.3.7_h_b0cfd43df8d1b8194bd3,southern_extratropical,6.250731726287756,3.030193634311505,-1.0538298190734778,-0.07962849281644,-0.0301091715791499,-1.4718515537520869,lat03_lon11,-51.285431230769234,-60.559725802431664
109,gshhg_2.3.7_h_c0149db5361ec9ff7c65,southern_extratropical,6.321179787417583,1.8643665353500367,-1.02357203627874,-0.0683478963250615,-0.0940703879096061,-1.450024730258087,lat03_lon12,-51.25410269230769,-59.87008837743453
110,gshhg_2.3.7_h_65ff8c8d8cbaa0673dc4,southern_extratropical,6.359603553839513,2.061319353549845,-1.0043384890888452,-0.1349208001307739,0.021720095981914,-1.39640967722468,lat03_lon12,-51.377583,-59.630716750039234
111,gshhg_2.3.7_h_1a09446f7279540df6ef,southern_extratropical,6.376609518178822,8.799701440518145,-0.9820321445977502,-0.0765297676975641,-0.2394612036265337,-1.3613787483147246,lat03_lon12,-51.75445338461538,-58.77448777982447
112,gshhg_2.3.7_h_29221b14fbf964b50f8a,southern_extratropical,6.506493831785825,4.145811153384651,-0.9917627489912878,0.0347867403315599,-0.5033089631325154,-1.3738496428978266,lat03_lon12,-52.03731496153846,-58.47341650015479
113,gshhg_2.3.7_h_ee84f989b086fb718297,southern_extratropical,7.298716347006241,3.01887680952367,-1.2341932549953367,-1.188177960563627,-1.1030024143230854,-0.6594542951671712,lat03_lon15,-59.45260646153846,-27.369087511907555
114,gshhg_2.3.7_h_569eab49f9299f1bdd1c,southern_extratropical,7.3292056616359345,1.8239851501215776,-0.7798948066215847,-1.550305936929868,-0.3860972713284293,-0.5979087661272059,lat03_lon14,-54.80647246153846,-35.78552056730417
115,gshhg_2.3.7_h_2f49493cad5887ec6e8b,southern_extratropical,7.406401848604139,2.586456764446569,0.4694882251512947,-2.1500963682248235,1.4213851066462786,-0.5451052991865873,lat04_lon34,-45.75755792307693,166.5225878075963
116,gshhg_2.3.7_h_b674533ee4b19d666a71,southern_extratropical,7.432737181992293,3.962913137010749,-0.781469556990721,-2.299899762479257,0.3983138441751426,-0.6574061082693293,lat03_lon18,-54.43549353846154,3.40984268996434
117,gshhg_2.3.7_h_e7498ee1998b507166f1,southern_extratropical,7.488640267342838,2.37098421927271,-0.017118159109253,-1.0669782724440118,0.1322954636891389,-1.0753800570507266,lat04_lon34,-47.24313661538462,167.41015630285676
118,gshhg_2.3.7_h_eae670cdc33494026c96,southern_extratropical,7.566015670240753,6.283314503096335,-0.1667722869933222,-1.832034466789876,1.0231070054599465,-0.987852947875207,lat03_lon34,-50.74920369230769,166.1286332578548
119,gshhg_2.3.7_h_1dec1fcdfd84d66d0f21,southern_extratropical,7.596618210664657,2.2901709704492927,-1.0877546030882692,-1.2718307656287238,1.0109371310695776,-1.4179377348070856,lat04_lon24,-49.66190376923077,69.77821914183063
120,gshhg_2.3.7_h_43d6b7784bc505266246,southern_extratropical,7.613546726698601,2.5235599388724705,-0.0953417722402718,-0.2600921462681106,-0.2484280008268738,-1.1122249189613256,lat04_lon35,-41.27222415384615,173.14715503196587
121,gshhg_2.3.7_h_65258132a77b1750cc39,southern_extratropical,7.632063072735541,1.9116440958407568,-1.0138320931027536,-0.9090809307930928,0.3347380504596809,-1.4507624588436596,lat04_lon24,-48.898572769230775,69.42110982210737
122,gshhg_2.3.7_h_efa0edc3b61828fdc5a0,southern_extratropical,7.642988243717404,3.1972608048612456,0.3965618356245711,-0.2599978630509518,-0.3510430150444768,-0.8895595130256,lat05_lon35,-36.42478807692308,174.85084538463397
123,gshhg_2.3.7_h_b6d8ea44971eccb6d4af,southern_extratropical,7.6561385577616585,4.439922107744663,0.0175818153367955,-0.68569058450882,0.6753863039938587,-0.8952027144085635,lat04_lon35,-41.19723907692308,174.29829051744548
124,gshhg_2.3.7_h_3c10fc12a596f5a9a329,southern_extratropical,7.67989607067603,1.903658071847393,0.2582752884885479,-1.8452975135528988,-0.2973893254769523,-0.2944974963881263,lat04_lon23,-46.45537611538462,50.40469626922628
125,gshhg_2.3.7_h_6e60647923066477dce8,southern_extratropical,7.715187361951736,2.128564579151699,0.3396724890172494,-0.2301356522360891,-0.5812859784674496,-0.9008956429380588,lat05_lon35,-37.6258475,176.42225479326666
126,gshhg_2.3.7_h_77c094613b6b185e8adc,southern_extratropical,7.958990176272728,6.816593380548612,-0.2387774902510961,-0.1760043864312118,-0.3563421759582245,-1.2689176897234495,lat04_lon00,-43.86123476923077,-176.5331337386123
127,gshhg_2.3.7_h_b521f2e36b8a87a1dad0,southern_extratropical,8.636279373466605,2.787616281472552,1.3159140493058434,-0.1151004219243727,-0.1236455444130268,-0.9995320950121378,lat06_lon03,-23.864739384615383,-147.6602400167982
