environment,survival,selfing,start,control,year,campaign,variant,depression,ovule_effort,pollen_effort,comparison,all_pairs,paired_survivors,target_extinctions,reference_extinctions,access_difference,access_mcse,investment_difference,investment_mcse,extinction_difference,extinction_difference_mcse
both,0.0,0.1,0.3,neutral,10,assurance,a0.1_d0.5,0.5,lifetime,lifetime,depression_vs_zero,256,138,118,12,-0.0006752446792784696,0.0027920621626545206,-0.002461341819789876,0.0026138913435971287,0.4140625,0.030845265063510725
both,0.0,0.1,0.3,neutral,40,assurance,a0.1_d0.5,0.5,lifetime,lifetime,depression_vs_zero,256,2,254,229,0.025386605923641337,0.008471159596168898,0.06155940676758534,0.0398696765118143,0.09765625,0.0185894242372986
both,0.0,0.1,0.3,neutral,50,assurance,a0.1_d0.5,0.5,lifetime,lifetime,depression_vs_zero,256,0,256,251,,,,,0.01953125,0.008665862769678052
both,0.0,0.1,0.3,neutral,100,assurance,a0.1_d0.5,0.5,lifetime,lifetime,depression_vs_zero,256,0,256,256,,,,,0.0,0.0
both,0.0,0.1,0.3,neutral,200,assurance,a0.1_d0.5,0.5,lifetime,lifetime,depression_vs_zero,256,0,256,256,,,,,0.0,0.0
both,0.0,0.1,0.3,neutral,400,assurance,a0.1_d0.5,0.5,lifetime,lifetime,depression_vs_zero,256,0,256,256,,,,,0.0,0.0
both,0.0,0.1,0.3,selected,10,assurance,a0.1_d0.5,0.5,lifetime,lifetime,depression_vs_zero,256,155,101,8,-0.0002621165978669148,0.002178295266387778,0.0035665050112178966,0.002525037760648323,0.36328125,0.030117937030518287
both,0.0,0.1,0.3,selected,40,assurance,a0.1_d0.5,0.5,lifetime,lifetime,depression_vs_zero,256,2,254,230,-0.04815207337482613,0.0052478334063786325,-0.0323956181717919,0.050190405163652994,0.09375,0.018253222922509426
both,0.0,0.1,0.3,selected,50,assurance,a0.1_d0.5,0.5,lifetime,lifetime,depression_vs_zero,256,0,256,243,,,,,0.05078125,0.013748798827881614
both,0.0,0.1,0.3,selected,100,assurance,a0.1_d0.5,0.5,lifetime,lifetime,depression_vs_zero,256,0,256,256,,,,,0.0,0.0
both,0.0,0.1,0.3,selected,200,assurance,a0.1_d0.5,0.5,lifetime,lifetime,depression_vs_zero,256,0,256,256,,,,,0.0,0.0
both,0.0,0.1,0.3,selected,400,assurance,a0.1_d0.5,0.5,lifetime,lifetime,depression_vs_zero,256,0,256,256,,,,,0.0,0.0
both,0.0,0.1,0.7,neutral,10,assurance,a0.1_d0.5,0.5,lifetime,lifetime,depression_vs_zero,256,136,120,17,-0.005817369882984315,0.002772575561978283,0.0033873116899738086,0.002963453192345643,0.40234375,0.030708193760989915
both,0.0,0.1,0.7,neutral,40,assurance,a0.1_d0.5,0.5,lifetime,lifetime,depression_vs_zero,256,9,247,222,0.009973836123221594,0.022669287816629677,-0.013065356608631888,0.01715335443735626,0.09765625,0.0185894242372986
both,0.0,0.1,0.7,neutral,50,assurance,a0.1_d0.5,0.5,lifetime,lifetime,depression_vs_zero,256,3,253,243,-0.04033192613615111,0.02584367409762852,-0.01897644004547729,0.059164620532603136,0.0390625,0.012132701086805225
both,0.0,0.1,0.7,neutral,100,assurance,a0.1_d0.5,0.5,lifetime,lifetime,depression_vs_zero,256,0,256,256,,,,,0.0,0.0
both,0.0,0.1,0.7,neutral,200,assurance,a0.1_d0.5,0.5,lifetime,lifetime,depression_vs_zero,256,0,256,256,,,,,0.0,0.0
both,0.0,0.1,0.7,neutral,400,assurance,a0.1_d0.5,0.5,lifetime,lifetime,depression_vs_zero,256,0,256,256,,,,,0.0,0.0
both,0.0,0.1,0.7,selected,10,assurance,a0.1_d0.5,0.5,lifetime,lifetime,depression_vs_zero,256,139,116,17,0.0009499598108772492,0.002407618885282125,0.00761426400887243,0.0029643805206725966,0.38671875,0.03099524684613265
both,0.0,0.1,0.7,selected,40,assurance,a0.1_d0.5,0.5,lifetime,lifetime,depression_vs_zero,256,10,246,226,0.0033833130494506534,0.00844536598272255,0.007654316240580578,0.021149646585004633,0.078125,0.01680586783321382
both,0.0,0.1,0.7,selected,50,assurance,a0.1_d0.5,0.5,lifetime,lifetime,depression_vs_zero,256,3,253,245,-0.015449526341856035,0.01062313198669589,0.02739910272765006,0.0430765457424956,0.03125,0.010895841534507468
both,0.0,0.1,0.7,selected,100,assurance,a0.1_d0.5,0.5,lifetime,lifetime,depression_vs_zero,256,0,256,256,,,,,0.0,0.0
both,0.0,0.1,0.7,selected,200,assurance,a0.1_d0.5,0.5,lifetime,lifetime,depression_vs_zero,256,0,256,256,,,,,0.0,0.0
both,0.0,0.1,0.7,selected,400,assurance,a0.1_d0.5,0.5,lifetime,lifetime,depression_vs_zero,256,0,256,256,,,,,0.0,0.0
both,0.75,0.1,0.3,neutral,10,assurance,a0.1_d0.5,0.5,lifetime,lifetime,depression_vs_zero,256,256,0,0,-0.00029748676571028437,0.001433208174593916,0.0015878971177589905,0.0014117882453378787,0.0,0.0
both,0.75,0.1,0.3,neutral,40,assurance,a0.1_d0.5,0.5,lifetime,lifetime,depression_vs_zero,256,31,221,64,-0.00404282211022854,0.01239342465108216,-0.000411376984458872,0.010505508604016214,0.61328125,0.03244406096281072
both,0.75,0.1,0.3,neutral,50,assurance,a0.1_d0.5,0.5,lifetime,lifetime,depression_vs_zero,256,9,245,122,0.004969885019218116,0.033503282538766055,-0.0076751865732216555,0.019314198950713013,0.48046875,0.032251677583571635
both,0.75,0.1,0.3,neutral,100,assurance,a0.1_d0.5,0.5,lifetime,lifetime,depression_vs_zero,256,0,256,247,,,,,0.03515625,0.011533461648261191
both,0.75,0.1,0.3,neutral,200,assurance,a0.1_d0.5,0.5,lifetime,lifetime,depression_vs_zero,256,0,256,255,,,,,0.00390625,0.00390625
both,0.75,0.1,0.3,neutral,400,assurance,a0.1_d0.5,0.5,lifetime,lifetime,depression_vs_zero,256,0,256,256,,,,,0.0,0.0
both,0.75,0.1,0.3,selected,10,assurance,a0.1_d0.5,0.5,lifetime,lifetime,depression_vs_zero,256,256,0,0,-0.000523584967132098,0.0013881300675579941,0.0034805736858280457,0.001585155085672282,0.0,0.0
both,0.75,0.1,0.3,selected,40,assurance,a0.1_d0.5,0.5,lifetime,lifetime,depression_vs_zero,256,36,214,63,-0.0006926740990429331,0.011233436280340688,-0.001687313316286357,0.009599689033453011,0.58984375,0.033653546303003226
both,0.75,0.1,0.3,selected,50,assurance,a0.1_d0.5,0.5,lifetime,lifetime,depression_vs_zero,256,11,243,121,-0.0013642447557236975,0.015661342924399742,0.020365718832776103,0.02521759395422624,0.4765625,0.0322414715030405
both,0.75,0.1,0.3,selected,100,assurance,a0.1_d0.5,0.5,lifetime,lifetime,depression_vs_zero,256,0,256,244,,,,,0.046875,0.01323657060837845
both,0.75,0.1,0.3,selected,200,assurance,a0.1_d0.5,0.5,lifetime,lifetime,depression_vs_zero,256,0,256,256,,,,,0.0,0.0
both,0.75,0.1,0.3,selected,400,assurance,a0.1_d0.5,0.5,lifetime,lifetime,depression_vs_zero,256,0,256,256,,,,,0.0,0.0
both,0.75,0.1,0.7,neutral,10,assurance,a0.1_d0.5,0.5,lifetime,lifetime,depression_vs_zero,256,256,0,0,-0.0030292682824368425,0.0014987517519061328,-0.001519463606075667,0.0014904837745490962,0.0,0.0
both,0.75,0.1,0.7,neutral,40,assurance,a0.1_d0.5,0.5,lifetime,lifetime,depression_vs_zero,256,27,223,55,-0.0036589206426163486,0.010248224734081228,0.007693476264024683,0.013275451034235362,0.65625,0.0326875246035224
both,0.75,0.1,0.7,neutral,50,assurance,a0.1_d0.5,0.5,lifetime,lifetime,depression_vs_zero,256,9,245,110,-0.006575737889605958,0.022775915815788778,-0.029652217200345055,0.022399620536978818,0.52734375,0.03222940560468231
both,0.75,0.1,0.7,neutral,100,assurance,a0.1_d0.5,0.5,lifetime,lifetime,depression_vs_zero,256,0,256,243,,,,,0.05078125,0.013748798827881614
both,0.75,0.1,0.7,neutral,200,assurance,a0.1_d0.5,0.5,lifetime,lifetime,depression_vs_zero,256,0,256,256,,,,,0.0,0.0
both,0.75,0.1,0.7,neutral,400,assurance,a0.1_d0.5,0.5,lifetime,lifetime,depression_vs_zero,256,0,256,256,,,,,0.0,0.0
both,0.75,0.1,0.7,selected,10,assurance,a0.1_d0.5,0.5,lifetime,lifetime,depression_vs_zero,256,256,0,0,-0.003422163119487024,0.001524644553676571,-0.0006151474873950511,0.001403493206888928,0.0,0.0
both,0.75,0.1,0.7,selected,40,assurance,a0.1_d0.5,0.5,lifetime,lifetime,depression_vs_zero,256,26,223,53,-0.002806497277951134,0.011286490957417366,-0.016450876769102528,0.012643372966705044,0.6640625,0.03300451520469675
both,0.75,0.1,0.7,selected,50,assurance,a0.1_d0.5,0.5,lifetime,lifetime,depression_vs_zero,256,13,240,109,-0.009439697856206438,0.016328993431897282,0.030580964904869272,0.017059627437614713,0.51171875,0.03273782790706042
both,0.75,0.1,0.7,selected,100,assurance,a0.1_d0.5,0.5,lifetime,lifetime,depression_vs_zero,256,1,255,242,-0.02346076456879931,,0.08955356640257045,,0.05078125,0.013748798827881614
both,0.75,0.1,0.7,selected,200,assurance,a0.1_d0.5,0.5,lifetime,lifetime,depression_vs_zero,256,0,256,256,,,,,0.0,0.0
both,0.75,0.1,0.7,selected,400,assurance,a0.1_d0.5,0.5,lifetime,lifetime,depression_vs_zero,256,0,256,256,,,,,0.0,0.0
mainland,0.0,0.1,0.3,neutral,10,assurance,a0.1_d0.5,0.5,lifetime,lifetime,depression_vs_zero,256,249,7,0,1.3757696307951956e-06,0.0015534137512236447,0.0010777160794874,0.001485900069248078,0.02734375,0.010212654460096235
mainland,0.0,0.1,0.3,neutral,40,assurance,a0.1_d0.5,0.5,lifetime,lifetime,depression_vs_zero,256,201,55,22,-0.0036727684001622643,0.0028984602920976883,0.001953959469715925,0.002941103841551265,0.12890625,0.0209845348013056
mainland,0.0,0.1,0.3,neutral,50,assurance,a0.1_d0.5,0.5,lifetime,lifetime,depression_vs_zero,256,192,64,25,-0.005940588547651119,0.003251255027024776,0.0023139607927550342,0.0033081480813652664,0.15234375,0.022503605971256224
mainland,0.0,0.1,0.3,neutral,100,assurance,a0.1_d0.5,0.5,lifetime,lifetime,depression_vs_zero,256,142,113,40,-0.0062577296647036455,0.005203705843729792,0.01099606247306357,0.005240325907435221,0.28515625,0.02881003794880388
mainland,0.0,0.1,0.3,neutral,200,assurance,a0.1_d0.5,0.5,lifetime,lifetime,depression_vs_zero,256,60,193,97,0.005984186913265491,0.008991591210140967,0.004998067153115422,0.009112591577432064,0.375,0.03179668869182302
mainland,0.0,0.1,0.3,neutral,400,assurance,a0.1_d0.5,0.5,lifetime,lifetime,depression_vs_zero,256,16,238,167,-0.0022869030693188266,0.01812292454579213,0.024893438263402564,0.01738460475347202,0.27734375,0.029107589087622364
mainland,0.0,0.1,0.3,selected,10,assurance,a0.1_d0.5,0.5,lifetime,lifetime,depression_vs_zero,256,248,8,0,-0.001867876777178272,0.0015686546797092802,0.00190666648895926,0.0016249710340883712,0.03125,0.010895841534507468
mainland,0.0,0.1,0.3,selected,40,assurance,a0.1_d0.5,0.5,lifetime,lifetime,depression_vs_zero,256,211,45,15,-0.0010964150886307066,0.002805228293745122,0.0027996517559909554,0.0026224088983731377,0.1171875,0.020142102022804344
mainland,0.0,0.1,0.3,selected,50,assurance,a0.1_d0.5,0.5,lifetime,lifetime,depression_vs_zero,256,204,52,20,-0.00150287678872897,0.0030221007632698017,0.002977952661874349,0.0026939899796491838,0.125,0.02071042173948785
mainland,0.0,0.1,0.3,selected,100,assurance,a0.1_d0.5,0.5,lifetime,lifetime,depression_vs_zero,256,163,93,37,0.0011655656346770868,0.003592257670570505,0.001841197086131124,0.003028385667481364,0.21875,0.025888027174359812
mainland,0.0,0.1,0.3,selected,200,assurance,a0.1_d0.5,0.5,lifetime,lifetime,depression_vs_zero,256,73,181,100,0.007076806232015837,0.005438782521327653,0.010050014889624143,0.004596640500131729,0.31640625,0.030157646899476098
mainland,0.0,0.1,0.3,selected,400,assurance,a0.1_d0.5,0.5,lifetime,lifetime,depression_vs_zero,256,18,236,170,0.010395018336702236,0.00856866134522809,-0.006059714505971481,0.008505315145607697,0.2578125,0.028489434907488762
mainland,0.0,0.1,0.7,neutral,10,assurance,a0.1_d0.5,0.5,lifetime,lifetime,depression_vs_zero,256,254,2,0,6.0413502548965454e-05,0.0015760433108166381,0.0015413741548489786,0.0014416017220243665,0.0078125,0.005513429182282041
mainland,0.0,0.1,0.7,neutral,40,assurance,a0.1_d0.5,0.5,lifetime,lifetime,depression_vs_zero,256,228,28,4,-0.003868128210613033,0.003203006008706319,0.003576539754475862,0.003020129185629432,0.09375,0.018253222922509426
mainland,0.0,0.1,0.7,neutral,50,assurance,a0.1_d0.5,0.5,lifetime,lifetime,depression_vs_zero,256,214,42,6,-0.0047063132743751625,0.00351528278604277,0.0036175771941351653,0.0034196168956704357,0.140625,0.021769704563101122
mainland,0.0,0.1,0.7,neutral,100,assurance,a0.1_d0.5,0.5,lifetime,lifetime,depression_vs_zero,256,160,94,34,-0.004050028798770993,0.004668714157850003,0.004234061072151277,0.004699928650602648,0.234375,0.027658162598649488
mainland,0.0,0.1,0.7,neutral,200,assurance,a0.1_d0.5,0.5,lifetime,lifetime,depression_vs_zero,256,84,167,88,0.012101586048733041,0.007385941109192154,0.015372476862149148,0.007554203267739982,0.30859375,0.031462778971844296
mainland,0.0,0.1,0.7,neutral,400,assurance,a0.1_d0.5,0.5,lifetime,lifetime,depression_vs_zero,256,16,239,166,0.026243066436170685,0.01970385589270931,0.013545291666904689,0.01774250560368757,0.28515625,0.02881003794880388
mainland,0.0,0.1,0.7,selected,10,assurance,a0.1_d0.5,0.5,lifetime,lifetime,depression_vs_zero,256,256,0,0,0.0014748286891836438,0.0015115458456295677,0.0012052986441667775,0.0014847764869367292,0.0,0.0
mainland,0.0,0.1,0.7,selected,40,assurance,a0.1_d0.5,0.5,lifetime,lifetime,depression_vs_zero,256,228,28,4,0.0009532353474190931,0.002550787936932561,0.006051169146804847,0.0023485401494519388,0.09375,0.018253222922509426
mainland,0.0,0.1,0.7,selected,50,assurance,a0.1_d0.5,0.5,lifetime,lifetime,depression_vs_zero,256,218,38,8,-0.0006464152559617906,0.0029584755736061503,0.005984322794422509,0.0027540949890123303,0.1171875,0.020142102022804344
mainland,0.0,0.1,0.7,selected,100,assurance,a0.1_d0.5,0.5,lifetime,lifetime,depression_vs_zero,256,172,83,34,-0.0032081563696969577,0.0039193141718074035,0.01312931387511993,0.0031743042036787056,0.19140625,0.025250307508198358
mainland,0.0,0.1,0.7,selected,200,assurance,a0.1_d0.5,0.5,lifetime,lifetime,depression_vs_zero,256,93,162,80,0.00031996833790143227,0.005904854207127754,0.011085842474002204,0.004383459167188061,0.3203125,0.029739054822576255
mainland,0.0,0.1,0.7,selected,400,assurance,a0.1_d0.5,0.5,lifetime,lifetime,depression_vs_zero,256,23,232,157,0.02135386588813301,0.011136053639448812,0.018758002125119112,0.009704232067533073,0.29296875,0.029033487191918304
mainland,0.75,0.1,0.3,neutral,10,assurance,a0.1_d0.5,0.5,lifetime,lifetime,depression_vs_zero,256,256,0,0,-0.0013646202087740063,0.001197043865941793,-0.0011368206865962878,0.001165420525177984,0.0,0.0
mainland,0.75,0.1,0.3,neutral,40,assurance,a0.1_d0.5,0.5,lifetime,lifetime,depression_vs_zero,256,157,98,5,-0.0011928514800450044,0.003022451323785199,0.0004481201849380152,0.0026757780563239283,0.36328125,0.030622334755472606
mainland,0.75,0.1,0.3,neutral,50,assurance,a0.1_d0.5,0.5,lifetime,lifetime,depression_vs_zero,256,134,121,8,-0.0010308290350170288,0.003534884638938033,0.00620901782985735,0.0031735201356212052,0.44140625,0.03158426466385782
mainland,0.75,0.1,0.3,neutral,100,assurance,a0.1_d0.5,0.5,lifetime,lifetime,depression_vs_zero,256,49,207,53,-0.011750533593597701,0.0084429956120279,0.0075347420116533914,0.006005262049629384,0.6015625,0.030658463859919664
mainland,0.75,0.1,0.3,neutral,200,assurance,a0.1_d0.5,0.5,lifetime,lifetime,depression_vs_zero,256,6,250,130,-0.043073044915495316,0.021350822635422314,0.02764137739484458,0.03866111198697578,0.46875,0.03125
mainland,0.75,0.1,0.3,neutral,400,assurance,a0.1_d0.5,0.5,lifetime,lifetime,depression_vs_zero,256,0,256,192,,,,,0.25,0.02711630722733202
mainland,0.75,0.1,0.3,selected,10,assurance,a0.1_d0.5,0.5,lifetime,lifetime,depression_vs_zero,256,256,0,0,0.0003646418226274607,0.001124846678745241,0.0006617543367993725,0.001165396171323313,0.0,0.0
mainland,0.75,0.1,0.3,selected,40,assurance,a0.1_d0.5,0.5,lifetime,lifetime,depression_vs_zero,256,166,90,6,0.0040972562663060446,0.0031597715592439246,0.0019254089983089856,0.00352847413442632,0.328125,0.029403146715355242
mainland,0.75,0.1,0.3,selected,50,assurance,a0.1_d0.5,0.5,lifetime,lifetime,depression_vs_zero,256,135,121,11,0.007291318206312433,0.0035472975822226074,0.0017436310932413836,0.0037828430593698148,0.4296875,0.031000072886932024
mainland,0.75,0.1,0.3,selected,100,assurance,a0.1_d0.5,0.5,lifetime,lifetime,depression_vs_zero,256,48,208,48,0.001594660019071184,0.006826127638126754,0.016541482624255102,0.006909608240772211,0.625,0.03031695312954162
mainland,0.75,0.1,0.3,selected,200,assurance,a0.1_d0.5,0.5,lifetime,lifetime,depression_vs_zero,256,7,249,115,0.01666401346688398,0.018782049373857433,0.03344094176034777,0.025745790246890603,0.5234375,0.03127679610953544
mainland,0.75,0.1,0.3,selected,400,assurance,a0.1_d0.5,0.5,lifetime,lifetime,depression_vs_zero,256,0,256,184,,,,,0.28125,0.028155620586096754
mainland,0.75,0.1,0.7,neutral,10,assurance,a0.1_d0.5,0.5,lifetime,lifetime,depression_vs_zero,256,256,0,0,0.00042798105745036523,0.001135836270917075,0.0006572309378506073,0.0011646173595393392,0.0,0.0
mainland,0.75,0.1,0.7,neutral,40,assurance,a0.1_d0.5,0.5,lifetime,lifetime,depression_vs_zero,256,183,73,3,-0.002290423258056125,0.0029251766896166683,0.0053175802982659195,0.002953959453833576,0.2734375,0.027912287939448926
mainland,0.75,0.1,0.7,neutral,50,assurance,a0.1_d0.5,0.5,lifetime,lifetime,depression_vs_zero,256,151,105,5,-0.0009686161727928136,0.0035259484974877486,0.010150636728004842,0.003866557725417673,0.390625,0.030552886284181364
mainland,0.75,0.1,0.7,neutral,100,assurance,a0.1_d0.5,0.5,lifetime,lifetime,depression_vs_zero,256,60,196,35,0.0054761710589817545,0.005556362989592409,0.005159420698855315,0.007506266015470653,0.62890625,0.03025273792250212
mainland,0.75,0.1,0.7,neutral,200,assurance,a0.1_d0.5,0.5,lifetime,lifetime,depression_vs_zero,256,4,252,106,-4.910426554810554e-05,0.03490366078770624,0.0511273623811163,0.026294993969804312,0.5703125,0.031000072886932024
mainland,0.75,0.1,0.7,neutral,400,assurance,a0.1_d0.5,0.5,lifetime,lifetime,depression_vs_zero,256,0,256,187,,,,,0.26953125,0.02778659256840428
mainland,0.75,0.1,0.7,selected,10,assurance,a0.1_d0.5,0.5,lifetime,lifetime,depression_vs_zero,256,256,0,0,-0.0008711217570210469,0.0010705065250609233,0.0010583411929537706,0.0011765946973551708,0.0,0.0
mainland,0.75,0.1,0.7,selected,40,assurance,a0.1_d0.5,0.5,lifetime,lifetime,depression_vs_zero,256,193,62,6,0.0004284315101585993,0.0029619955747733667,0.0013416340491774277,0.002936934752282965,0.21875,0.0264731412167569
mainland,0.75,0.1,0.7,selected,50,assurance,a0.1_d0.5,0.5,lifetime,lifetime,depression_vs_zero,256,157,99,8,-0.0004418273581671567,0.0032891352178009794,0.002666811660993095,0.00335711229580517,0.35546875,0.029974545918713902
mainland,0.75,0.1,0.7,selected,100,assurance,a0.1_d0.5,0.5,lifetime,lifetime,depression_vs_zero,256,72,184,35,-0.007994723978518924,0.00553120487859239,0.008009777747477497,0.005915334326615304,0.58203125,0.030886945908310395
mainland,0.75,0.1,0.7,selected,200,assurance,a0.1_d0.5,0.5,lifetime,lifetime,depression_vs_zero,256,11,245,89,0.009372510055519322,0.016881367802142264,0.025963947725131987,0.015813592617405718,0.609375,0.030552886284181364
mainland,0.75,0.1,0.7,selected,400,assurance,a0.1_d0.5,0.5,lifetime,lifetime,depression_vs_zero,256,0,256,174,,,,,0.3203125,0.02921941352659624
both,0.0,0.1,0.3,neutral,10,assurance,a0.1_d0.9,0.9,lifetime,lifetime,depression_vs_zero,256,96,160,12,-0.0025150338108242912,0.0031169781178261016,0.0002998149669018856,0.0027720370398103284,0.578125,0.03092663579296313
both,0.0,0.1,0.3,neutral,40,assurance,a0.1_d0.9,0.9,lifetime,lifetime,depression_vs_zero,256,1,255,229,-0.028011740129984197,,0.03461074425170735,,0.1015625,0.018916489185701057
both,0.0,0.1,0.3,neutral,50,assurance,a0.1_d0.9,0.9,lifetime,lifetime,depression_vs_zero,256,0,256,251,,,,,0.01953125,0.008665862769678052
both,0.0,0.1,0.3,neutral,100,assurance,a0.1_d0.9,0.9,lifetime,lifetime,depression_vs_zero,256,0,256,256,,,,,0.0,0.0
both,0.0,0.1,0.3,neutral,200,assurance,a0.1_d0.9,0.9,lifetime,lifetime,depression_vs_zero,256,0,256,256,,,,,0.0,0.0
both,0.0,0.1,0.3,neutral,400,assurance,a0.1_d0.9,0.9,lifetime,lifetime,depression_vs_zero,256,0,256,256,,,,,0.0,0.0
both,0.0,0.1,0.3,selected,10,assurance,a0.1_d0.9,0.9,lifetime,lifetime,depression_vs_zero,256,100,156,8,-0.0016169491271241384,0.002666280161434573,0.0011158763363430157,0.002936323887944586,0.578125,0.03092663579296313
both,0.0,0.1,0.3,selected,40,assurance,a0.1_d0.9,0.9,lifetime,lifetime,depression_vs_zero,256,1,255,230,-0.03990658296133753,,0.0329738767501474,,0.09765625,0.0185894242372986
both,0.0,0.1,0.3,selected,50,assurance,a0.1_d0.9,0.9,lifetime,lifetime,depression_vs_zero,256,0,256,243,,,,,0.05078125,0.013748798827881614
both,0.0,0.1,0.3,selected,100,assurance,a0.1_d0.9,0.9,lifetime,lifetime,depression_vs_zero,256,0,256,256,,,,,0.0,0.0
both,0.0,0.1,0.3,selected,200,assurance,a0.1_d0.9,0.9,lifetime,lifetime,depression_vs_zero,256,0,256,256,,,,,0.0,0.0
both,0.0,0.1,0.3,selected,400,assurance,a0.1_d0.9,0.9,lifetime,lifetime,depression_vs_zero,256,0,256,256,,,,,0.0,0.0
both,0.0,0.1,0.7,neutral,10,assurance,a0.1_d0.9,0.9,lifetime,lifetime,depression_vs_zero,256,84,172,17,-0.006337335094525724,0.0028683710472329,-0.003438417872052539,0.003063690505454895,0.60546875,0.030606698150250366
both,0.0,0.1,0.7,neutral,40,assurance,a0.1_d0.9,0.9,lifetime,lifetime,depression_vs_zero,256,5,251,222,-0.031283248482837124,0.014397923695506229,0.0055010447676246185,0.00684908718078077,0.11328125,0.01984732000463593
both,0.0,0.1,0.7,neutral,50,assurance,a0.1_d0.9,0.9,lifetime,lifetime,depression_vs_zero,256,2,254,243,-0.06667118530658944,0.0016144981187050653,-0.002749056682696205,0.0061679462650161545,0.04296875,0.012698994328475655
both,0.0,0.1,0.7,neutral,100,assurance,a0.1_d0.9,0.9,lifetime,lifetime,depression_vs_zero,256,0,256,256,,,,,0.0,0.0
both,0.0,0.1,0.7,neutral,200,assurance,a0.1_d0.9,0.9,lifetime,lifetime,depression_vs_zero,256,0,256,256,,,,,0.0,0.0
both,0.0,0.1,0.7,neutral,400,assurance,a0.1_d0.9,0.9,lifetime,lifetime,depression_vs_zero,256,0,256,256,,,,,0.0,0.0
both,0.0,0.1,0.7,selected,10,assurance,a0.1_d0.9,0.9,lifetime,lifetime,depression_vs_zero,256,93,163,17,-0.0020672043587274033,0.0024851451758906634,0.009140957015905895,0.00319607200027669,0.5703125,0.031000072886932024
both,0.0,0.1,0.7,selected,40,assurance,a0.1_d0.9,0.9,lifetime,lifetime,depression_vs_zero,256,5,251,226,-0.02411394097311683,0.006118545998396251,0.02325089263913612,0.016299389751076778,0.09765625,0.0185894242372986
both,0.0,0.1,0.7,selected,50,assurance,a0.1_d0.9,0.9,lifetime,lifetime,depression_vs_zero,256,2,254,245,0.0004921956087096113,0.010632626139489119,0.021592958867098888,0.015231685711191932,0.03515625,0.011533461648261191
both,0.0,0.1,0.7,selected,100,assurance,a0.1_d0.9,0.9,lifetime,lifetime,depression_vs_zero,256,0,256,256,,,,,0.0,0.0
both,0.0,0.1,0.7,selected,200,assurance,a0.1_d0.9,0.9,lifetime,lifetime,depression_vs_zero,256,0,256,256,,,,,0.0,0.0
both,0.0,0.1,0.7,selected,400,assurance,a0.1_d0.9,0.9,lifetime,lifetime,depression_vs_zero,256,0,256,256,,,,,0.0,0.0
both,0.75,0.1,0.3,neutral,10,assurance,a0.1_d0.9,0.9,lifetime,lifetime,depression_vs_zero,256,254,2,0,0.0004154236421096096,0.0015466926102445304,0.0007627984486081163,0.00165711674686167,0.0078125,0.005513429182282041
both,0.75,0.1,0.3,neutral,40,assurance,a0.1_d0.9,0.9,lifetime,lifetime,depression_vs_zero,256,1,254,64,-0.08716322313192235,,0.001251666726568068,,0.7421875,0.02794656770421152
both,0.75,0.1,0.3,neutral,50,assurance,a0.1_d0.9,0.9,lifetime,lifetime,depression_vs_zero,256,0,256,122,,,,,0.5234375,0.03127679610953544
both,0.75,0.1,0.3,neutral,100,assurance,a0.1_d0.9,0.9,lifetime,lifetime,depression_vs_zero,256,0,256,247,,,,,0.03515625,0.011533461648261191
both,0.75,0.1,0.3,neutral,200,assurance,a0.1_d0.9,0.9,lifetime,lifetime,depression_vs_zero,256,0,256,255,,,,,0.00390625,0.00390625
both,0.75,0.1,0.3,neutral,400,assurance,a0.1_d0.9,0.9,lifetime,lifetime,depression_vs_zero,256,0,256,256,,,,,0.0,0.0
both,0.75,0.1,0.3,selected,10,assurance,a0.1_d0.9,0.9,lifetime,lifetime,depression_vs_zero,256,254,2,0,0.0009540270737049074,0.0016110444336544531,0.00347731673747192,0.0017027294662794032,0.0078125,0.005513429182282041
both,0.75,0.1,0.3,selected,40,assurance,a0.1_d0.9,0.9,lifetime,lifetime,depression_vs_zero,256,2,254,63,-0.012774172450276594,0.044022422097817836,0.08041366979767708,0.01857888142301764,0.74609375,0.027256074423586178
both,0.75,0.1,0.3,selected,50,assurance,a0.1_d0.9,0.9,lifetime,lifetime,depression_vs_zero,256,1,255,121,-0.01731628125695961,,0.10208881030577066,,0.5234375,0.03127679610953544
both,0.75,0.1,0.3,selected,100,assurance,a0.1_d0.9,0.9,lifetime,lifetime,depression_vs_zero,256,0,256,244,,,,,0.046875,0.01323657060837845
both,0.75,0.1,0.3,selected,200,assurance,a0.1_d0.9,0.9,lifetime,lifetime,depression_vs_zero,256,0,256,256,,,,,0.0,0.0
both,0.75,0.1,0.3,selected,400,assurance,a0.1_d0.9,0.9,lifetime,lifetime,depression_vs_zero,256,0,256,256,,,,,0.0,0.0
both,0.75,0.1,0.7,neutral,10,assurance,a0.1_d0.9,0.9,lifetime,lifetime,depression_vs_zero,256,255,1,0,-0.002479295091467529,0.0017301731757180029,-0.003025074977408078,0.0016828850691362313,0.00390625,0.00390625
both,0.75,0.1,0.7,neutral,40,assurance,a0.1_d0.9,0.9,lifetime,lifetime,depression_vs_zero,256,0,255,55,,,,,0.78125,0.0264731412167569
both,0.75,0.1,0.7,neutral,50,assurance,a0.1_d0.9,0.9,lifetime,lifetime,depression_vs_zero,256,0,256,110,,,,,0.5703125,0.031000072886932024
both,0.75,0.1,0.7,neutral,100,assurance,a0.1_d0.9,0.9,lifetime,lifetime,depression_vs_zero,256,0,256,243,,,,,0.05078125,0.013748798827881614
both,0.75,0.1,0.7,neutral,200,assurance,a0.1_d0.9,0.9,lifetime,lifetime,depression_vs_zero,256,0,256,256,,,,,0.0,0.0
both,0.75,0.1,0.7,neutral,400,assurance,a0.1_d0.9,0.9,lifetime,lifetime,depression_vs_zero,256,0,256,256,,,,,0.0,0.0
both,0.75,0.1,0.7,selected,10,assurance,a0.1_d0.9,0.9,lifetime,lifetime,depression_vs_zero,256,255,1,0,-0.003736638621757927,0.0017110807322987523,0.00020771060971608912,0.0017479065959925266,0.00390625,0.00390625
both,0.75,0.1,0.7,selected,40,assurance,a0.1_d0.9,0.9,lifetime,lifetime,depression_vs_zero,256,1,254,53,-0.07470741952869997,,0.053171006568786316,,0.78515625,0.02630875594840425
both,0.75,0.1,0.7,selected,50,assurance,a0.1_d0.9,0.9,lifetime,lifetime,depression_vs_zero,256,1,255,109,-0.05745370564677865,,0.05573071157437409,,0.5703125,0.031000072886932024
both,0.75,0.1,0.7,selected,100,assurance,a0.1_d0.9,0.9,lifetime,lifetime,depression_vs_zero,256,0,256,242,,,,,0.0546875,0.014238414945897898
both,0.75,0.1,0.7,selected,200,assurance,a0.1_d0.9,0.9,lifetime,lifetime,depression_vs_zero,256,0,256,256,,,,,0.0,0.0
both,0.75,0.1,0.7,selected,400,assurance,a0.1_d0.9,0.9,lifetime,lifetime,depression_vs_zero,256,0,256,256,,,,,0.0,0.0
mainland,0.0,0.1,0.3,neutral,10,assurance,a0.1_d0.9,0.9,lifetime,lifetime,depression_vs_zero,256,235,21,0,-0.0009451809163488963,0.0015508516774529549,-0.0022757472656626918,0.001551487351512075,0.08203125,0.017184366358720803
mainland,0.0,0.1,0.3,neutral,40,assurance,a0.1_d0.9,0.9,lifetime,lifetime,depression_vs_zero,256,172,84,22,-0.003833038292917956,0.0035452440115335227,-0.008540207645810855,0.0036352418862788316,0.2421875,0.026827898476066977
mainland,0.0,0.1,0.3,neutral,50,assurance,a0.1_d0.9,0.9,lifetime,lifetime,depression_vs_zero,256,157,99,25,-0.007729043094056146,0.0039001928221078577,-0.010097261780512939,0.0043089964145339036,0.2890625,0.02838843806999465
mainland,0.0,0.1,0.3,neutral,100,assurance,a0.1_d0.9,0.9,lifetime,lifetime,depression_vs_zero,256,103,153,40,-0.00547390858957379,0.005923052291086001,-0.008108522532739571,0.006307432329942249,0.44140625,0.031095474260005376
mainland,0.0,0.1,0.3,neutral,200,assurance,a0.1_d0.9,0.9,lifetime,lifetime,depression_vs_zero,256,40,216,97,-0.006244247011104224,0.010610856246334408,-0.007201500204516273,0.009974707435055945,0.46484375,0.031233719717571797
mainland,0.0,0.1,0.3,neutral,400,assurance,a0.1_d0.9,0.9,lifetime,lifetime,depression_vs_zero,256,7,249,167,0.04482656428238648,0.019822961189188543,0.00920826908107857,0.02399991112669769,0.3203125,0.02921941352659624
mainland,0.0,0.1,0.3,selected,10,assurance,a0.1_d0.9,0.9,lifetime,lifetime,depression_vs_zero,256,239,17,0,-0.001224137463196594,0.0016123849496474162,0.001706509774012541,0.001745291976229079,0.06640625,0.015592413937419483
mainland,0.0,0.1,0.3,selected,40,assurance,a0.1_d0.9,0.9,lifetime,lifetime,depression_vs_zero,256,189,67,15,0.0020529248305677095,0.002891032435446899,0.006806559455343186,0.002690105596686304,0.203125,0.02519455546343297
mainland,0.0,0.1,0.3,selected,50,assurance,a0.1_d0.9,0.9,lifetime,lifetime,depression_vs_zero,256,181,75,20,0.0029784374788116245,0.0030591149337783267,0.008826039575397038,0.0027691291471628903,0.21484375,0.0257199025008015
mainland,0.0,0.1,0.3,selected,100,assurance,a0.1_d0.9,0.9,lifetime,lifetime,depression_vs_zero,256,126,130,37,0.005309584343127031,0.0040373464020685805,0.007300155096030324,0.003348995172808422,0.36328125,0.030117937030518287
mainland,0.0,0.1,0.3,selected,200,assurance,a0.1_d0.9,0.9,lifetime,lifetime,depression_vs_zero,256,46,209,100,0.009970883611493484,0.005336399232745598,0.010238891986851883,0.006058521088882341,0.42578125,0.0314551705371833
mainland,0.0,0.1,0.3,selected,400,assurance,a0.1_d0.9,0.9,lifetime,lifetime,depression_vs_zero,256,9,246,170,0.005730911997306024,0.010455681505156406,0.0038561669637501663,0.012528648399097257,0.296875,0.02914148948344483
mainland,0.0,0.1,0.7,neutral,10,assurance,a0.1_d0.9,0.9,lifetime,lifetime,depression_vs_zero,256,251,5,0,-0.00047891444145065873,0.0015927269416714147,-0.0008761944463980198,0.0014752033407916742,0.01953125,0.008665862769678052
mainland,0.0,0.1,0.7,neutral,40,assurance,a0.1_d0.9,0.9,lifetime,lifetime,depression_vs_zero,256,210,46,4,-0.002426799716293895,0.003368462761652617,-0.00025515268242503925,0.003379717001606443,0.1640625,0.023191106822697462
mainland,0.0,0.1,0.7,neutral,50,assurance,a0.1_d0.9,0.9,lifetime,lifetime,depression_vs_zero,256,196,60,6,-0.005374745287315557,0.003828718745115365,0.0015728760547577291,0.0038920639231359404,0.2109375,0.0255483295255114
mainland,0.0,0.1,0.7,neutral,100,assurance,a0.1_d0.9,0.9,lifetime,lifetime,depression_vs_zero,256,132,122,34,-0.010045145142399608,0.005295350767480651,0.0038785818303889367,0.005601663205048811,0.34375,0.03075589772869651
mainland,0.0,0.1,0.7,neutral,200,assurance,a0.1_d0.9,0.9,lifetime,lifetime,depression_vs_zero,256,54,202,88,-0.005374624190814557,0.009374184231865276,0.0160753995461871,0.009598844584920958,0.4453125,0.031123364739703004
mainland,0.0,0.1,0.7,neutral,400,assurance,a0.1_d0.9,0.9,lifetime,lifetime,depression_vs_zero,256,7,248,166,0.014474795626824395,0.022172211670113982,0.0666195199269894,0.021989109059374966,0.3203125,0.029739054822576255
mainland,0.0,0.1,0.7,selected,10,assurance,a0.1_d0.9,0.9,lifetime,lifetime,depression_vs_zero,256,252,4,0,0.0004599070480512034,0.0014705643749617912,0.002538439820715107,0.0014448877228703284,0.015625,0.007766408152307944
mainland,0.0,0.1,0.7,selected,40,assurance,a0.1_d0.9,0.9,lifetime,lifetime,depression_vs_zero,256,221,35,4,0.0034489170222097047,0.002480794841071187,0.009341244235510334,0.002402493336291272,0.12109375,0.0204297028772015
mainland,0.0,0.1,0.7,selected,50,assurance,a0.1_d0.9,0.9,lifetime,lifetime,depression_vs_zero,256,208,48,8,0.003501562078182506,0.0027243890849731906,0.00918847434026147,0.0026839305714848397,0.15625,0.022737714847156216
mainland,0.0,0.1,0.7,selected,100,assurance,a0.1_d0.9,0.9,lifetime,lifetime,depression_vs_zero,256,155,101,34,-0.0004993480179730247,0.0038116550826618693,0.013345604771807946,0.0033292935842225762,0.26171875,0.027526959754524398
mainland,0.0,0.1,0.7,selected,200,assurance,a0.1_d0.9,0.9,lifetime,lifetime,depression_vs_zero,256,69,186,80,0.0019169655986573588,0.006182385725208887,0.018746713462362317,0.004875042252077563,0.4140625,0.03133795832118289
mainland,0.0,0.1,0.7,selected,400,assurance,a0.1_d0.9,0.9,lifetime,lifetime,depression_vs_zero,256,10,246,157,-0.0014242348135598214,0.009619936369648698,0.013788981447624221,0.012977247705908437,0.34765625,0.029822440677853123
mainland,0.75,0.1,0.3,neutral,10,assurance,a0.1_d0.9,0.9,lifetime,lifetime,depression_vs_zero,256,256,0,0,-0.0011247341142826002,0.001248033893148361,-0.0003875176390295645,0.001260839843560982,0.0,0.0
mainland,0.75,0.1,0.3,neutral,40,assurance,a0.1_d0.9,0.9,lifetime,lifetime,depression_vs_zero,256,61,195,5,-0.0024453202498490993,0.005126521515702612,0.005837698591844683,0.005485848600463447,0.7421875,0.027392944192695272
mainland,0.75,0.1,0.3,neutral,50,assurance,a0.1_d0.9,0.9,lifetime,lifetime,depression_vs_zero,256,40,216,8,-0.005413094450828754,0.00718261453024978,0.00380720384389117,0.007005071088981012,0.8125,0.02444230902734509
mainland,0.75,0.1,0.3,neutral,100,assurance,a0.1_d0.9,0.9,lifetime,lifetime,depression_vs_zero,256,3,253,53,0.026575288263099277,0.028325271635581746,0.01225879784443018,0.027891124360969313,0.78125,0.025888027174359812
mainland,0.75,0.1,0.3,neutral,200,assurance,a0.1_d0.9,0.9,lifetime,lifetime,depression_vs_zero,256,0,256,130,,,,,0.4921875,0.03130739215119687
mainland,0.75,0.1,0.3,neutral,400,assurance,a0.1_d0.9,0.9,lifetime,lifetime,depression_vs_zero,256,0,256,192,,,,,0.25,0.02711630722733202
mainland,0.75,0.1,0.3,selected,10,assurance,a0.1_d0.9,0.9,lifetime,lifetime,depression_vs_zero,256,256,0,0,0.00019820698385979033,0.0012686007919690465,0.0028869286699888443,0.0012233216590258962,0.0,0.0
mainland,0.75,0.1,0.3,selected,40,assurance,a0.1_d0.9,0.9,lifetime,lifetime,depression_vs_zero,256,58,198,6,0.0014950519041544994,0.0050575809396587795,0.0016197247567294173,0.005068335607872226,0.75,0.02711630722733202
mainland,0.75,0.1,0.3,selected,50,assurance,a0.1_d0.9,0.9,lifetime,lifetime,depression_vs_zero,256,42,214,11,0.0051644852458697064,0.006089339736283018,-0.001444701722596848,0.00514436177031456,0.79296875,0.025373238296688486
mainland,0.75,0.1,0.3,selected,100,assurance,a0.1_d0.9,0.9,lifetime,lifetime,depression_vs_zero,256,6,250,48,0.007324650762575315,0.007797700656699631,0.011533226333320748,0.013477356429087092,0.7890625,0.0255483295255114
mainland,0.75,0.1,0.3,selected,200,assurance,a0.1_d0.9,0.9,lifetime,lifetime,depression_vs_zero,256,0,256,115,,,,,0.55078125,0.03114930928944587
mainland,0.75,0.1,0.3,selected,400,assurance,a0.1_d0.9,0.9,lifetime,lifetime,depression_vs_zero,256,0,256,184,,,,,0.28125,0.028155620586096754
mainland,0.75,0.1,0.7,neutral,10,assurance,a0.1_d0.9,0.9,lifetime,lifetime,depression_vs_zero,256,256,0,0,0.0003901343876950955,0.0012930478066060138,-0.0006670310344372345,0.0012130712667888814,0.0,0.0
mainland,0.75,0.1,0.7,neutral,40,assurance,a0.1_d0.9,0.9,lifetime,lifetime,depression_vs_zero,256,67,189,3,-0.004050287064827046,0.004440124294783743,0.00798836660144592,0.004457753123266129,0.7265625,0.027912287939448926
mainland,0.75,0.1,0.7,neutral,50,assurance,a0.1_d0.9,0.9,lifetime,lifetime,depression_vs_zero,256,44,212,5,-0.0058036272420869065,0.005088780932574251,0.005256272636543005,0.005716224786542777,0.80859375,0.024636168012834657
mainland,0.75,0.1,0.7,neutral,100,assurance,a0.1_d0.9,0.9,lifetime,lifetime,depression_vs_zero,256,10,246,35,-0.017062796003276103,0.015838431050667106,0.036602003164261085,0.016195668500714792,0.82421875,0.02383622240669279
mainland,0.75,0.1,0.7,neutral,200,assurance,a0.1_d0.9,0.9,lifetime,lifetime,depression_vs_zero,256,1,255,106,-0.05428386977183253,,-0.0251518538679934,,0.58203125,0.030886945908310395
mainland,0.75,0.1,0.7,neutral,400,assurance,a0.1_d0.9,0.9,lifetime,lifetime,depression_vs_zero,256,0,256,187,,,,,0.26953125,0.02778659256840428
mainland,0.75,0.1,0.7,selected,10,assurance,a0.1_d0.9,0.9,lifetime,lifetime,depression_vs_zero,256,256,0,0,-0.0019284235585008982,0.0013675527343887308,-0.0005984915474389345,0.001318189053595247,0.0,0.0
mainland,0.75,0.1,0.7,selected,40,assurance,a0.1_d0.9,0.9,lifetime,lifetime,depression_vs_zero,256,86,170,6,-0.001524048669135871,0.00422126247741269,0.00679790527213973,0.004697530802223838,0.640625,0.0300473227657999
mainland,0.75,0.1,0.7,selected,50,assurance,a0.1_d0.9,0.9,lifetime,lifetime,depression_vs_zero,256,54,202,8,-0.009915949266996371,0.005128417349627841,0.011510777718684913,0.005179786997618169,0.7578125,0.026827898476066977
mainland,0.75,0.1,0.7,selected,100,assurance,a0.1_d0.9,0.9,lifetime,lifetime,depression_vs_zero,256,8,248,35,0.006737007554280458,0.014465357916019186,0.03157729008195023,0.01792319272819099,0.83203125,0.023410677053257382
mainland,0.75,0.1,0.7,selected,200,assurance,a0.1_d0.9,0.9,lifetime,lifetime,depression_vs_zero,256,0,256,89,,,,,0.65234375,0.029822440677853123
mainland,0.75,0.1,0.7,selected,400,assurance,a0.1_d0.9,0.9,lifetime,lifetime,depression_vs_zero,256,0,256,174,,,,,0.3203125,0.02921941352659624
both,0.0,0.5,0.3,neutral,10,assurance,a0.5_d0.5,0.5,lifetime,lifetime,depression_vs_zero,256,256,0,0,-0.0012452575010888855,0.0014921158911527005,0.0019481485637301743,0.001425730994789201,0.0,0.0
both,0.0,0.5,0.3,neutral,40,assurance,a0.5_d0.5,0.5,lifetime,lifetime,depression_vs_zero,256,256,0,0,0.002591841876346125,0.0035200506109041825,-0.0005785132996304209,0.003094116987366548,0.0,0.0
both,0.0,0.5,0.3,neutral,50,assurance,a0.5_d0.5,0.5,lifetime,lifetime,depression_vs_zero,256,256,0,0,0.0011405261208003723,0.003817385311175102,0.0005383963666570619,0.0032875575677327497,0.0,0.0
both,0.0,0.5,0.3,neutral,100,assurance,a0.5_d0.5,0.5,lifetime,lifetime,depression_vs_zero,256,256,0,0,-0.0025083345929441695,0.004521786079583,-4.1257882743116724e-05,0.004144979738997359,0.0,0.0
both,0.0,0.5,0.3,neutral,200,assurance,a0.5_d0.5,0.5,lifetime,lifetime,depression_vs_zero,256,256,0,0,-0.001966405919069338,0.004987492287033813,-0.0008171995518540338,0.004716489586594138,0.0,0.0
both,0.0,0.5,0.3,neutral,400,assurance,a0.5_d0.5,0.5,lifetime,lifetime,depression_vs_zero,256,256,0,0,-0.001816630388836928,0.0050508265164972335,-0.001622483394917495,0.004829569945206205,0.0,0.0
both,0.0,0.5,0.3,selected,10,assurance,a0.5_d0.5,0.5,lifetime,lifetime,depression_vs_zero,256,256,0,0,0.0017987105681522924,0.0017579128957608936,0.0075340771914649066,0.0016726155089619196,0.0,0.0
both,0.0,0.5,0.3,selected,40,assurance,a0.5_d0.5,0.5,lifetime,lifetime,depression_vs_zero,256,256,0,0,0.003339227577096702,0.0033056887414576372,0.01632915865217427,0.003321622445837737,0.0,0.0
both,0.0,0.5,0.3,selected,50,assurance,a0.5_d0.5,0.5,lifetime,lifetime,depression_vs_zero,256,256,0,0,0.003015147666433084,0.0033551304941962837,0.015809208768786605,0.003582480644552263,0.0,0.0
both,0.0,0.5,0.3,selected,100,assurance,a0.5_d0.5,0.5,lifetime,lifetime,depression_vs_zero,256,256,0,0,0.003978247803015496,0.004005974855791803,0.01841946595582215,0.003910422499462514,0.0,0.0
both,0.0,0.5,0.3,selected,200,assurance,a0.5_d0.5,0.5,lifetime,lifetime,depression_vs_zero,256,256,0,0,0.005391164024838876,0.00425912608455813,0.018756745761207255,0.004053476105926103,0.0,0.0
both,0.0,0.5,0.3,selected,400,assurance,a0.5_d0.5,0.5,lifetime,lifetime,depression_vs_zero,256,256,0,0,0.006412375579892485,0.004303169590236068,0.018616144494732083,0.004091609883619786,0.0,0.0
both,0.0,0.5,0.7,neutral,10,assurance,a0.5_d0.5,0.5,lifetime,lifetime,depression_vs_zero,256,256,0,0,0.0005515962327668606,0.0014129522038891491,-0.0015970204514862763,0.0014532565517634934,0.0,0.0
both,0.0,0.5,0.7,neutral,40,assurance,a0.5_d0.5,0.5,lifetime,lifetime,depression_vs_zero,256,256,0,0,0.0002962574100340968,0.0030026289361977073,-0.00736071881576286,0.0030492726206510154,0.0,0.0
both,0.0,0.5,0.7,neutral,50,assurance,a0.5_d0.5,0.5,lifetime,lifetime,depression_vs_zero,256,256,0,0,0.0001709099268256669,0.0033393208352647703,-0.009146736348957667,0.0034515586655546725,0.0,0.0
both,0.0,0.5,0.7,neutral,100,assurance,a0.5_d0.5,0.5,lifetime,lifetime,depression_vs_zero,256,256,0,0,0.0005162433868579684,0.003910096315830171,-0.01242191620155703,0.004373675356035401,0.0,0.0
both,0.0,0.5,0.7,neutral,200,assurance,a0.5_d0.5,0.5,lifetime,lifetime,depression_vs_zero,256,256,0,0,-0.001548198327111862,0.004503200055204664,-0.012851702852490475,0.004867933879077903,0.0,0.0
both,0.0,0.5,0.7,neutral,400,assurance,a0.5_d0.5,0.5,lifetime,lifetime,depression_vs_zero,256,256,0,0,-0.0021233087090286413,0.0045834696122844,-0.01187858502869427,0.004907281108790036,0.0,0.0
both,0.0,0.5,0.7,selected,10,assurance,a0.5_d0.5,0.5,lifetime,lifetime,depression_vs_zero,256,256,0,0,-0.001364050644017776,0.0015877244993720097,0.004721289208896337,0.0015620002552669172,0.0,0.0
both,0.0,0.5,0.7,selected,40,assurance,a0.5_d0.5,0.5,lifetime,lifetime,depression_vs_zero,256,256,0,0,-0.0017077773730554257,0.00334306219254959,0.007431794684909898,0.003029018947178765,0.0,0.0
both,0.0,0.5,0.7,selected,50,assurance,a0.5_d0.5,0.5,lifetime,lifetime,depression_vs_zero,256,256,0,0,-0.0008773055541529667,0.0036985401192332714,0.00974882833424193,0.0032721836525002905,0.0,0.0
both,0.0,0.5,0.7,selected,100,assurance,a0.5_d0.5,0.5,lifetime,lifetime,depression_vs_zero,256,256,0,0,0.001113267630006555,0.004266553058624024,0.009322210332593114,0.0038800087921585405,0.0,0.0
both,0.0,0.5,0.7,selected,200,assurance,a0.5_d0.5,0.5,lifetime,lifetime,depression_vs_zero,256,256,0,0,0.002121591682357928,0.004509355156086621,0.010506515334013722,0.004096909358715635,0.0,0.0
both,0.0,0.5,0.7,selected,400,assurance,a0.5_d0.5,0.5,lifetime,lifetime,depression_vs_zero,256,256,0,0,0.0013923485242530106,0.004501166639558588,0.009698298180666164,0.004125000268837007,0.0,0.0
both,0.75,0.5,0.3,neutral,10,assurance,a0.5_d0.5,0.5,lifetime,lifetime,depression_vs_zero,256,256,0,0,0.0005875815848044392,0.0007120655676746138,0.0010964229548000861,0.0006920145987664452,0.0,0.0
both,0.75,0.5,0.3,neutral,40,assurance,a0.5_d0.5,0.5,lifetime,lifetime,depression_vs_zero,256,256,0,0,0.0035577468926703227,0.002468233082728083,-0.0022112711823043434,0.0023214251028637156,0.0,0.0
both,0.75,0.5,0.3,neutral,50,assurance,a0.5_d0.5,0.5,lifetime,lifetime,depression_vs_zero,256,256,0,0,0.0038730688388069496,0.0027586392883891483,-0.003112740432007044,0.002656375520530015,0.0,0.0
both,0.75,0.5,0.3,neutral,100,assurance,a0.5_d0.5,0.5,lifetime,lifetime,depression_vs_zero,256,256,0,0,6.716595579601536e-05,0.003665458110251637,-0.004792064672023725,0.003649110306632718,0.0,0.0
both,0.75,0.5,0.3,neutral,200,assurance,a0.5_d0.5,0.5,lifetime,lifetime,depression_vs_zero,256,256,0,0,-0.0004854273760608389,0.004355479962545538,-0.006492801245090934,0.004654493209097067,0.0,0.0
both,0.75,0.5,0.3,neutral,400,assurance,a0.5_d0.5,0.5,lifetime,lifetime,depression_vs_zero,256,256,0,0,0.00025692536282639585,0.004728247781889244,-0.008037119486156801,0.004993072513515971,0.0,0.0
both,0.75,0.5,0.3,selected,10,assurance,a0.5_d0.5,0.5,lifetime,lifetime,depression_vs_zero,256,256,0,0,0.0007418315198723404,0.0007400284177130048,0.0011301664240706334,0.0007153371432116141,0.0,0.0
both,0.75,0.5,0.3,selected,40,assurance,a0.5_d0.5,0.5,lifetime,lifetime,depression_vs_zero,256,256,0,0,0.0021428697960707583,0.0022047053529854386,0.0023962272964888317,0.0021615173365043447,0.0,0.0
both,0.75,0.5,0.3,selected,50,assurance,a0.5_d0.5,0.5,lifetime,lifetime,depression_vs_zero,256,256,0,0,0.0028287597547591125,0.0025157851551522656,0.0036228164381179343,0.002386723900849014,0.0,0.0
both,0.75,0.5,0.3,selected,100,assurance,a0.5_d0.5,0.5,lifetime,lifetime,depression_vs_zero,256,256,0,0,0.0029392109943655303,0.0033658918069206212,0.003920674560337539,0.003363902515108658,0.0,0.0
both,0.75,0.5,0.3,selected,200,assurance,a0.5_d0.5,0.5,lifetime,lifetime,depression_vs_zero,256,256,0,0,0.006214946127426453,0.004248818996049099,0.0016130803530441042,0.003966224733904794,0.0,0.0
both,0.75,0.5,0.3,selected,400,assurance,a0.5_d0.5,0.5,lifetime,lifetime,depression_vs_zero,256,256,0,0,0.006129122658255242,0.004503392042526757,0.0003080209769575875,0.004134339203646002,0.0,0.0
both,0.75,0.5,0.7,neutral,10,assurance,a0.5_d0.5,0.5,lifetime,lifetime,depression_vs_zero,256,256,0,0,0.0006638623592631798,0.0006479996374401078,-0.0003870311978411774,0.0006893285546991243,0.0,0.0
both,0.75,0.5,0.7,neutral,40,assurance,a0.5_d0.5,0.5,lifetime,lifetime,depression_vs_zero,256,256,0,0,-0.0008350894878450003,0.0022978607706680256,-0.003978469276382719,0.0023148503338951717,0.0,0.0
both,0.75,0.5,0.7,neutral,50,assurance,a0.5_d0.5,0.5,lifetime,lifetime,depression_vs_zero,256,256,0,0,-0.0017757336904758582,0.0026342379368639816,-0.006195724248043948,0.0027451723795435434,0.0,0.0
both,0.75,0.5,0.7,neutral,100,assurance,a0.5_d0.5,0.5,lifetime,lifetime,depression_vs_zero,256,256,0,0,-0.003837003161202778,0.003637962773439527,-0.006908889760627622,0.0033981819387219115,0.0,0.0
both,0.75,0.5,0.7,neutral,200,assurance,a0.5_d0.5,0.5,lifetime,lifetime,depression_vs_zero,256,256,0,0,-0.004608300070431887,0.004474823919425707,-0.005701858672123441,0.0042185065343369405,0.0,0.0
both,0.75,0.5,0.7,neutral,400,assurance,a0.5_d0.5,0.5,lifetime,lifetime,depression_vs_zero,256,256,0,0,-0.0032217572350968305,0.004828350104940099,-0.006518581804313416,0.004813823381747466,0.0,0.0
both,0.75,0.5,0.7,selected,10,assurance,a0.5_d0.5,0.5,lifetime,lifetime,depression_vs_zero,256,256,0,0,-0.000374177071315188,0.000683295376782758,8.929060461852442e-05,0.0007169083790781877,0.0,0.0
both,0.75,0.5,0.7,selected,40,assurance,a0.5_d0.5,0.5,lifetime,lifetime,depression_vs_zero,256,256,0,0,-0.0022768931461890876,0.002140969162650353,0.00022179468651485406,0.0021500248966806967,0.0,0.0
both,0.75,0.5,0.7,selected,50,assurance,a0.5_d0.5,0.5,lifetime,lifetime,depression_vs_zero,256,256,0,0,-0.0011073113518832575,0.0024802944164603307,-0.0003068577536328081,0.002469478461819451,0.0,0.0
both,0.75,0.5,0.7,selected,100,assurance,a0.5_d0.5,0.5,lifetime,lifetime,depression_vs_zero,256,256,0,0,-0.0031980801839407453,0.0036561185179481916,0.0033275666344486266,0.0034775497631600585,0.0,0.0
both,0.75,0.5,0.7,selected,200,assurance,a0.5_d0.5,0.5,lifetime,lifetime,depression_vs_zero,256,256,0,0,-0.0032320620088549653,0.004211817931888658,-3.468875252041182e-05,0.0038848765265179636,0.0,0.0
both,0.75,0.5,0.7,selected,400,assurance,a0.5_d0.5,0.5,lifetime,lifetime,depression_vs_zero,256,256,0,0,6.839917871042517e-05,0.004691670455666761,-0.001155033358159523,0.004103343566473561,0.0,0.0
mainland,0.0,0.5,0.3,neutral,10,assurance,a0.5_d0.5,0.5,lifetime,lifetime,depression_vs_zero,256,256,0,0,0.00015441690753661454,0.0015502813451090845,-0.0006398274920632434,0.0015344973243474288,0.0,0.0
mainland,0.0,0.5,0.3,neutral,40,assurance,a0.5_d0.5,0.5,lifetime,lifetime,depression_vs_zero,256,256,0,0,-0.0024925130913027362,0.0030474247018606316,-0.0028557881559354535,0.002956324858261821,0.0,0.0
mainland,0.0,0.5,0.3,neutral,50,assurance,a0.5_d0.5,0.5,lifetime,lifetime,depression_vs_zero,256,256,0,0,-0.003863115828212864,0.003487038019722948,-0.0035771519785849698,0.003262787574817742,0.0,0.0
mainland,0.0,0.5,0.3,neutral,100,assurance,a0.5_d0.5,0.5,lifetime,lifetime,depression_vs_zero,256,256,0,0,-0.0012240822819281653,0.004389714251731723,-0.0023709611668526497,0.00401149091672558,0.0,0.0
mainland,0.0,0.5,0.3,neutral,200,assurance,a0.5_d0.5,0.5,lifetime,lifetime,depression_vs_zero,256,256,0,0,-0.0010219528561971336,0.005083404473561551,0.002127684047872741,0.004699659556385584,0.0,0.0
mainland,0.0,0.5,0.3,neutral,400,assurance,a0.5_d0.5,0.5,lifetime,lifetime,depression_vs_zero,256,256,0,0,-0.00041112898861951803,0.005340830432617885,0.003193305023781564,0.004875827477464652,0.0,0.0
mainland,0.0,0.5,0.3,selected,10,assurance,a0.5_d0.5,0.5,lifetime,lifetime,depression_vs_zero,256,256,0,0,0.00016261299425898452,0.0015939578859749445,0.003847983166967115,0.0015934399247222461,0.0,0.0
mainland,0.0,0.5,0.3,selected,40,assurance,a0.5_d0.5,0.5,lifetime,lifetime,depression_vs_zero,256,256,0,0,0.0017687846077877822,0.002947664482195034,0.015312776463028154,0.003029175847486963,0.0,0.0
mainland,0.0,0.5,0.3,selected,50,assurance,a0.5_d0.5,0.5,lifetime,lifetime,depression_vs_zero,256,256,0,0,0.0014461159664887744,0.003212851609005523,0.017660713525099802,0.0032426316245651055,0.0,0.0
mainland,0.0,0.5,0.3,selected,100,assurance,a0.5_d0.5,0.5,lifetime,lifetime,depression_vs_zero,256,256,0,0,0.0005610802172857107,0.0038903108979224054,0.027236237379862728,0.0036957350011869537,0.0,0.0
mainland,0.0,0.5,0.3,selected,200,assurance,a0.5_d0.5,0.5,lifetime,lifetime,depression_vs_zero,256,256,0,0,-0.0012059366188362627,0.0040286937690357716,0.03445008981963598,0.004172546720751836,0.0,0.0
mainland,0.0,0.5,0.3,selected,400,assurance,a0.5_d0.5,0.5,lifetime,lifetime,depression_vs_zero,256,256,0,0,-0.0003082776916322003,0.004087790918083093,0.03568058194185979,0.004328704617849215,0.0,0.0
mainland,0.0,0.5,0.7,neutral,10,assurance,a0.5_d0.5,0.5,lifetime,lifetime,depression_vs_zero,256,256,0,0,-0.00017921716087263787,0.001579207770664942,-0.000244272834833002,0.0013338820614892644,0.0,0.0
mainland,0.0,0.5,0.7,neutral,40,assurance,a0.5_d0.5,0.5,lifetime,lifetime,depression_vs_zero,256,256,0,0,0.0027053479056094462,0.003164596314901324,-0.0005042573635805846,0.0029607810245740117,0.0,0.0
mainland,0.0,0.5,0.7,neutral,50,assurance,a0.5_d0.5,0.5,lifetime,lifetime,depression_vs_zero,256,256,0,0,0.0026699308523611643,0.0033463570788802824,-0.0023194589823962407,0.003246683863505666,0.0,0.0
mainland,0.0,0.5,0.7,neutral,100,assurance,a0.5_d0.5,0.5,lifetime,lifetime,depression_vs_zero,256,256,0,0,0.0005996099423528855,0.004039327633444423,-0.002369898170032759,0.003986794342137932,0.0,0.0
mainland,0.0,0.5,0.7,neutral,200,assurance,a0.5_d0.5,0.5,lifetime,lifetime,depression_vs_zero,256,256,0,0,-0.004755443065091375,0.004670180809460966,-0.0002463287725084744,0.004613672291099931,0.0,0.0
mainland,0.0,0.5,0.7,neutral,400,assurance,a0.5_d0.5,0.5,lifetime,lifetime,depression_vs_zero,256,256,0,0,-0.005441070750418709,0.004898030723074952,0.0014357918133863562,0.004747020443821502,0.0,0.0
mainland,0.0,0.5,0.7,selected,10,assurance,a0.5_d0.5,0.5,lifetime,lifetime,depression_vs_zero,256,256,0,0,0.003034919557217579,0.0016293005774693677,0.005762501611394152,0.0015990970884344484,0.0,0.0
mainland,0.0,0.5,0.7,selected,40,assurance,a0.5_d0.5,0.5,lifetime,lifetime,depression_vs_zero,256,256,0,0,-0.00024148557193488926,0.0028919683370347425,0.02291109391877593,0.0028700664391451977,0.0,0.0
mainland,0.0,0.5,0.7,selected,50,assurance,a0.5_d0.5,0.5,lifetime,lifetime,depression_vs_zero,256,256,0,0,0.00327117914657502,0.0032131992240077116,0.026464751749287536,0.0029810029569560708,0.0,0.0
mainland,0.0,0.5,0.7,selected,100,assurance,a0.5_d0.5,0.5,lifetime,lifetime,depression_vs_zero,256,256,0,0,0.0030097831330073367,0.0036869626047357413,0.040735740130989836,0.0037021993173984476,0.0,0.0
mainland,0.0,0.5,0.7,selected,200,assurance,a0.5_d0.5,0.5,lifetime,lifetime,depression_vs_zero,256,256,0,0,0.0006215102037599373,0.003907946197945752,0.0437523025625553,0.004139766547573,0.0,0.0
mainland,0.0,0.5,0.7,selected,400,assurance,a0.5_d0.5,0.5,lifetime,lifetime,depression_vs_zero,256,256,0,0,-1.4049242429433218e-05,0.0039315078580722616,0.04652343408378469,0.0042269900157522276,0.0,0.0
mainland,0.75,0.5,0.3,neutral,10,assurance,a0.5_d0.5,0.5,lifetime,lifetime,depression_vs_zero,256,256,0,0,-0.0012907970403747892,0.0007824901096586994,-0.0007872149363655266,0.0008031107032812004,0.0,0.0
mainland,0.75,0.5,0.3,neutral,40,assurance,a0.5_d0.5,0.5,lifetime,lifetime,depression_vs_zero,256,256,0,0,-0.0030092332323932835,0.0020719809962032438,0.0028629754811876915,0.002221651373650396,0.0,0.0
mainland,0.75,0.5,0.3,neutral,50,assurance,a0.5_d0.5,0.5,lifetime,lifetime,depression_vs_zero,256,256,0,0,-0.002488589350016477,0.0023546443658574627,0.0016489004749108975,0.002489216611774652,0.0,0.0
mainland,0.75,0.5,0.3,neutral,100,assurance,a0.5_d0.5,0.5,lifetime,lifetime,depression_vs_zero,256,256,0,0,-0.0009658394377473045,0.003465230106442156,-0.0025848166210502496,0.003264722553328687,0.0,0.0
mainland,0.75,0.5,0.3,neutral,200,assurance,a0.5_d0.5,0.5,lifetime,lifetime,depression_vs_zero,256,256,0,0,-0.004113384139940881,0.0043317854057331115,0.0014113424219692678,0.004176447759655165,0.0,0.0
mainland,0.75,0.5,0.3,neutral,400,assurance,a0.5_d0.5,0.5,lifetime,lifetime,depression_vs_zero,256,256,0,0,-0.012521703037642036,0.0047870122853014485,-0.00023263172302488005,0.004651745753036419,0.0,0.0
mainland,0.75,0.5,0.3,selected,10,assurance,a0.5_d0.5,0.5,lifetime,lifetime,depression_vs_zero,256,256,0,0,-0.0016172354537555681,0.000826617203981477,0.00047162520917896824,0.0007543530793664699,0.0,0.0
mainland,0.75,0.5,0.3,selected,40,assurance,a0.5_d0.5,0.5,lifetime,lifetime,depression_vs_zero,256,256,0,0,-0.0018387666391315128,0.0021335994063042584,0.0059445220705272115,0.0021327942728949956,0.0,0.0
mainland,0.75,0.5,0.3,selected,50,assurance,a0.5_d0.5,0.5,lifetime,lifetime,depression_vs_zero,256,256,0,0,-0.001008203309776315,0.002517173468928408,0.007470969292553939,0.0024025528013806377,0.0,0.0
mainland,0.75,0.5,0.3,selected,100,assurance,a0.5_d0.5,0.5,lifetime,lifetime,depression_vs_zero,256,256,0,0,-1.4819735557030983e-05,0.0035225772367415854,0.013970159545277168,0.0030363253653489432,0.0,0.0
mainland,0.75,0.5,0.3,selected,200,assurance,a0.5_d0.5,0.5,lifetime,lifetime,depression_vs_zero,256,256,0,0,-0.0018189103437208781,0.004214660817300111,0.021551709998499303,0.0037168297916479924,0.0,0.0
mainland,0.75,0.5,0.3,selected,400,assurance,a0.5_d0.5,0.5,lifetime,lifetime,depression_vs_zero,256,256,0,0,-0.0019095726634356875,0.004437362674014442,0.023795862874395363,0.00395566017422288,0.0,0.0
mainland,0.75,0.5,0.7,neutral,10,assurance,a0.5_d0.5,0.5,lifetime,lifetime,depression_vs_zero,256,256,0,0,0.001166050507315687,0.0006560715484498819,-0.0010750824393584591,0.0007492962170276798,0.0,0.0
mainland,0.75,0.5,0.7,neutral,40,assurance,a0.5_d0.5,0.5,lifetime,lifetime,depression_vs_zero,256,256,0,0,0.0025316878319530537,0.0021642531267399515,-0.0038737099518039372,0.002031465621780129,0.0,0.0
mainland,0.75,0.5,0.7,neutral,50,assurance,a0.5_d0.5,0.5,lifetime,lifetime,depression_vs_zero,256,256,0,0,0.0022155724349069137,0.0023313437400740195,-0.0030396613895121586,0.0023551727256813215,0.0,0.0
mainland,0.75,0.5,0.7,neutral,100,assurance,a0.5_d0.5,0.5,lifetime,lifetime,depression_vs_zero,256,256,0,0,0.004283558639474962,0.0033818011632118154,-0.0014922223619308502,0.0034878347597083357,0.0,0.0
mainland,0.75,0.5,0.7,neutral,200,assurance,a0.5_d0.5,0.5,lifetime,lifetime,depression_vs_zero,256,256,0,0,0.004548027615319705,0.004129921132098764,-0.003469517639922197,0.00429785435207688,0.0,0.0
mainland,0.75,0.5,0.7,neutral,400,assurance,a0.5_d0.5,0.5,lifetime,lifetime,depression_vs_zero,256,256,0,0,0.007187371553460491,0.004641405588336784,-0.005179633510873957,0.004870183209454237,0.0,0.0
mainland,0.75,0.5,0.7,selected,10,assurance,a0.5_d0.5,0.5,lifetime,lifetime,depression_vs_zero,256,256,0,0,8.536568698794267e-05,0.0007333734416320329,0.0006949984919210797,0.0007656060313037793,0.0,0.0
mainland,0.75,0.5,0.7,selected,40,assurance,a0.5_d0.5,0.5,lifetime,lifetime,depression_vs_zero,256,256,0,0,7.523400131338991e-05,0.001886388231872333,0.005498282442965415,0.0021607869391225064,0.0,0.0
mainland,0.75,0.5,0.7,selected,50,assurance,a0.5_d0.5,0.5,lifetime,lifetime,depression_vs_zero,256,256,0,0,0.002334162556879924,0.0021794448205384826,0.00517845680496524,0.0025021653736877507,0.0,0.0
mainland,0.75,0.5,0.7,selected,100,assurance,a0.5_d0.5,0.5,lifetime,lifetime,depression_vs_zero,256,256,0,0,-0.0006948328135297699,0.003216675433750278,0.006547295499684661,0.003285199799614184,0.0,0.0
mainland,0.75,0.5,0.7,selected,200,assurance,a0.5_d0.5,0.5,lifetime,lifetime,depression_vs_zero,256,256,0,0,0.00223760988183887,0.004119518682733289,0.011822590482015102,0.004045725123654826,0.0,0.0
mainland,0.75,0.5,0.7,selected,400,assurance,a0.5_d0.5,0.5,lifetime,lifetime,depression_vs_zero,256,256,0,0,0.0016648623821156477,0.004412905149558967,0.012155681540530476,0.00441278385943741,0.0,0.0
both,0.0,0.5,0.3,neutral,10,assurance,a0.5_d0.9,0.9,lifetime,lifetime,depression_vs_zero,256,138,118,0,0.0012194080809791615,0.0028140931066743605,0.0003680482223476194,0.0027598403441578072,0.4609375,0.0312155140597541
both,0.0,0.5,0.3,neutral,40,assurance,a0.5_d0.9,0.9,lifetime,lifetime,depression_vs_zero,256,2,254,0,0.01965146230095763,0.030980495379146235,0.0574134826003338,0.0032537648628829237,0.9921875,0.005513429182282041
both,0.0,0.5,0.3,neutral,50,assurance,a0.5_d0.9,0.9,lifetime,lifetime,depression_vs_zero,256,0,256,0,,,,,1.0,0.0
both,0.0,0.5,0.3,neutral,100,assurance,a0.5_d0.9,0.9,lifetime,lifetime,depression_vs_zero,256,0,256,0,,,,,1.0,0.0
both,0.0,0.5,0.3,neutral,200,assurance,a0.5_d0.9,0.9,lifetime,lifetime,depression_vs_zero,256,0,256,0,,,,,1.0,0.0
both,0.0,0.5,0.3,neutral,400,assurance,a0.5_d0.9,0.9,lifetime,lifetime,depression_vs_zero,256,0,256,0,,,,,1.0,0.0
both,0.0,0.5,0.3,selected,10,assurance,a0.5_d0.9,0.9,lifetime,lifetime,depression_vs_zero,256,155,101,0,-0.001797331973620535,0.0031925495550187088,0.016623029686946844,0.0025730487726733763,0.39453125,0.030606698150250366
both,0.0,0.5,0.3,selected,40,assurance,a0.5_d0.9,0.9,lifetime,lifetime,depression_vs_zero,256,2,254,0,-0.04485551377384303,0.03368318904357051,0.05085052757686287,0.07065848536221186,0.9921875,0.005513429182282041
both,0.0,0.5,0.3,selected,50,assurance,a0.5_d0.9,0.9,lifetime,lifetime,depression_vs_zero,256,0,256,0,,,,,1.0,0.0
both,0.0,0.5,0.3,selected,100,assurance,a0.5_d0.9,0.9,lifetime,lifetime,depression_vs_zero,256,0,256,0,,,,,1.0,0.0
both,0.0,0.5,0.3,selected,200,assurance,a0.5_d0.9,0.9,lifetime,lifetime,depression_vs_zero,256,0,256,0,,,,,1.0,0.0
both,0.0,0.5,0.3,selected,400,assurance,a0.5_d0.9,0.9,lifetime,lifetime,depression_vs_zero,256,0,256,0,,,,,1.0,0.0
both,0.0,0.5,0.7,neutral,10,assurance,a0.5_d0.9,0.9,lifetime,lifetime,depression_vs_zero,256,136,120,0,-0.003379920780622181,0.002855950214074415,0.0029598906416849306,0.0030895652868538513,0.46875,0.03125
both,0.0,0.5,0.7,neutral,40,assurance,a0.5_d0.9,0.9,lifetime,lifetime,depression_vs_zero,256,9,247,0,0.01432907888228183,0.020498298022119627,-0.01914489864260356,0.01509248766453323,0.96484375,0.011533461648261191
both,0.0,0.5,0.7,neutral,50,assurance,a0.5_d0.9,0.9,lifetime,lifetime,depression_vs_zero,256,3,253,0,-0.003888509244263094,0.047775113705435704,-0.0256449953628831,0.017654971144627274,0.98828125,0.006739238596207857
both,0.0,0.5,0.7,neutral,100,assurance,a0.5_d0.9,0.9,lifetime,lifetime,depression_vs_zero,256,0,256,0,,,,,1.0,0.0
both,0.0,0.5,0.7,neutral,200,assurance,a0.5_d0.9,0.9,lifetime,lifetime,depression_vs_zero,256,0,256,0,,,,,1.0,0.0
both,0.0,0.5,0.7,neutral,400,assurance,a0.5_d0.9,0.9,lifetime,lifetime,depression_vs_zero,256,0,256,0,,,,,1.0,0.0
both,0.0,0.5,0.7,selected,10,assurance,a0.5_d0.9,0.9,lifetime,lifetime,depression_vs_zero,256,140,116,0,-0.003812006606704451,0.0031538609225533194,0.01653763519080858,0.002661408118450954,0.453125,0.031173312767839877
both,0.0,0.5,0.7,selected,40,assurance,a0.5_d0.9,0.9,lifetime,lifetime,depression_vs_zero,256,10,246,0,-0.01497811604546897,0.022141824263566288,0.043727014391898696,0.012431257489272231,0.9609375,0.012132701086805225
both,0.0,0.5,0.7,selected,50,assurance,a0.5_d0.9,0.9,lifetime,lifetime,depression_vs_zero,256,3,253,0,-0.04607519244460586,0.03585180406075698,0.059916938161285016,0.03264122984153751,0.98828125,0.006739238596207857
both,0.0,0.5,0.7,selected,100,assurance,a0.5_d0.9,0.9,lifetime,lifetime,depression_vs_zero,256,0,256,0,,,,,1.0,0.0
both,0.0,0.5,0.7,selected,200,assurance,a0.5_d0.9,0.9,lifetime,lifetime,depression_vs_zero,256,0,256,0,,,,,1.0,0.0
both,0.0,0.5,0.7,selected,400,assurance,a0.5_d0.9,0.9,lifetime,lifetime,depression_vs_zero,256,0,256,0,,,,,1.0,0.0
both,0.75,0.5,0.3,neutral,10,assurance,a0.5_d0.9,0.9,lifetime,lifetime,depression_vs_zero,256,256,0,0,0.001862074564794596,0.0013882065808454428,0.002768448012170201,0.0013568168308829849,0.0,0.0
both,0.75,0.5,0.3,neutral,40,assurance,a0.5_d0.9,0.9,lifetime,lifetime,depression_vs_zero,256,35,221,0,-0.003745211980503993,0.010895547220547579,0.0024001904449716966,0.010179499690066826,0.86328125,0.021513947450336336
both,0.75,0.5,0.3,neutral,50,assurance,a0.5_d0.9,0.9,lifetime,lifetime,depression_vs_zero,256,11,245,0,-0.0020813906477977788,0.01914452212487064,-0.009064710611578935,0.01646037538411483,0.95703125,0.012698994328475655
both,0.75,0.5,0.3,neutral,100,assurance,a0.5_d0.9,0.9,lifetime,lifetime,depression_vs_zero,256,0,256,0,,,,,1.0,0.0
both,0.75,0.5,0.3,neutral,200,assurance,a0.5_d0.9,0.9,lifetime,lifetime,depression_vs_zero,256,0,256,0,,,,,1.0,0.0
both,0.75,0.5,0.3,neutral,400,assurance,a0.5_d0.9,0.9,lifetime,lifetime,depression_vs_zero,256,0,256,0,,,,,1.0,0.0
both,0.75,0.5,0.3,selected,10,assurance,a0.5_d0.9,0.9,lifetime,lifetime,depression_vs_zero,256,256,0,0,0.0006166537701871232,0.001439266625746263,0.005264777606870399,0.0015407260950361609,0.0,0.0
both,0.75,0.5,0.3,selected,40,assurance,a0.5_d0.9,0.9,lifetime,lifetime,depression_vs_zero,256,42,214,0,0.001841646316734958,0.0085318255393501,0.00798981465758704,0.008224446256071409,0.8359375,0.023191106822697462
both,0.75,0.5,0.3,selected,50,assurance,a0.5_d0.9,0.9,lifetime,lifetime,depression_vs_zero,256,13,243,0,-0.00918161137928741,0.014181923398345142,0.009186522615898559,0.016032741507742705,0.94921875,0.013748798827881614
both,0.75,0.5,0.3,selected,100,assurance,a0.5_d0.9,0.9,lifetime,lifetime,depression_vs_zero,256,0,256,0,,,,,1.0,0.0
both,0.75,0.5,0.3,selected,200,assurance,a0.5_d0.9,0.9,lifetime,lifetime,depression_vs_zero,256,0,256,0,,,,,1.0,0.0
both,0.75,0.5,0.3,selected,400,assurance,a0.5_d0.9,0.9,lifetime,lifetime,depression_vs_zero,256,0,256,0,,,,,1.0,0.0
both,0.75,0.5,0.7,neutral,10,assurance,a0.5_d0.9,0.9,lifetime,lifetime,depression_vs_zero,256,256,0,0,-0.0014342822047098058,0.0014618987045659751,-2.534063647022548e-06,0.0014733758619416767,0.0,0.0
both,0.75,0.5,0.7,neutral,40,assurance,a0.5_d0.9,0.9,lifetime,lifetime,depression_vs_zero,256,33,223,0,-0.007981867187279083,0.011955871302831265,-0.00018830221269581596,0.008894910898072976,0.87109375,0.0209845348013056
both,0.75,0.5,0.7,neutral,50,assurance,a0.5_d0.9,0.9,lifetime,lifetime,depression_vs_zero,256,11,245,0,0.00800535163641113,0.016464956938740748,-0.01754295208220712,0.014466467333565658,0.95703125,0.012698994328475655
both,0.75,0.5,0.7,neutral,100,assurance,a0.5_d0.9,0.9,lifetime,lifetime,depression_vs_zero,256,0,256,0,,,,,1.0,0.0
both,0.75,0.5,0.7,neutral,200,assurance,a0.5_d0.9,0.9,lifetime,lifetime,depression_vs_zero,256,0,256,0,,,,,1.0,0.0
both,0.75,0.5,0.7,neutral,400,assurance,a0.5_d0.9,0.9,lifetime,lifetime,depression_vs_zero,256,0,256,0,,,,,1.0,0.0
both,0.75,0.5,0.7,selected,10,assurance,a0.5_d0.9,0.9,lifetime,lifetime,depression_vs_zero,256,256,0,0,-0.002108332028512897,0.0013816540207012543,0.0020080234040472465,0.0014400902785629928,0.0,0.0
both,0.75,0.5,0.7,selected,40,assurance,a0.5_d0.9,0.9,lifetime,lifetime,depression_vs_zero,256,33,223,0,-0.012722014667875158,0.00898772667709827,0.007028689848367076,0.00960725798413448,0.87109375,0.0209845348013056
both,0.75,0.5,0.7,selected,50,assurance,a0.5_d0.9,0.9,lifetime,lifetime,depression_vs_zero,256,16,240,0,-0.015575228758031363,0.014492902176840024,0.023049437959408354,0.017177513439212255,0.9375,0.01515847656477081
both,0.75,0.5,0.7,selected,100,assurance,a0.5_d0.9,0.9,lifetime,lifetime,depression_vs_zero,256,1,255,0,0.028082249090192524,,0.13488644152427648,,0.99609375,0.00390625
both,0.75,0.5,0.7,selected,200,assurance,a0.5_d0.9,0.9,lifetime,lifetime,depression_vs_zero,256,0,256,0,,,,,1.0,0.0
both,0.75,0.5,0.7,selected,400,assurance,a0.5_d0.9,0.9,lifetime,lifetime,depression_vs_zero,256,0,256,0,,,,,1.0,0.0
mainland,0.0,0.5,0.3,neutral,10,assurance,a0.5_d0.9,0.9,lifetime,lifetime,depression_vs_zero,256,249,7,0,0.001198519061046349,0.0017322266129453016,0.0002503675277491272,0.0017085258823102392,0.02734375,0.010212654460096235
mainland,0.0,0.5,0.3,neutral,40,assurance,a0.5_d0.9,0.9,lifetime,lifetime,depression_vs_zero,256,201,55,0,0.003646671437678848,0.0034002867095325557,0.0008855760526563706,0.0036952528119575502,0.21484375,0.0257199025008015
mainland,0.0,0.5,0.3,neutral,50,assurance,a0.5_d0.9,0.9,lifetime,lifetime,depression_vs_zero,256,192,64,0,0.0019131950852827346,0.0038458007811233005,-0.0012268066590728835,0.0038638266215118107,0.25,0.02711630722733202
mainland,0.0,0.5,0.3,neutral,100,assurance,a0.5_d0.9,0.9,lifetime,lifetime,depression_vs_zero,256,143,113,0,0.0026711775423340304,0.005864370302213891,0.005727361355579265,0.005382503668931887,0.44140625,0.031095474260005376
mainland,0.0,0.5,0.3,neutral,200,assurance,a0.5_d0.9,0.9,lifetime,lifetime,depression_vs_zero,256,63,193,0,0.013605979487577864,0.01060467894339844,0.012603272491664543,0.010414207334064732,0.75390625,0.026973597563786113
mainland,0.0,0.5,0.3,neutral,400,assurance,a0.5_d0.9,0.9,lifetime,lifetime,depression_vs_zero,256,18,238,0,0.004063919895426228,0.022467081528277963,0.00819380272059983,0.024164238452069324,0.9296875,0.016010860571811874
mainland,0.0,0.5,0.3,selected,10,assurance,a0.5_d0.9,0.9,lifetime,lifetime,depression_vs_zero,256,248,8,0,-0.001165595567944123,0.0019032633090622618,0.013561939002101833,0.0017899981763343392,0.03125,0.010895841534507468
mainland,0.0,0.5,0.3,selected,40,assurance,a0.5_d0.9,0.9,lifetime,lifetime,depression_vs_zero,256,211,45,0,-0.0018479321878643604,0.003291030858726189,0.03426800863760733,0.0028597548315738826,0.17578125,0.02383622240669279
mainland,0.0,0.5,0.3,selected,50,assurance,a0.5_d0.9,0.9,lifetime,lifetime,depression_vs_zero,256,204,52,0,-0.002651451913739464,0.003670332148213578,0.038633878452190705,0.0029953727540946826,0.203125,0.02519455546343297
mainland,0.0,0.5,0.3,selected,100,assurance,a0.5_d0.9,0.9,lifetime,lifetime,depression_vs_zero,256,163,93,0,0.0005976091268503448,0.00457557936638407,0.045315520355898316,0.003789437579006522,0.36328125,0.030117937030518287
mainland,0.0,0.5,0.3,selected,200,assurance,a0.5_d0.9,0.9,lifetime,lifetime,depression_vs_zero,256,75,181,0,0.004484953254672641,0.00775810753798537,0.05616425346437686,0.006656330601684588,0.70703125,0.028500984607927556
mainland,0.0,0.5,0.3,selected,400,assurance,a0.5_d0.9,0.9,lifetime,lifetime,depression_vs_zero,256,20,236,0,0.028972986982049392,0.01474073666753184,0.06764481044562635,0.013512715205561531,0.921875,0.01680586783321382
mainland,0.0,0.5,0.7,neutral,10,assurance,a0.5_d0.9,0.9,lifetime,lifetime,depression_vs_zero,256,254,2,0,-0.0014893345829476456,0.0016581263266941559,0.0007143221164865022,0.0016092286983325117,0.0078125,0.005513429182282041
mainland,0.0,0.5,0.7,neutral,40,assurance,a0.5_d0.9,0.9,lifetime,lifetime,depression_vs_zero,256,228,28,0,-0.0020898549310120816,0.0033811875680949295,0.0056620348543207,0.003226641074861187,0.109375,0.019545031902220664
mainland,0.0,0.5,0.7,neutral,50,assurance,a0.5_d0.9,0.9,lifetime,lifetime,depression_vs_zero,256,214,42,0,-0.002265297037737944,0.0038407295852648975,0.0036430392470099457,0.0037342094075003404,0.1640625,0.023191106822697462
mainland,0.0,0.5,0.7,neutral,100,assurance,a0.5_d0.9,0.9,lifetime,lifetime,depression_vs_zero,256,162,94,0,-0.0018044071837235566,0.005347835492933564,0.005445420648087585,0.005352297829840459,0.3671875,0.030186403889489913
mainland,0.0,0.5,0.7,neutral,200,assurance,a0.5_d0.9,0.9,lifetime,lifetime,depression_vs_zero,256,89,167,0,0.0002306047814010338,0.008191151578234817,0.01631911707913114,0.007874721962436037,0.65234375,0.029822440677853123
mainland,0.0,0.5,0.7,neutral,400,assurance,a0.5_d0.9,0.9,lifetime,lifetime,depression_vs_zero,256,17,239,0,-0.002859582838856247,0.025542428358735287,0.022819952656597114,0.02083849642264488,0.93359375,0.015592413937419483
mainland,0.0,0.5,0.7,selected,10,assurance,a0.5_d0.9,0.9,lifetime,lifetime,depression_vs_zero,256,256,0,0,0.003953628151472369,0.0017180970295261758,0.012487078959019593,0.0016415504235426281,0.0,0.0
mainland,0.0,0.5,0.7,selected,40,assurance,a0.5_d0.9,0.9,lifetime,lifetime,depression_vs_zero,256,228,28,0,-0.0013781274270437233,0.003083566659897389,0.039653151261476845,0.0028005790440633685,0.109375,0.019545031902220664
mainland,0.0,0.5,0.7,selected,50,assurance,a0.5_d0.9,0.9,lifetime,lifetime,depression_vs_zero,256,218,38,0,-0.00157213200427433,0.0032977310144121515,0.04333498899021341,0.0031061906218973357,0.1484375,0.022264348411116113
mainland,0.0,0.5,0.7,selected,100,assurance,a0.5_d0.9,0.9,lifetime,lifetime,depression_vs_zero,256,173,83,0,0.0018923174356429567,0.004077606254340603,0.05969595679126723,0.004103341660462042,0.32421875,0.029312444800629493
mainland,0.0,0.5,0.7,selected,200,assurance,a0.5_d0.9,0.9,lifetime,lifetime,depression_vs_zero,256,94,162,0,-0.0003850258105514721,0.005911706365812411,0.061908691747890945,0.006258925303109185,0.6328125,0.030186403889489913
mainland,0.0,0.5,0.7,selected,400,assurance,a0.5_d0.9,0.9,lifetime,lifetime,depression_vs_zero,256,24,232,0,0.0004272563880730283,0.01243560816088235,0.06268083425086902,0.012576531048883227,0.90625,0.018253222922509426
mainland,0.75,0.5,0.3,neutral,10,assurance,a0.5_d0.9,0.9,lifetime,lifetime,depression_vs_zero,256,256,0,0,-0.0002659857147772307,0.0012569167846341205,-0.0010578057217873471,0.0011108857054167665,0.0,0.0
mainland,0.75,0.5,0.3,neutral,40,assurance,a0.5_d0.9,0.9,lifetime,lifetime,depression_vs_zero,256,158,98,0,0.002186282881860128,0.0033167875611605367,0.002443478484201075,0.0031592975869480394,0.3828125,0.03043908026255708
mainland,0.75,0.5,0.3,neutral,50,assurance,a0.5_d0.9,0.9,lifetime,lifetime,depression_vs_zero,256,135,121,0,0.0004073242864761003,0.0035646504329676404,0.005508102823142161,0.003671449895952857,0.47265625,0.0312643579148398
mainland,0.75,0.5,0.3,neutral,100,assurance,a0.5_d0.9,0.9,lifetime,lifetime,depression_vs_zero,256,49,207,0,-0.002178344995199707,0.007256428152970012,0.005410986062454126,0.006792616371366443,0.80859375,0.024636168012834657
mainland,0.75,0.5,0.3,neutral,200,assurance,a0.5_d0.9,0.9,lifetime,lifetime,depression_vs_zero,256,6,250,0,0.020370502863046817,0.021531221942818014,0.009209256274341335,0.014488518564390927,0.9765625,0.009474047852981757
mainland,0.75,0.5,0.3,neutral,400,assurance,a0.5_d0.9,0.9,lifetime,lifetime,depression_vs_zero,256,0,256,0,,,,,1.0,0.0
mainland,0.75,0.5,0.3,selected,10,assurance,a0.5_d0.9,0.9,lifetime,lifetime,depression_vs_zero,256,256,0,0,-0.0006192742272727403,0.0011550196352701216,0.0032279964567228894,0.0011659258621145641,0.0,0.0
mainland,0.75,0.5,0.3,selected,40,assurance,a0.5_d0.9,0.9,lifetime,lifetime,depression_vs_zero,256,166,90,0,0.002655327143014849,0.0030265740250541625,0.014660151834306846,0.0032573788274263674,0.3515625,0.029899590697818237
mainland,0.75,0.5,0.3,selected,50,assurance,a0.5_d0.9,0.9,lifetime,lifetime,depression_vs_zero,256,135,121,0,0.00201449744806567,0.003506600083775191,0.018700734866971856,0.004069551715208784,0.47265625,0.0312643579148398
mainland,0.75,0.5,0.3,selected,100,assurance,a0.5_d0.9,0.9,lifetime,lifetime,depression_vs_zero,256,48,208,0,-0.003689178093778374,0.006718356424575803,0.05079509203965384,0.006865594215404718,0.8125,0.02444230902734509
mainland,0.75,0.5,0.3,selected,200,assurance,a0.5_d0.9,0.9,lifetime,lifetime,depression_vs_zero,256,7,249,0,-0.006232290516010462,0.02641851225230259,0.08401275410825004,0.013048960715974816,0.97265625,0.010212654460096235
mainland,0.75,0.5,0.3,selected,400,assurance,a0.5_d0.9,0.9,lifetime,lifetime,depression_vs_zero,256,0,256,0,,,,,1.0,0.0
mainland,0.75,0.5,0.7,neutral,10,assurance,a0.5_d0.9,0.9,lifetime,lifetime,depression_vs_zero,256,256,0,0,0.0009428155738124919,0.0011693176651675044,-0.0013199255302360844,0.001155806542583292,0.0,0.0
mainland,0.75,0.5,0.7,neutral,40,assurance,a0.5_d0.9,0.9,lifetime,lifetime,depression_vs_zero,256,183,73,0,0.0018155270847659743,0.002822721419893531,0.0011154956858567008,0.003077488557853592,0.28515625,0.028273327213286358
mainland,0.75,0.5,0.7,neutral,50,assurance,a0.5_d0.9,0.9,lifetime,lifetime,depression_vs_zero,256,151,105,0,0.004820331526675278,0.00339840707958334,0.004504817298598889,0.003727729588403639,0.41015625,0.030801585176036275
mainland,0.75,0.5,0.7,neutral,100,assurance,a0.5_d0.9,0.9,lifetime,lifetime,depression_vs_zero,256,60,196,0,0.007721170501691547,0.005746335308457908,-0.009531016044593553,0.008064354867172448,0.765625,0.02652733398834892
mainland,0.75,0.5,0.7,neutral,200,assurance,a0.5_d0.9,0.9,lifetime,lifetime,depression_vs_zero,256,4,252,0,-0.031173280311188406,0.0375900941052471,0.023773248033743644,0.02655576728610245,0.984375,0.007766408152307944
mainland,0.75,0.5,0.7,neutral,400,assurance,a0.5_d0.9,0.9,lifetime,lifetime,depression_vs_zero,256,0,256,0,,,,,1.0,0.0
mainland,0.75,0.5,0.7,selected,10,assurance,a0.5_d0.9,0.9,lifetime,lifetime,depression_vs_zero,256,256,0,0,1.7811339939861372e-05,0.001106112068472965,0.0038863053597226896,0.0012586190519929287,0.0,0.0
mainland,0.75,0.5,0.7,selected,40,assurance,a0.5_d0.9,0.9,lifetime,lifetime,depression_vs_zero,256,194,62,0,-0.0020075733161707514,0.0029483926956953292,0.014168981912308068,0.0033147098261614586,0.2421875,0.026827898476066977
mainland,0.75,0.5,0.7,selected,50,assurance,a0.5_d0.9,0.9,lifetime,lifetime,depression_vs_zero,256,157,99,0,-0.0010514250505995646,0.003568378950666898,0.017645612600705365,0.003714131660574022,0.38671875,0.030497017430410063
mainland,0.75,0.5,0.7,selected,100,assurance,a0.5_d0.9,0.9,lifetime,lifetime,depression_vs_zero,256,72,184,0,-0.009571278683235847,0.005778028025125973,0.03143861116210758,0.006770673544726132,0.71875,0.028155620586096754
mainland,0.75,0.5,0.7,selected,200,assurance,a0.5_d0.9,0.9,lifetime,lifetime,depression_vs_zero,256,11,245,0,0.0066049309320660035,0.020667005139670177,0.07138771196840125,0.015506088664985736,0.95703125,0.012698994328475655
mainland,0.75,0.5,0.7,selected,400,assurance,a0.5_d0.9,0.9,lifetime,lifetime,depression_vs_zero,256,0,256,0,,,,,1.0,0.0
both,0.75,0.5,0.3,neutral,10,effort_separation,ovule_annual_pollen_annual,0.5,annual,annual,effort_vs_lifetime,256,256,0,0,0.0009049270464003467,0.0008457014330726852,-0.0005524304992529732,0.000850176743919733,0.0,0.0
both,0.75,0.5,0.3,neutral,40,effort_separation,ovule_annual_pollen_annual,0.5,annual,annual,effort_vs_lifetime,256,256,0,0,-0.001186524679146275,0.002157496011508814,0.001441786091433778,0.0024400839188090787,0.0,0.0
both,0.75,0.5,0.3,neutral,50,effort_separation,ovule_annual_pollen_annual,0.5,annual,annual,effort_vs_lifetime,256,256,0,0,0.00014813671922050422,0.0023717681706535466,0.0020192568923484196,0.0028076627904227124,0.0,0.0
both,0.75,0.5,0.3,neutral,100,effort_separation,ovule_annual_pollen_annual,0.5,annual,annual,effort_vs_lifetime,256,256,0,0,0.0013844407828401606,0.0033627139173755013,0.004164338913843631,0.0036597630495728965,0.0,0.0
both,0.75,0.5,0.3,neutral,200,effort_separation,ovule_annual_pollen_annual,0.5,annual,annual,effort_vs_lifetime,256,256,0,0,0.003784978689954206,0.004121466324594377,0.005420884531606435,0.004730592852627317,0.0,0.0
both,0.75,0.5,0.3,neutral,400,effort_separation,ovule_annual_pollen_annual,0.5,annual,annual,effort_vs_lifetime,256,256,0,0,0.00388476778587798,0.004685675554799227,0.007449549891160171,0.005153827770057827,0.0,0.0
both,0.75,0.5,0.3,selected,10,effort_separation,ovule_annual_pollen_annual,0.5,annual,annual,effort_vs_lifetime,256,256,0,0,-0.0005725979828349484,0.0009248520723086909,0.0010950097502729328,0.0009411312701461837,0.0,0.0
both,0.75,0.5,0.3,selected,40,effort_separation,ovule_annual_pollen_annual,0.5,annual,annual,effort_vs_lifetime,256,256,0,0,-0.0025208666497927496,0.0022520387878222884,0.005351522965550543,0.0022670160423929266,0.0,0.0
both,0.75,0.5,0.3,selected,50,effort_separation,ovule_annual_pollen_annual,0.5,annual,annual,effort_vs_lifetime,256,256,0,0,-0.0033644763062675334,0.0025000246072856003,0.005797037289758226,0.0025327266948725084,0.0,0.0
both,0.75,0.5,0.3,selected,100,effort_separation,ovule_annual_pollen_annual,0.5,annual,annual,effort_vs_lifetime,256,256,0,0,-0.0026603784306964426,0.0034729238406999764,0.009326630493271117,0.003592185461107838,0.0,0.0
both,0.75,0.5,0.3,selected,200,effort_separation,ovule_annual_pollen_annual,0.5,annual,annual,effort_vs_lifetime,256,256,0,0,-0.0006782119366341708,0.004338635208677063,0.009675383754116626,0.004141179984305853,0.0,0.0
both,0.75,0.5,0.3,selected,400,effort_separation,ovule_annual_pollen_annual,0.5,annual,annual,effort_vs_lifetime,256,256,0,0,-0.0003730113352661093,0.00457121757117384,0.00929435709191451,0.004340507766806237,0.0,0.0
both,0.75,0.5,0.7,neutral,10,effort_separation,ovule_annual_pollen_annual,0.5,annual,annual,effort_vs_lifetime,256,256,0,0,-0.0013405483895568403,0.0007857728330008882,-7.034333025108738e-05,0.0008416455444610566,0.0,0.0
both,0.75,0.5,0.7,neutral,40,effort_separation,ovule_annual_pollen_annual,0.5,annual,annual,effort_vs_lifetime,256,256,0,0,-0.0005768510564599489,0.002209720146882984,-0.0008747809799880546,0.0023211316333381755,0.0,0.0
both,0.75,0.5,0.7,neutral,50,effort_separation,ovule_annual_pollen_annual,0.5,annual,annual,effort_vs_lifetime,256,256,0,0,-0.0004437486093691878,0.002536074315790263,-0.0005507392399600119,0.0026942755796546757,0.0,0.0
both,0.75,0.5,0.7,neutral,100,effort_separation,ovule_annual_pollen_annual,0.5,annual,annual,effort_vs_lifetime,256,256,0,0,0.0007794775556050969,0.00377717538500153,0.002010183939795551,0.00372188539410248,0.0,0.0
both,0.75,0.5,0.7,neutral,200,effort_separation,ovule_annual_pollen_annual,0.5,annual,annual,effort_vs_lifetime,256,256,0,0,0.0012400310711326587,0.004617060889648691,0.0010447115895885722,0.004346241951585899,0.0,0.0
both,0.75,0.5,0.7,neutral,400,effort_separation,ovule_annual_pollen_annual,0.5,annual,annual,effort_vs_lifetime,256,256,0,0,-0.00019114431231467529,0.005017892318655199,0.0021478501381144545,0.00479572523522343,0.0,0.0
both,0.75,0.5,0.7,selected,10,effort_separation,ovule_annual_pollen_annual,0.5,annual,annual,effort_vs_lifetime,256,256,0,0,-0.0012082844486623534,0.0008623874317798222,0.0025423277595827635,0.0008816050956528498,0.0,0.0
both,0.75,0.5,0.7,selected,40,effort_separation,ovule_annual_pollen_annual,0.5,annual,annual,effort_vs_lifetime,256,256,0,0,-0.0021100730735874066,0.0021741339363180656,0.006550139561193721,0.0021720261058149597,0.0,0.0
both,0.75,0.5,0.7,selected,50,effort_separation,ovule_annual_pollen_annual,0.5,annual,annual,effort_vs_lifetime,256,256,0,0,-0.0024477615311345176,0.0023698596929144734,0.007396407472813992,0.002444668969068419,0.0,0.0
both,0.75,0.5,0.7,selected,100,effort_separation,ovule_annual_pollen_annual,0.5,annual,annual,effort_vs_lifetime,256,256,0,0,-0.0036797507261719527,0.0033569871237801303,0.011231675108585849,0.0033649414508900655,0.0,0.0
both,0.75,0.5,0.7,selected,200,effort_separation,ovule_annual_pollen_annual,0.5,annual,annual,effort_vs_lifetime,256,256,0,0,-0.0026247638801091804,0.00437934808186691,0.012341032976445123,0.004018012902681269,0.0,0.0
both,0.75,0.5,0.7,selected,400,effort_separation,ovule_annual_pollen_annual,0.5,annual,annual,effort_vs_lifetime,256,256,0,0,-0.005084004229943338,0.004656160665282399,0.01145023715228265,0.004297273819840661,0.0,0.0
mainland,0.75,0.5,0.3,neutral,10,effort_separation,ovule_annual_pollen_annual,0.5,annual,annual,effort_vs_lifetime,256,256,0,0,0.0003580822554948536,0.000828069307705991,0.0009135311101395281,0.0009178035719508783,0.0,0.0
mainland,0.75,0.5,0.3,neutral,40,effort_separation,ovule_annual_pollen_annual,0.5,annual,annual,effort_vs_lifetime,256,256,0,0,0.0031842128564179145,0.002168770895207542,-0.0016736258281607858,0.0021048869648958596,0.0,0.0
mainland,0.75,0.5,0.3,neutral,50,effort_separation,ovule_annual_pollen_annual,0.5,annual,annual,effort_vs_lifetime,256,256,0,0,0.003080674310388251,0.0023588053395335704,-0.0020312707496524373,0.002268821844335211,0.0,0.0
mainland,0.75,0.5,0.3,neutral,100,effort_separation,ovule_annual_pollen_annual,0.5,annual,annual,effort_vs_lifetime,256,256,0,0,0.002331887580821816,0.0032160065105381903,0.0018205953478451177,0.0028608875166711094,0.0,0.0
mainland,0.75,0.5,0.3,neutral,200,effort_separation,ovule_annual_pollen_annual,0.5,annual,annual,effort_vs_lifetime,256,256,0,0,0.003552998050999208,0.0039653588047892365,0.0013397531562895732,0.003908858531393822,0.0,0.0
mainland,0.75,0.5,0.3,neutral,400,effort_separation,ovule_annual_pollen_annual,0.5,annual,annual,effort_vs_lifetime,256,256,0,0,0.008496923634759082,0.0045946560246965425,0.005521612847692143,0.0044561333703416715,0.0,0.0
mainland,0.75,0.5,0.3,selected,10,effort_separation,ovule_annual_pollen_annual,0.5,annual,annual,effort_vs_lifetime,256,256,0,0,0.0007015116195947363,0.0009616081424042394,0.002881367992112833,0.0008675277101042147,0.0,0.0
mainland,0.75,0.5,0.3,selected,40,effort_separation,ovule_annual_pollen_annual,0.5,annual,annual,effort_vs_lifetime,256,256,0,0,0.0026598912207298317,0.002301592273583473,0.005915658347504931,0.002160426077994826,0.0,0.0
mainland,0.75,0.5,0.3,selected,50,effort_separation,ovule_annual_pollen_annual,0.5,annual,annual,effort_vs_lifetime,256,256,0,0,0.0015030363644946464,0.002651289000530289,0.00750900355448806,0.002437879818956989,0.0,0.0
mainland,0.75,0.5,0.3,selected,100,effort_separation,ovule_annual_pollen_annual,0.5,annual,annual,effort_vs_lifetime,256,256,0,0,0.002708264518223883,0.003336129466211577,0.016542291163235107,0.0033511916216077786,0.0,0.0
mainland,0.75,0.5,0.3,selected,200,effort_separation,ovule_annual_pollen_annual,0.5,annual,annual,effort_vs_lifetime,256,256,0,0,0.004997655357426071,0.004083966430458038,0.024137137576960576,0.004336195284947951,0.0,0.0
mainland,0.75,0.5,0.3,selected,400,effort_separation,ovule_annual_pollen_annual,0.5,annual,annual,effort_vs_lifetime,256,256,0,0,-9.274209921866436e-06,0.004412152599810673,0.03028945422518766,0.0048760360056228445,0.0,0.0
mainland,0.75,0.5,0.7,neutral,10,effort_separation,ovule_annual_pollen_annual,0.5,annual,annual,effort_vs_lifetime,256,256,0,0,-0.0005943088565550586,0.0008684578775996954,-0.0007823886369179947,0.0008722837402430787,0.0,0.0
mainland,0.75,0.5,0.7,neutral,40,effort_separation,ovule_annual_pollen_annual,0.5,annual,annual,effort_vs_lifetime,256,256,0,0,-0.0006294849882469791,0.0021210503007979458,0.0029260607312350632,0.002009601565307405,0.0,0.0
mainland,0.75,0.5,0.7,neutral,50,effort_separation,ovule_annual_pollen_annual,0.5,annual,annual,effort_vs_lifetime,256,256,0,0,0.0009403355822866933,0.0023573118596481157,0.002336486291604241,0.002251351397926057,0.0,0.0
mainland,0.75,0.5,0.7,neutral,100,effort_separation,ovule_annual_pollen_annual,0.5,annual,annual,effort_vs_lifetime,256,256,0,0,-0.003339114860069776,0.0032288385636705576,0.004636924157408149,0.0032689655166521447,0.0,0.0
mainland,0.75,0.5,0.7,neutral,200,effort_separation,ovule_annual_pollen_annual,0.5,annual,annual,effort_vs_lifetime,256,256,0,0,-0.00673210622604575,0.004077215889477969,0.006976421559535166,0.004247422148785505,0.0,0.0
mainland,0.75,0.5,0.7,neutral,400,effort_separation,ovule_annual_pollen_annual,0.5,annual,annual,effort_vs_lifetime,256,256,0,0,-0.008342998859228068,0.004709735064318312,0.005796251740760058,0.004721087986757828,0.0,0.0
mainland,0.75,0.5,0.7,selected,10,effort_separation,ovule_annual_pollen_annual,0.5,annual,annual,effort_vs_lifetime,256,256,0,0,-0.00020127823627567832,0.0008447614754950052,0.001913716319480843,0.0008821313894471045,0.0,0.0
mainland,0.75,0.5,0.7,selected,40,effort_separation,ovule_annual_pollen_annual,0.5,annual,annual,effort_vs_lifetime,256,256,0,0,-0.001784012944109516,0.0020781003820728302,0.006082000721101274,0.0022358267297648356,0.0,0.0
mainland,0.75,0.5,0.7,selected,50,effort_separation,ovule_annual_pollen_annual,0.5,annual,annual,effort_vs_lifetime,256,256,0,0,-0.002702290399944279,0.0022843264553809297,0.006897200778355687,0.0024895667840321768,0.0,0.0
mainland,0.75,0.5,0.7,selected,100,effort_separation,ovule_annual_pollen_annual,0.5,annual,annual,effort_vs_lifetime,256,256,0,0,0.0016152967726964932,0.0030925411366747742,0.014246320645860634,0.003261754895388509,0.0,0.0
mainland,0.75,0.5,0.7,selected,200,effort_separation,ovule_annual_pollen_annual,0.5,annual,annual,effort_vs_lifetime,256,256,0,0,-0.0021010085193781313,0.004008940714751321,0.02498754635845065,0.004094085717682633,0.0,0.0
mainland,0.75,0.5,0.7,selected,400,effort_separation,ovule_annual_pollen_annual,0.5,annual,annual,effort_vs_lifetime,256,256,0,0,-0.003466282416317594,0.004425137267863305,0.031440618196656896,0.004616744868807657,0.0,0.0
both,0.75,0.5,0.3,neutral,10,effort_separation,ovule_annual_pollen_lifetime,0.5,annual,lifetime,effort_vs_lifetime,256,256,0,0,-0.00038193460400323567,0.0006994307337789405,-0.0004714103951811339,0.0007126318063255515,0.0,0.0
both,0.75,0.5,0.3,neutral,40,effort_separation,ovule_annual_pollen_lifetime,0.5,annual,lifetime,effort_vs_lifetime,256,256,0,0,-0.002828900050630841,0.0020758708513946016,0.00232613136837604,0.0023790088756859974,0.0,0.0
both,0.75,0.5,0.3,neutral,50,effort_separation,ovule_annual_pollen_lifetime,0.5,annual,lifetime,effort_vs_lifetime,256,256,0,0,-0.002822164566543355,0.002293590739577083,0.0025281010302306266,0.002785756696063168,0.0,0.0
both,0.75,0.5,0.3,neutral,100,effort_separation,ovule_annual_pollen_lifetime,0.5,annual,lifetime,effort_vs_lifetime,256,256,0,0,-0.0029357566017673043,0.0033402038292317617,0.0029674904132753347,0.0037467121875715253,0.0,0.0
both,0.75,0.5,0.3,neutral,200,effort_separation,ovule_annual_pollen_lifetime,0.5,annual,lifetime,effort_vs_lifetime,256,256,0,0,-0.003408388325808953,0.004273468404902272,0.003277305943534577,0.004788416514639905,0.0,0.0
both,0.75,0.5,0.3,neutral,400,effort_separation,ovule_annual_pollen_lifetime,0.5,annual,lifetime,effort_vs_lifetime,256,256,0,0,-0.005465291481317488,0.0047274647208523195,0.005072511215214155,0.0051029710987824176,0.0,0.0
both,0.75,0.5,0.3,selected,10,effort_separation,ovule_annual_pollen_lifetime,0.5,annual,lifetime,effort_vs_lifetime,256,256,0,0,-0.0009630079482188982,0.000647649033744466,0.0008990131551340332,0.0006656123066302009,0.0,0.0
both,0.75,0.5,0.3,selected,40,effort_separation,ovule_annual_pollen_lifetime,0.5,annual,lifetime,effort_vs_lifetime,256,256,0,0,-0.0032102818427576256,0.002131409372453353,0.003308828920897395,0.002325417524472787,0.0,0.0
both,0.75,0.5,0.3,selected,50,effort_separation,ovule_annual_pollen_lifetime,0.5,annual,lifetime,effort_vs_lifetime,256,256,0,0,-0.0041086941826668924,0.002430182146838083,0.002908261821430054,0.0025610859398102074,0.0,0.0
both,0.75,0.5,0.3,selected,100,effort_separation,ovule_annual_pollen_lifetime,0.5,annual,lifetime,effort_vs_lifetime,256,256,0,0,-0.00020250548232377832,0.003387303854954735,0.003640227446625492,0.003294452882956636,0.0,0.0
both,0.75,0.5,0.3,selected,200,effort_separation,ovule_annual_pollen_lifetime,0.5,annual,lifetime,effort_vs_lifetime,256,256,0,0,-0.002677174825135086,0.0041254970606200425,0.003452557138946627,0.003846240756420041,0.0,0.0
both,0.75,0.5,0.3,selected,400,effort_separation,ovule_annual_pollen_lifetime,0.5,annual,lifetime,effort_vs_lifetime,256,256,0,0,-0.0011201072908371959,0.004374936676474825,0.0011811105117773694,0.004177959674135306,0.0,0.0
both,0.75,0.5,0.7,neutral,10,effort_separation,ovule_annual_pollen_lifetime,0.5,annual,lifetime,effort_vs_lifetime,256,256,0,0,-0.00037115247447465534,0.0005115909158512086,0.0006355424842936425,0.0006119618117146538,0.0,0.0
both,0.75,0.5,0.7,neutral,40,effort_separation,ovule_annual_pollen_lifetime,0.5,annual,lifetime,effort_vs_lifetime,256,256,0,0,0.0014108499314125934,0.0021538901709368713,0.0026298996193433407,0.0022740497238063193,0.0,0.0
both,0.75,0.5,0.7,neutral,50,effort_separation,ovule_annual_pollen_lifetime,0.5,annual,lifetime,effort_vs_lifetime,256,256,0,0,0.0031892072695176165,0.0025436535889952613,0.005904129934548008,0.002623266496998398,0.0,0.0
both,0.75,0.5,0.7,neutral,100,effort_separation,ovule_annual_pollen_lifetime,0.5,annual,lifetime,effort_vs_lifetime,256,256,0,0,0.003961602787791025,0.003639334323946381,0.007943404442712413,0.0036388496122206912,0.0,0.0
both,0.75,0.5,0.7,neutral,200,effort_separation,ovule_annual_pollen_lifetime,0.5,annual,lifetime,effort_vs_lifetime,256,256,0,0,0.007130547462201742,0.004473335447726846,0.006966548665135098,0.004379206041308127,0.0,0.0
both,0.75,0.5,0.7,neutral,400,effort_separation,ovule_annual_pollen_lifetime,0.5,annual,lifetime,effort_vs_lifetime,256,256,0,0,0.005593978630641717,0.0048154674081808905,0.006639179314862868,0.004862561997744141,0.0,0.0
both,0.75,0.5,0.7,selected,10,effort_separation,ovule_annual_pollen_lifetime,0.5,annual,lifetime,effort_vs_lifetime,256,256,0,0,-5.2568504854712955e-05,0.0005865511749107886,0.0005364298801609018,0.000637758900177122,0.0,0.0
both,0.75,0.5,0.7,selected,40,effort_separation,ovule_annual_pollen_lifetime,0.5,annual,lifetime,effort_vs_lifetime,256,256,0,0,0.0006807441960403836,0.002045660675666948,0.002765043757822329,0.002337372930319817,0.0,0.0
both,0.75,0.5,0.7,selected,50,effort_separation,ovule_annual_pollen_lifetime,0.5,annual,lifetime,effort_vs_lifetime,256,256,0,0,-0.0015636554512868293,0.002454699866707953,0.005775722137677473,0.0026784254692393318,0.0,0.0
both,0.75,0.5,0.7,selected,100,effort_separation,ovule_annual_pollen_lifetime,0.5,annual,lifetime,effort_vs_lifetime,256,256,0,0,0.0010176633107563853,0.00333867636098226,0.006320918830354494,0.003366186306072482,0.0,0.0
both,0.75,0.5,0.7,selected,200,effort_separation,ovule_annual_pollen_lifetime,0.5,annual,lifetime,effort_vs_lifetime,256,256,0,0,2.9019291339768636e-05,0.0038944507736360496,0.008440173431420858,0.0038648821463616216,0.0,0.0
both,0.75,0.5,0.7,selected,400,effort_separation,ovule_annual_pollen_lifetime,0.5,annual,lifetime,effort_vs_lifetime,256,256,0,0,-0.0015661144047697372,0.0042909318726042315,0.008649768283650994,0.004195369088008092,0.0,0.0
mainland,0.75,0.5,0.3,neutral,10,effort_separation,ovule_annual_pollen_lifetime,0.5,annual,lifetime,effort_vs_lifetime,256,256,0,0,0.00011627899326716192,0.0005658963961775759,0.0002616305862451285,0.0006513206048486433,0.0,0.0
mainland,0.75,0.5,0.3,neutral,40,effort_separation,ovule_annual_pollen_lifetime,0.5,annual,lifetime,effort_vs_lifetime,256,256,0,0,0.0044689435743755675,0.001852682592320291,0.00020826949008027158,0.0019434743267210466,0.0,0.0
mainland,0.75,0.5,0.3,neutral,50,effort_separation,ovule_annual_pollen_lifetime,0.5,annual,lifetime,effort_vs_lifetime,256,256,0,0,0.004718614491089013,0.0020659292838714743,-0.0003925186560085202,0.0020993402290106857,0.0,0.0
mainland,0.75,0.5,0.3,neutral,100,effort_separation,ovule_annual_pollen_lifetime,0.5,annual,lifetime,effort_vs_lifetime,256,256,0,0,0.004186430053737499,0.0031344030730774564,0.0038524142540248673,0.003249316647162474,0.0,0.0
mainland,0.75,0.5,0.3,neutral,200,effort_separation,ovule_annual_pollen_lifetime,0.5,annual,lifetime,effort_vs_lifetime,256,256,0,0,0.006603775029207823,0.003958367744279515,0.004321366617168329,0.004125036042899934,0.0,0.0
mainland,0.75,0.5,0.3,neutral,400,effort_separation,ovule_annual_pollen_lifetime,0.5,annual,lifetime,effort_vs_lifetime,256,256,0,0,0.011263954909966376,0.004664573618514878,0.008215826657487888,0.004665163783916619,0.0,0.0
mainland,0.75,0.5,0.3,selected,10,effort_separation,ovule_annual_pollen_lifetime,0.5,annual,lifetime,effort_vs_lifetime,256,256,0,0,0.0004980711671136524,0.000525892383917055,-7.1940246185121706e-06,0.0005530612043822751,0.0,0.0
mainland,0.75,0.5,0.3,selected,40,effort_separation,ovule_annual_pollen_lifetime,0.5,annual,lifetime,effort_vs_lifetime,256,256,0,0,-0.0006188046907142222,0.0018716268175256498,-0.0002802834682174701,0.0019060718453662695,0.0,0.0
mainland,0.75,0.5,0.3,selected,50,effort_separation,ovule_annual_pollen_lifetime,0.5,annual,lifetime,effort_vs_lifetime,256,256,0,0,-0.0008367686500235378,0.0022023181283380567,0.0006731120975382392,0.0021752063498913414,0.0,0.0
mainland,0.75,0.5,0.3,selected,100,effort_separation,ovule_annual_pollen_lifetime,0.5,annual,lifetime,effort_vs_lifetime,256,256,0,0,-0.0023587452640507207,0.00322523395274271,0.0020089870534673792,0.00308608191402312,0.0,0.0
mainland,0.75,0.5,0.3,selected,200,effort_separation,ovule_annual_pollen_lifetime,0.5,annual,lifetime,effort_vs_lifetime,256,256,0,0,-0.00018181180691399128,0.0039742100894163065,0.0070975985568123385,0.0040041100999249615,0.0,0.0
mainland,0.75,0.5,0.3,selected,400,effort_separation,ovule_annual_pollen_lifetime,0.5,annual,lifetime,effort_vs_lifetime,256,256,0,0,-0.004374217585283545,0.004329594672660813,0.005035125561002348,0.004577495868055661,0.0,0.0
mainland,0.75,0.5,0.7,neutral,10,effort_separation,ovule_annual_pollen_lifetime,0.5,annual,lifetime,effort_vs_lifetime,256,256,0,0,-0.0007507247982437796,0.0005689319433656409,0.00039563501519755575,0.0005309792411715652,0.0,0.0
mainland,0.75,0.5,0.7,neutral,40,effort_separation,ovule_annual_pollen_lifetime,0.5,annual,lifetime,effort_vs_lifetime,256,256,0,0,-0.0016916115730709214,0.0017929837816822896,0.0018343892565183533,0.0018500880857349813,0.0,0.0
mainland,0.75,0.5,0.7,neutral,50,effort_separation,ovule_annual_pollen_lifetime,0.5,annual,lifetime,effort_vs_lifetime,256,256,0,0,-0.0023486096033549075,0.002118331604681464,-0.0003034310631438565,0.0020201339421122727,0.0,0.0
mainland,0.75,0.5,0.7,neutral,100,effort_separation,ovule_annual_pollen_lifetime,0.5,annual,lifetime,effort_vs_lifetime,256,256,0,0,-0.002644397650471299,0.003169679844462575,-0.001935007771945048,0.002918521926464715,0.0,0.0
mainland,0.75,0.5,0.7,neutral,200,effort_separation,ovule_annual_pollen_lifetime,0.5,annual,lifetime,effort_vs_lifetime,256,256,0,0,-0.004531329532426053,0.004364923807896886,-0.0001870823755748313,0.0036881253640766785,0.0,0.0
mainland,0.75,0.5,0.7,neutral,400,effort_separation,ovule_annual_pollen_lifetime,0.5,annual,lifetime,effort_vs_lifetime,256,256,0,0,-0.006472002380642054,0.004939557376376423,0.001097866456602305,0.0042258316588761405,0.0,0.0
mainland,0.75,0.5,0.7,selected,10,effort_separation,ovule_annual_pollen_lifetime,0.5,annual,lifetime,effort_vs_lifetime,256,256,0,0,-0.00025487066954415615,0.000629547841673095,0.00043648989447024156,0.0005994325306907158,0.0,0.0
mainland,0.75,0.5,0.7,selected,40,effort_separation,ovule_annual_pollen_lifetime,0.5,annual,lifetime,effort_vs_lifetime,256,256,0,0,-0.002240403465611044,0.0018180433351195197,0.0012222204434810247,0.0017403658883664679,0.0,0.0
mainland,0.75,0.5,0.7,selected,50,effort_separation,ovule_annual_pollen_lifetime,0.5,annual,lifetime,effort_vs_lifetime,256,256,0,0,-0.0027405278090885526,0.0019802720212413892,0.0013408698108883603,0.0020418940620167136,0.0,0.0
mainland,0.75,0.5,0.7,selected,100,effort_separation,ovule_annual_pollen_lifetime,0.5,annual,lifetime,effort_vs_lifetime,256,256,0,0,-0.0023013492123340846,0.003001516823803226,-0.0009403332712752974,0.0032023576283959905,0.0,0.0
mainland,0.75,0.5,0.7,selected,200,effort_separation,ovule_annual_pollen_lifetime,0.5,annual,lifetime,effort_vs_lifetime,256,256,0,0,-0.004529505550523236,0.003920832518369503,0.001271014740002937,0.004056887408162163,0.0,0.0
mainland,0.75,0.5,0.7,selected,400,effort_separation,ovule_annual_pollen_lifetime,0.5,annual,lifetime,effort_vs_lifetime,256,256,0,0,-0.006306149047104608,0.004290971140340361,0.0018297393354962798,0.0042488430845873575,0.0,0.0
both,0.75,0.5,0.3,neutral,10,effort_separation,ovule_lifetime_pollen_annual,0.5,lifetime,annual,effort_vs_lifetime,256,256,0,0,0.00026554227153469394,0.0007813245713631444,-0.00037364973078228146,0.000769100008633803,0.0,0.0
both,0.75,0.5,0.3,neutral,40,effort_separation,ovule_lifetime_pollen_annual,0.5,lifetime,annual,effort_vs_lifetime,256,256,0,0,-0.0017895076811983517,0.002073959880810676,0.0018467719186555178,0.0023027199400618282,0.0,0.0
both,0.75,0.5,0.3,neutral,50,effort_separation,ovule_lifetime_pollen_annual,0.5,lifetime,annual,effort_vs_lifetime,256,256,0,0,-0.0003658553488186437,0.002181116164097079,0.003231551647294057,0.002630650844678239,0.0,0.0
both,0.75,0.5,0.3,neutral,100,effort_separation,ovule_lifetime_pollen_annual,0.5,lifetime,annual,effort_vs_lifetime,256,256,0,0,0.0017850313163437692,0.0034942036717416323,0.0013801123665432855,0.0036854020620458515,0.0,0.0
both,0.75,0.5,0.3,neutral,200,effort_separation,ovule_lifetime_pollen_annual,0.5,lifetime,annual,effort_vs_lifetime,256,256,0,0,0.002525997026053036,0.004262465487967652,0.0005632700038758903,0.004324825653246405,0.0,0.0
both,0.75,0.5,0.3,neutral,400,effort_separation,ovule_lifetime_pollen_annual,0.5,lifetime,annual,effort_vs_lifetime,256,256,0,0,0.00013659220594380286,0.004589997420639638,0.0015238743068229886,0.004746373095205388,0.0,0.0
both,0.75,0.5,0.3,selected,10,effort_separation,ovule_lifetime_pollen_annual,0.5,lifetime,annual,effort_vs_lifetime,256,256,0,0,-0.0002350845356281564,0.0009127021738984121,0.0010183055539757693,0.0009235091269849734,0.0,0.0
both,0.75,0.5,0.3,selected,40,effort_separation,ovule_lifetime_pollen_annual,0.5,lifetime,annual,effort_vs_lifetime,256,256,0,0,-0.002067399818855082,0.0021928692744029713,0.004751867043010384,0.0022554856451480715,0.0,0.0
both,0.75,0.5,0.3,selected,50,effort_separation,ovule_lifetime_pollen_annual,0.5,lifetime,annual,effort_vs_lifetime,256,256,0,0,-0.003005330354175522,0.002448366267361699,0.004305280817397294,0.0024965891691826436,0.0,0.0
both,0.75,0.5,0.3,selected,100,effort_separation,ovule_lifetime_pollen_annual,0.5,lifetime,annual,effort_vs_lifetime,256,256,0,0,-0.002112811495696376,0.003514509057157993,0.008920142757985066,0.0033454251881117818,0.0,0.0
both,0.75,0.5,0.3,selected,200,effort_separation,ovule_lifetime_pollen_annual,0.5,lifetime,annual,effort_vs_lifetime,256,256,0,0,-0.004374257612263338,0.004366051287304865,0.012201732382674685,0.0038439729120602895,0.0,0.0
both,0.75,0.5,0.3,selected,400,effort_separation,ovule_lifetime_pollen_annual,0.5,lifetime,annual,effort_vs_lifetime,256,256,0,0,-0.005229491310872153,0.004746234603319088,0.014486427417663709,0.004167544276308947,0.0,0.0
both,0.75,0.5,0.7,neutral,10,effort_separation,ovule_lifetime_pollen_annual,0.5,lifetime,annual,effort_vs_lifetime,256,256,0,0,-0.001298501926467396,0.0007507896356128128,0.0010189376711693455,0.0007740822602152542,0.0,0.0
both,0.75,0.5,0.7,neutral,40,effort_separation,ovule_lifetime_pollen_annual,0.5,lifetime,annual,effort_vs_lifetime,256,256,0,0,0.000403760571641838,0.0021726999039353985,0.0010609195722593836,0.0022979124494259154,0.0,0.0
both,0.75,0.5,0.7,neutral,50,effort_separation,ovule_lifetime_pollen_annual,0.5,lifetime,annual,effort_vs_lifetime,256,256,0,0,0.0005084266581590487,0.002493397227588437,0.0027694502222158105,0.002511734899443064,0.0,0.0
both,0.75,0.5,0.7,neutral,100,effort_separation,ovule_lifetime_pollen_annual,0.5,lifetime,annual,effort_vs_lifetime,256,256,0,0,0.0004478920616669893,0.0034920905382582646,0.0033078153005145373,0.0032842075398827266,0.0,0.0
both,0.75,0.5,0.7,neutral,200,effort_separation,ovule_lifetime_pollen_annual,0.5,lifetime,annual,effort_vs_lifetime,256,256,0,0,0.0027142642456757364,0.004192049817631664,0.006534550779864508,0.00416512785749802,0.0,0.0
both,0.75,0.5,0.7,neutral,400,effort_separation,ovule_lifetime_pollen_annual,0.5,lifetime,annual,effort_vs_lifetime,256,256,0,0,0.0015512260274344533,0.004569213096831483,0.008159296360423299,0.004683749180810887,0.0,0.0
both,0.75,0.5,0.7,selected,10,effort_separation,ovule_lifetime_pollen_annual,0.5,lifetime,annual,effort_vs_lifetime,256,256,0,0,-0.0004194173113941163,0.0008280775477618576,0.0027579647968206094,0.0007969128750642266,0.0,0.0
both,0.75,0.5,0.7,selected,40,effort_separation,ovule_lifetime_pollen_annual,0.5,lifetime,annual,effort_vs_lifetime,256,256,0,0,0.0029512718040160166,0.0021527898931858547,0.007944191665097782,0.0021877402382277154,0.0,0.0
both,0.75,0.5,0.7,selected,50,effort_separation,ovule_lifetime_pollen_annual,0.5,lifetime,annual,effort_vs_lifetime,256,256,0,0,0.0016482738699534843,0.0023946649623138184,0.009174246975010895,0.0024422784856055106,0.0,0.0
both,0.75,0.5,0.7,selected,100,effort_separation,ovule_lifetime_pollen_annual,0.5,lifetime,annual,effort_vs_lifetime,256,256,0,0,0.0008657054796766023,0.0035769462816968036,0.012606684079817704,0.003252117210299762,0.0,0.0
both,0.75,0.5,0.7,selected,200,effort_separation,ovule_lifetime_pollen_annual,0.5,lifetime,annual,effort_vs_lifetime,256,256,0,0,0.00018141946402354522,0.004266706031070438,0.016024358188735106,0.004082845866210434,0.0,0.0
both,0.75,0.5,0.7,selected,400,effort_separation,ovule_lifetime_pollen_annual,0.5,lifetime,annual,effort_vs_lifetime,256,256,0,0,-0.0002728162568851485,0.004510676414553755,0.013969944159231553,0.004424514942065881,0.0,0.0
mainland,0.75,0.5,0.3,neutral,10,effort_separation,ovule_lifetime_pollen_annual,0.5,lifetime,annual,effort_vs_lifetime,256,256,0,0,0.0008694589015536809,0.0008133493584376244,-0.00018429118935578458,0.0009173909748894253,0.0,0.0
mainland,0.75,0.5,0.3,neutral,40,effort_separation,ovule_lifetime_pollen_annual,0.5,lifetime,annual,effort_vs_lifetime,256,256,0,0,0.0038064189772203374,0.0020360535429718137,-0.00044706886659383067,0.0020285006016674562,0.0,0.0
mainland,0.75,0.5,0.3,neutral,50,effort_separation,ovule_lifetime_pollen_annual,0.5,lifetime,annual,effort_vs_lifetime,256,256,0,0,0.002673591845937613,0.0022743093802033787,0.00047930399976973547,0.0022738835990759702,0.0,0.0
mainland,0.75,0.5,0.3,neutral,100,effort_separation,ovule_lifetime_pollen_annual,0.5,lifetime,annual,effort_vs_lifetime,256,256,0,0,0.004355685668369805,0.0031100717463679087,0.003113981790088263,0.0030129131826843276,0.0,0.0
mainland,0.75,0.5,0.3,neutral,200,effort_separation,ovule_lifetime_pollen_annual,0.5,lifetime,annual,effort_vs_lifetime,256,256,0,0,0.006820829056661167,0.0037802832191774797,0.00685307324352244,0.003920376420449226,0.0,0.0
mainland,0.75,0.5,0.3,neutral,400,effort_separation,ovule_lifetime_pollen_annual,0.5,lifetime,annual,effort_vs_lifetime,256,256,0,0,0.012538147626451439,0.004521871314317854,0.006589357570592404,0.004813666197733124,0.0,0.0
mainland,0.75,0.5,0.3,selected,10,effort_separation,ovule_lifetime_pollen_annual,0.5,lifetime,annual,effort_vs_lifetime,256,256,0,0,0.0007244618671347442,0.0009582704408434801,0.0026961615514523784,0.0008593193899702003,0.0,0.0
mainland,0.75,0.5,0.3,selected,40,effort_separation,ovule_lifetime_pollen_annual,0.5,lifetime,annual,effort_vs_lifetime,256,256,0,0,0.0021731637428742743,0.002316336231466778,0.004240525836783399,0.0021773249806382295,0.0,0.0
mainland,0.75,0.5,0.3,selected,50,effort_separation,ovule_lifetime_pollen_annual,0.5,lifetime,annual,effort_vs_lifetime,256,256,0,0,0.001852266093967114,0.0025738721390697753,0.006287442974548555,0.0024960481624741277,0.0,0.0
mainland,0.75,0.5,0.3,selected,100,effort_separation,ovule_lifetime_pollen_annual,0.5,lifetime,annual,effort_vs_lifetime,256,256,0,0,0.0016158090328897909,0.0034525153532284545,0.011957651377662974,0.0032335533669038932,0.0,0.0
mainland,0.75,0.5,0.3,selected,200,effort_separation,ovule_lifetime_pollen_annual,0.5,lifetime,annual,effort_vs_lifetime,256,256,0,0,0.004265700470772911,0.004346084000311551,0.020955584587729986,0.004167111467780854,0.0,0.0
mainland,0.75,0.5,0.3,selected,400,effort_separation,ovule_lifetime_pollen_annual,0.5,lifetime,annual,effort_vs_lifetime,256,256,0,0,-0.00017568986132985372,0.004687641515039096,0.02600984031238309,0.0046463798584095405,0.0,0.0
mainland,0.75,0.5,0.7,neutral,10,effort_separation,ovule_lifetime_pollen_annual,0.5,lifetime,annual,effort_vs_lifetime,256,256,0,0,-5.013967644630201e-05,0.0007990832538429606,-0.00014731388938247375,0.0008281761272160091,0.0,0.0
mainland,0.75,0.5,0.7,neutral,40,effort_separation,ovule_lifetime_pollen_annual,0.5,lifetime,annual,effort_vs_lifetime,256,256,0,0,-0.000398744615870666,0.002116460119515621,0.002683146425349606,0.0018266780637460664,0.0,0.0
mainland,0.75,0.5,0.7,neutral,50,effort_separation,ovule_lifetime_pollen_annual,0.5,lifetime,annual,effort_vs_lifetime,256,256,0,0,0.0008334083849624021,0.002419990783893511,0.0031268518879974897,0.002143164254470947,0.0,0.0
mainland,0.75,0.5,0.7,neutral,100,effort_separation,ovule_lifetime_pollen_annual,0.5,lifetime,annual,effort_vs_lifetime,256,256,0,0,-0.002876743495261507,0.0034533629925749443,0.005012843702852834,0.002936339743807342,0.0,0.0
mainland,0.75,0.5,0.7,neutral,200,effort_separation,ovule_lifetime_pollen_annual,0.5,lifetime,annual,effort_vs_lifetime,256,256,0,0,-0.0054838641132285764,0.0043089095653508405,0.00317434699879023,0.003814456737338102,0.0,0.0
mainland,0.75,0.5,0.7,neutral,400,effort_separation,ovule_lifetime_pollen_annual,0.5,lifetime,annual,effort_vs_lifetime,256,256,0,0,-0.004995778310894363,0.004706070676783704,0.00047078149269866136,0.004257794689432519,0.0,0.0
mainland,0.75,0.5,0.7,selected,10,effort_separation,ovule_lifetime_pollen_annual,0.5,lifetime,annual,effort_vs_lifetime,256,256,0,0,0.0007750439269747257,0.0008235254473717143,0.0016809634209182737,0.0009009779541995037,0.0,0.0
mainland,0.75,0.5,0.7,selected,40,effort_separation,ovule_lifetime_pollen_annual,0.5,lifetime,annual,effort_vs_lifetime,256,256,0,0,-0.0034256874468421793,0.0020422943161551143,0.004674417521623616,0.0021507569650224476,0.0,0.0
mainland,0.75,0.5,0.7,selected,50,effort_separation,ovule_lifetime_pollen_annual,0.5,lifetime,annual,effort_vs_lifetime,256,256,0,0,-0.0042674351253560545,0.002311976077489312,0.005226407110630183,0.0024034403938818206,0.0,0.0
mainland,0.75,0.5,0.7,selected,100,effort_separation,ovule_lifetime_pollen_annual,0.5,lifetime,annual,effort_vs_lifetime,256,256,0,0,-0.003274045545926585,0.003083568673935625,0.012826280990146143,0.003145533291977375,0.0,0.0
mainland,0.75,0.5,0.7,selected,200,effort_separation,ovule_lifetime_pollen_annual,0.5,lifetime,annual,effort_vs_lifetime,256,256,0,0,-0.005051118565249613,0.0038899690190985162,0.021530621861053263,0.004031252012479816,0.0,0.0
mainland,0.75,0.5,0.7,selected,400,effort_separation,ovule_lifetime_pollen_annual,0.5,lifetime,annual,effort_vs_lifetime,256,256,0,0,-0.0045848295077217,0.0043544224429757266,0.0335497052059535,0.00445399180605259,0.0,0.0
