campaign,environment,survival,selfing,start,control,year,variant,depression,ovule_effort,pollen_effort,replicates,survivors,extinction_fraction,extinction_low,extinction_high,population_mean,population_mcse,visitor_types_mean,access_increasing_fraction,access_increasing_low,access_increasing_high,access_decreasing_fraction,access_decreasing_low,access_decreasing_high,access_small_change_fraction,access_small_change_low,access_small_change_high,access_extinction_fraction,access_extinction_low,access_extinction_high,access_change_mean,access_change_mcse,access_decreasing,access_small_change,access_increasing,investment_increasing_fraction,investment_increasing_low,investment_increasing_high,investment_decreasing_fraction,investment_decreasing_low,investment_decreasing_high,investment_small_change_fraction,investment_small_change_low,investment_small_change_high,investment_extinction_fraction,investment_extinction_low,investment_extinction_high,investment_change_mean,investment_change_mcse,investment_decreasing,investment_small_change,investment_increasing
assurance,both,0.0,0.1,0.3,neutral,10,a0.1_d0.0,0.0,lifetime,lifetime,256,244,0.046875,0.027014851001628076,0.0801330188843179,29.12109375,1.2105366538881461,2.40234375,0.1875,0.14443796573655726,0.2398019445296124,0.17578125,0.13404604842154846,0.22710285847960257,0.58984375,0.5286958295312854,0.6483351962671908,0.046875,0.027014851001628076,0.0801330188843179,0.0005848996526571038,0.0017787459622320184,45,151,48,0.21875,0.1724715978199255,0.27334432141962717,0.17578125,0.13404604842154846,0.22710285847960257,0.55859375,0.49734573849859953,0.6181092783264936,0.046875,0.027014851001628076,0.0801330188843179,0.001015743478553674,0.0017900577906218539,45,143,56
assurance,both,0.0,0.1,0.3,neutral,10,a0.1_d0.5,0.5,lifetime,lifetime,256,138,0.4609375,0.40090361566150806,0.5221263731217632,19.15625,1.4016127243881125,2.40234375,0.0859375,0.05743557903626671,0.12668230206640807,0.08984375,0.06061336726621258,0.1312015149581351,0.36328125,0.3067900082905613,0.4238149524508879,0.4609375,0.40090361566150806,0.5221263731217632,0.0011183471141354138,0.0022074981130517906,23,93,22,0.0859375,0.05743557903626671,0.12668230206640807,0.09765625,0.06702402222215342,0.14018486224554,0.35546875,0.29936712788953435,0.4158438306085691,0.4609375,0.40090361566150806,0.5221263731217632,-0.0010926390448960212,0.002197552973101958,25,91,22
assurance,both,0.0,0.1,0.3,neutral,10,a0.1_d0.9,0.9,lifetime,lifetime,256,96,0.625,0.5642590524289499,0.6820449834645823,15.51953125,1.3913901829807447,2.40234375,0.0546875,0.03285229140400938,0.08968958072528235,0.07421875,0.048026107191811204,0.11300077054584494,0.24609375,0.19734067215723067,0.3023542549340322,0.625,0.5642590524289499,0.6820449834645823,-4.7903237164674366e-05,0.0023557927520616866,19,63,14,0.0546875,0.03285229140400938,0.08968958072528235,0.0625,0.03883364112851165,0.09910223324412587,0.2578125,0.20808593083982155,0.31469999961646,0.625,0.5642590524289499,0.6820449834645823,8.985361848103807e-05,0.0022933517303189584,16,66,14
assurance,both,0.0,0.1,0.3,neutral,40,a0.1_d0.0,0.0,lifetime,lifetime,256,27,0.89453125,0.850899024665532,0.9264980886234288,1.203125,0.3861781196997105,1.2353515625,0.0390625,0.0213540358427329,0.07039983179986732,0.046875,0.027014851001628076,0.0801330188843179,0.01953125,0.008370729784579391,0.04489813224965644,0.89453125,0.850899024665532,0.9264980886234288,-0.0063875485452263145,0.00973743929818204,12,5,10,0.03125,0.015918258891511296,0.06044160650774316,0.0546875,0.03285229140400938,0.08968958072528235,0.01953125,0.008370729784579391,0.04489813224965644,0.89453125,0.850899024665532,0.9264980886234288,-0.011790279453977745,0.009882737202761883,14,5,8
assurance,both,0.0,0.1,0.3,neutral,40,a0.1_d0.5,0.5,lifetime,lifetime,256,2,0.9921875,0.9719672316984642,0.9978549096323186,0.1484375,0.10475515446335877,1.2353515625,0.0,0.0,0.01478385642587143,0.0,0.0,0.01478385642587143,0.0078125,0.002145090367681419,0.028032768301535768,0.9921875,0.9719672316984642,0.9978549096323186,0.001487175450894579,0.009886476335325939,0,2,0,0.00390625,0.0006898821669617927,0.021790975380582514,0.0,0.0,0.01478385642587143,0.00390625,0.0006898821669617927,0.021790975380582514,0.9921875,0.9719672316984642,0.9978549096323186,0.01944080383212543,0.029080038009650755,0,1,1
assurance,both,0.0,0.1,0.3,neutral,40,a0.1_d0.9,0.9,lifetime,lifetime,256,1,0.99609375,0.9782090246194175,0.9993101178330381,0.01171875,0.01171875,1.2353515625,0.0,0.0,0.01478385642587143,0.00390625,0.0006898821669617927,0.021790975380582514,0.0,0.0,0.01478385642587143,0.99609375,0.9782090246194175,0.9993101178330381,-0.03355353467123612,,1,0,0,0.0,0.0,0.01478385642587143,0.0,0.0,0.01478385642587143,0.00390625,0.0006898821669617927,0.021790975380582514,0.99609375,0.9782090246194175,0.9993101178330381,-0.018297497185916112,,0,1,0
assurance,both,0.0,0.1,0.3,neutral,50,a0.1_d0.0,0.0,lifetime,lifetime,256,5,0.98046875,0.9551018677503436,0.9916292702154206,0.515625,0.29543964155385544,1.127578125,0.01171875,0.003993287123007758,0.033881572667882304,0.0,0.0,0.01478385642587143,0.0078125,0.002145090367681419,0.028032768301535768,0.98046875,0.9551018677503436,0.9916292702154206,0.027644883807085054,0.019799681216552362,0,2,3,0.0078125,0.002145090367681419,0.028032768301535768,0.0078125,0.002145090367681419,0.028032768301535768,0.00390625,0.0006898821669617927,0.021790975380582514,0.98046875,0.9551018677503436,0.9916292702154206,-0.008840750584218049,0.025378747492608832,2,1,2
assurance,both,0.0,0.1,0.3,neutral,50,a0.1_d0.5,0.5,lifetime,lifetime,256,0,1.0,0.9852161435741286,1.0,0.0,0.0,1.127578125,0.0,0.0,0.01478385642587143,0.0,0.0,0.01478385642587143,0.0,0.0,0.01478385642587143,1.0,0.9852161435741286,1.0,,,0,0,0,0.0,0.0,0.01478385642587143,0.0,0.0,0.01478385642587143,0.0,0.0,0.01478385642587143,1.0,0.9852161435741286,1.0,,,0,0,0
assurance,both,0.0,0.1,0.3,neutral,50,a0.1_d0.9,0.9,lifetime,lifetime,256,0,1.0,0.9852161435741286,1.0,0.0,0.0,1.127578125,0.0,0.0,0.01478385642587143,0.0,0.0,0.01478385642587143,0.0,0.0,0.01478385642587143,1.0,0.9852161435741286,1.0,,,0,0,0,0.0,0.0,0.01478385642587143,0.0,0.0,0.01478385642587143,0.0,0.0,0.01478385642587143,1.0,0.9852161435741286,1.0,,,0,0,0
assurance,both,0.0,0.1,0.3,neutral,100,a0.1_d0.0,0.0,lifetime,lifetime,256,0,1.0,0.9852161435741286,1.0,0.0,0.0,0.9062109375,0.0,0.0,0.01478385642587143,0.0,0.0,0.01478385642587143,0.0,0.0,0.01478385642587143,1.0,0.9852161435741286,1.0,,,0,0,0,0.0,0.0,0.01478385642587143,0.0,0.0,0.01478385642587143,0.0,0.0,0.01478385642587143,1.0,0.9852161435741286,1.0,,,0,0,0
assurance,both,0.0,0.1,0.3,neutral,100,a0.1_d0.5,0.5,lifetime,lifetime,256,0,1.0,0.9852161435741286,1.0,0.0,0.0,0.9062109375,0.0,0.0,0.01478385642587143,0.0,0.0,0.01478385642587143,0.0,0.0,0.01478385642587143,1.0,0.9852161435741286,1.0,,,0,0,0,0.0,0.0,0.01478385642587143,0.0,0.0,0.01478385642587143,0.0,0.0,0.01478385642587143,1.0,0.9852161435741286,1.0,,,0,0,0
assurance,both,0.0,0.1,0.3,neutral,100,a0.1_d0.9,0.9,lifetime,lifetime,256,0,1.0,0.9852161435741286,1.0,0.0,0.0,0.9062109375,0.0,0.0,0.01478385642587143,0.0,0.0,0.01478385642587143,0.0,0.0,0.01478385642587143,1.0,0.9852161435741286,1.0,,,0,0,0,0.0,0.0,0.01478385642587143,0.0,0.0,0.01478385642587143,0.0,0.0,0.01478385642587143,1.0,0.9852161435741286,1.0,,,0,0,0
assurance,both,0.0,0.1,0.3,neutral,200,a0.1_d0.0,0.0,lifetime,lifetime,256,0,1.0,0.9852161435741286,1.0,0.0,0.0,0.78705078125,0.0,0.0,0.01478385642587143,0.0,0.0,0.01478385642587143,0.0,0.0,0.01478385642587143,1.0,0.9852161435741286,1.0,,,0,0,0,0.0,0.0,0.01478385642587143,0.0,0.0,0.01478385642587143,0.0,0.0,0.01478385642587143,1.0,0.9852161435741286,1.0,,,0,0,0
assurance,both,0.0,0.1,0.3,neutral,200,a0.1_d0.5,0.5,lifetime,lifetime,256,0,1.0,0.9852161435741286,1.0,0.0,0.0,0.78705078125,0.0,0.0,0.01478385642587143,0.0,0.0,0.01478385642587143,0.0,0.0,0.01478385642587143,1.0,0.9852161435741286,1.0,,,0,0,0,0.0,0.0,0.01478385642587143,0.0,0.0,0.01478385642587143,0.0,0.0,0.01478385642587143,1.0,0.9852161435741286,1.0,,,0,0,0
assurance,both,0.0,0.1,0.3,neutral,200,a0.1_d0.9,0.9,lifetime,lifetime,256,0,1.0,0.9852161435741286,1.0,0.0,0.0,0.78705078125,0.0,0.0,0.01478385642587143,0.0,0.0,0.01478385642587143,0.0,0.0,0.01478385642587143,1.0,0.9852161435741286,1.0,,,0,0,0,0.0,0.0,0.01478385642587143,0.0,0.0,0.01478385642587143,0.0,0.0,0.01478385642587143,1.0,0.9852161435741286,1.0,,,0,0,0
assurance,both,0.0,0.1,0.3,neutral,400,a0.1_d0.0,0.0,lifetime,lifetime,256,0,1.0,0.9852161435741286,1.0,0.0,0.0,0.7280957031249999,0.0,0.0,0.01478385642587143,0.0,0.0,0.01478385642587143,0.0,0.0,0.01478385642587143,1.0,0.9852161435741286,1.0,,,0,0,0,0.0,0.0,0.01478385642587143,0.0,0.0,0.01478385642587143,0.0,0.0,0.01478385642587143,1.0,0.9852161435741286,1.0,,,0,0,0
assurance,both,0.0,0.1,0.3,neutral,400,a0.1_d0.5,0.5,lifetime,lifetime,256,0,1.0,0.9852161435741286,1.0,0.0,0.0,0.7280957031249999,0.0,0.0,0.01478385642587143,0.0,0.0,0.01478385642587143,0.0,0.0,0.01478385642587143,1.0,0.9852161435741286,1.0,,,0,0,0,0.0,0.0,0.01478385642587143,0.0,0.0,0.01478385642587143,0.0,0.0,0.01478385642587143,1.0,0.9852161435741286,1.0,,,0,0,0
assurance,both,0.0,0.1,0.3,neutral,400,a0.1_d0.9,0.9,lifetime,lifetime,256,0,1.0,0.9852161435741286,1.0,0.0,0.0,0.7280957031249999,0.0,0.0,0.01478385642587143,0.0,0.0,0.01478385642587143,0.0,0.0,0.01478385642587143,1.0,0.9852161435741286,1.0,,,0,0,0,0.0,0.0,0.01478385642587143,0.0,0.0,0.01478385642587143,0.0,0.0,0.01478385642587143,1.0,0.9852161435741286,1.0,,,0,0,0
assurance,both,0.0,0.1,0.3,selected,10,a0.1_d0.0,0.0,lifetime,lifetime,256,248,0.03125,0.015918258891511296,0.06044160650774316,30.80078125,1.1910282970900439,2.40234375,0.3203125,0.26617385334096993,0.3797640950620776,0.3125,0.2588458887858718,0.37169805737383,0.3359375,0.280883264256863,0.395842688632876,0.03125,0.015918258891511296,0.06044160650774316,0.0005573740019386723,0.0023783488475287184,80,86,82,0.33984375,0.28457152593543,0.39985142807598195,0.13671875,0.09997371828318014,0.1842051774012421,0.4921875,0.43151586938966136,0.5530901283669929,0.03125,0.015918258891511296,0.06044160650774316,0.0067965612788468315,0.001957667695190179,35,126,87
assurance,both,0.0,0.1,0.3,selected,10,a0.1_d0.5,0.5,lifetime,lifetime,256,155,0.39453125,0.33664349360941154,0.45553747610542067,20.82421875,1.4115523122451055,2.40234375,0.19140625,0.14791734057779737,0.24401957081004516,0.234375,0.1866465082202543,0.2899574155059899,0.1796875,0.13750213221413665,0.23134377580868726,0.39453125,0.33664349360941154,0.45553747610542067,-0.0037547428378541226,0.003238046891823295,60,46,49,0.234375,0.1866465082202543,0.2899574155059899,0.046875,0.027014851001628076,0.0801330188843179,0.32421875,0.2698445830530154,0.38379036647170506,0.39453125,0.33664349360941154,0.45553747610542067,0.013373596646395976,0.002267325958466543,12,83,60
assurance,both,0.0,0.1,0.3,selected,10,a0.1_d0.9,0.9,lifetime,lifetime,256,100,0.609375,0.5484139251193965,0.6671021062874443,16.828125,1.4263819703813285,2.40234375,0.1015625,0.07025498422463894,0.14465090136472736,0.15234375,0.11348877125313496,0.20147812891797878,0.13671875,0.09997371828318014,0.1842051774012421,0.609375,0.5484139251193965,0.6671021062874443,-0.0054311058349193475,0.004009837787221714,39,35,26,0.1640625,0.12372760124959209,0.21433030228654026,0.0234375,0.010784867555857603,0.0501809956000511,0.203125,0.15839924133131683,0.25662867342154433,0.609375,0.5484139251193965,0.6671021062874443,0.014345270535463832,0.0024018733744363314,6,52,42
assurance,both,0.0,0.1,0.3,selected,40,a0.1_d0.0,0.0,lifetime,lifetime,256,26,0.8984375,0.8553490986352725,0.9297450157753611,2.046875,0.5230800195012907,1.2353515625,0.046875,0.027014851001628076,0.0801330188843179,0.046875,0.027014851001628076,0.0801330188843179,0.0078125,0.002145090367681419,0.028032768301535768,0.8984375,0.8553490986352725,0.9297450157753611,-0.005040075800725154,0.012893289130602297,12,2,12,0.05078125,0.029913811386553534,0.08493105962106533,0.01953125,0.008370729784579391,0.04489813224965644,0.03125,0.015918258891511296,0.06044160650774316,0.8984375,0.8553490986352725,0.9297450157753611,0.021981520971072935,0.008727703494953014,5,8,13
assurance,both,0.0,0.1,0.3,selected,40,a0.1_d0.5,0.5,lifetime,lifetime,256,2,0.9921875,0.9719672316984642,0.9978549096323186,0.109375,0.08199951241784738,1.2353515625,0.0,0.0,0.01478385642587143,0.00390625,0.0006898821669617927,0.021790975380582514,0.00390625,0.0006898821669617927,0.021790975380582514,0.9921875,0.9719672316984642,0.9978549096323186,-0.02509891367825151,0.019889670096999042,1,1,0,0.00390625,0.0006898821669617927,0.021790975380582514,0.0,0.0,0.01478385642587143,0.00390625,0.0006898821669617927,0.021790975380582514,0.9921875,0.9719672316984642,0.9978549096323186,0.0028831480839237866,0.022120146975186574,0,1,1
assurance,both,0.0,0.1,0.3,selected,40,a0.1_d0.9,0.9,lifetime,lifetime,256,1,0.99609375,0.9782090246194175,0.9993101178330381,0.0078125,0.0078125,1.2353515625,0.0,0.0,0.01478385642587143,0.00390625,0.0006898821669617927,0.021790975380582514,0.0,0.0,0.01478385642587143,0.99609375,0.9782090246194175,0.9993101178330381,-0.04199092676814059,,1,0,0,0.00390625,0.0006898821669617927,0.021790975380582514,0.0,0.0,0.01478385642587143,0.0,0.0,0.01478385642587143,0.99609375,0.9782090246194175,0.9993101178330381,0.040182384817396666,,0,0,1
assurance,both,0.0,0.1,0.3,selected,50,a0.1_d0.0,0.0,lifetime,lifetime,256,13,0.94921875,0.9150689403789347,0.9700861886134464,0.89453125,0.36211846773886425,1.127578125,0.01953125,0.008370729784579391,0.04489813224965644,0.02734375,0.013307156355121155,0.05535570792246043,0.00390625,0.0006898821669617927,0.021790975380582514,0.94921875,0.9150689403789347,0.9700861886134464,-0.011580974150213603,0.018030739376812866,7,1,5,0.02734375,0.013307156355121155,0.05535570792246043,0.01171875,0.003993287123007758,0.033881572667882304,0.01171875,0.003993287123007758,0.033881572667882304,0.94921875,0.9150689403789347,0.9700861886134464,0.018806665349093046,0.013702721853338188,3,3,7
assurance,both,0.0,0.1,0.3,selected,50,a0.1_d0.5,0.5,lifetime,lifetime,256,0,1.0,0.9852161435741286,1.0,0.0,0.0,1.127578125,0.0,0.0,0.01478385642587143,0.0,0.0,0.01478385642587143,0.0,0.0,0.01478385642587143,1.0,0.9852161435741286,1.0,,,0,0,0,0.0,0.0,0.01478385642587143,0.0,0.0,0.01478385642587143,0.0,0.0,0.01478385642587143,1.0,0.9852161435741286,1.0,,,0,0,0
assurance,both,0.0,0.1,0.3,selected,50,a0.1_d0.9,0.9,lifetime,lifetime,256,0,1.0,0.9852161435741286,1.0,0.0,0.0,1.127578125,0.0,0.0,0.01478385642587143,0.0,0.0,0.01478385642587143,0.0,0.0,0.01478385642587143,1.0,0.9852161435741286,1.0,,,0,0,0,0.0,0.0,0.01478385642587143,0.0,0.0,0.01478385642587143,0.0,0.0,0.01478385642587143,1.0,0.9852161435741286,1.0,,,0,0,0
assurance,both,0.0,0.1,0.3,selected,100,a0.1_d0.0,0.0,lifetime,lifetime,256,0,1.0,0.9852161435741286,1.0,0.0,0.0,0.9062109375,0.0,0.0,0.01478385642587143,0.0,0.0,0.01478385642587143,0.0,0.0,0.01478385642587143,1.0,0.9852161435741286,1.0,,,0,0,0,0.0,0.0,0.01478385642587143,0.0,0.0,0.01478385642587143,0.0,0.0,0.01478385642587143,1.0,0.9852161435741286,1.0,,,0,0,0
assurance,both,0.0,0.1,0.3,selected,100,a0.1_d0.5,0.5,lifetime,lifetime,256,0,1.0,0.9852161435741286,1.0,0.0,0.0,0.9062109375,0.0,0.0,0.01478385642587143,0.0,0.0,0.01478385642587143,0.0,0.0,0.01478385642587143,1.0,0.9852161435741286,1.0,,,0,0,0,0.0,0.0,0.01478385642587143,0.0,0.0,0.01478385642587143,0.0,0.0,0.01478385642587143,1.0,0.9852161435741286,1.0,,,0,0,0
assurance,both,0.0,0.1,0.3,selected,100,a0.1_d0.9,0.9,lifetime,lifetime,256,0,1.0,0.9852161435741286,1.0,0.0,0.0,0.9062109375,0.0,0.0,0.01478385642587143,0.0,0.0,0.01478385642587143,0.0,0.0,0.01478385642587143,1.0,0.9852161435741286,1.0,,,0,0,0,0.0,0.0,0.01478385642587143,0.0,0.0,0.01478385642587143,0.0,0.0,0.01478385642587143,1.0,0.9852161435741286,1.0,,,0,0,0
assurance,both,0.0,0.1,0.3,selected,200,a0.1_d0.0,0.0,lifetime,lifetime,256,0,1.0,0.9852161435741286,1.0,0.0,0.0,0.78705078125,0.0,0.0,0.01478385642587143,0.0,0.0,0.01478385642587143,0.0,0.0,0.01478385642587143,1.0,0.9852161435741286,1.0,,,0,0,0,0.0,0.0,0.01478385642587143,0.0,0.0,0.01478385642587143,0.0,0.0,0.01478385642587143,1.0,0.9852161435741286,1.0,,,0,0,0
assurance,both,0.0,0.1,0.3,selected,200,a0.1_d0.5,0.5,lifetime,lifetime,256,0,1.0,0.9852161435741286,1.0,0.0,0.0,0.78705078125,0.0,0.0,0.01478385642587143,0.0,0.0,0.01478385642587143,0.0,0.0,0.01478385642587143,1.0,0.9852161435741286,1.0,,,0,0,0,0.0,0.0,0.01478385642587143,0.0,0.0,0.01478385642587143,0.0,0.0,0.01478385642587143,1.0,0.9852161435741286,1.0,,,0,0,0
assurance,both,0.0,0.1,0.3,selected,200,a0.1_d0.9,0.9,lifetime,lifetime,256,0,1.0,0.9852161435741286,1.0,0.0,0.0,0.78705078125,0.0,0.0,0.01478385642587143,0.0,0.0,0.01478385642587143,0.0,0.0,0.01478385642587143,1.0,0.9852161435741286,1.0,,,0,0,0,0.0,0.0,0.01478385642587143,0.0,0.0,0.01478385642587143,0.0,0.0,0.01478385642587143,1.0,0.9852161435741286,1.0,,,0,0,0
assurance,both,0.0,0.1,0.3,selected,400,a0.1_d0.0,0.0,lifetime,lifetime,256,0,1.0,0.9852161435741286,1.0,0.0,0.0,0.7280957031249999,0.0,0.0,0.01478385642587143,0.0,0.0,0.01478385642587143,0.0,0.0,0.01478385642587143,1.0,0.9852161435741286,1.0,,,0,0,0,0.0,0.0,0.01478385642587143,0.0,0.0,0.01478385642587143,0.0,0.0,0.01478385642587143,1.0,0.9852161435741286,1.0,,,0,0,0
assurance,both,0.0,0.1,0.3,selected,400,a0.1_d0.5,0.5,lifetime,lifetime,256,0,1.0,0.9852161435741286,1.0,0.0,0.0,0.7280957031249999,0.0,0.0,0.01478385642587143,0.0,0.0,0.01478385642587143,0.0,0.0,0.01478385642587143,1.0,0.9852161435741286,1.0,,,0,0,0,0.0,0.0,0.01478385642587143,0.0,0.0,0.01478385642587143,0.0,0.0,0.01478385642587143,1.0,0.9852161435741286,1.0,,,0,0,0
assurance,both,0.0,0.1,0.3,selected,400,a0.1_d0.9,0.9,lifetime,lifetime,256,0,1.0,0.9852161435741286,1.0,0.0,0.0,0.7280957031249999,0.0,0.0,0.01478385642587143,0.0,0.0,0.01478385642587143,0.0,0.0,0.01478385642587143,1.0,0.9852161435741286,1.0,,,0,0,0,0.0,0.0,0.01478385642587143,0.0,0.0,0.01478385642587143,0.0,0.0,0.01478385642587143,1.0,0.9852161435741286,1.0,,,0,0,0
assurance,both,0.0,0.1,0.7,neutral,10,a0.1_d0.0,0.0,lifetime,lifetime,256,239,0.06640625,0.04187072285916844,0.10376215263514196,29.203125,1.2424615672193473,2.40234375,0.23046875,0.183093576056734,0.28581334654783735,0.16796875,0.12715856241588983,0.2185963422419154,0.53515625,0.4739903018869167,0.5952827082081391,0.06640625,0.04187072285916844,0.10376215263514196,0.0027930969371037445,0.0019721673719961708,43,137,59,0.19921875,0.15489813913670408,0.2524327744944842,0.19921875,0.15489813913670408,0.2524327744944842,0.53515625,0.4739903018869167,0.5952827082081391,0.06640625,0.04187072285916844,0.10376215263514196,-0.0016647456632629502,0.0020148467981063916,51,137,51
assurance,both,0.0,0.1,0.7,neutral,10,a0.1_d0.5,0.5,lifetime,lifetime,256,136,0.46875,0.4085346505933857,0.5298893404332313,18.68359375,1.4098055328765235,2.40234375,0.0859375,0.05743557903626671,0.12668230206640807,0.109375,0.07676405306596229,0.15353583476674978,0.3359375,0.280883264256863,0.395842688632876,0.46875,0.4085346505933857,0.5298893404332313,-0.0032091601086048443,0.002163509372994328,28,86,22,0.13671875,0.09997371828318014,0.1842051774012421,0.08984375,0.06061336726621258,0.1312015149581351,0.3046875,0.25153621542356636,0.36361372849278967,0.46875,0.4085346505933857,0.5298893404332313,0.006292722497425244,0.0026003382674345756,23,78,35
assurance,both,0.0,0.1,0.7,neutral,10,a0.1_d0.9,0.9,lifetime,lifetime,256,84,0.671875,0.6121878040809798,0.7264802452726269,14.0390625,1.3451620452294428,2.40234375,0.01953125,0.008370729784579391,0.04489813224965644,0.06640625,0.04187072285916844,0.10376215263514196,0.2421875,0.19377015335079256,0.2982277726187974,0.671875,0.6121878040809798,0.7264802452726269,-0.004583784487352901,0.0019433453626383575,17,62,5,0.04296875,0.024159813300607562,0.07529105546366555,0.0546875,0.03285229140400938,0.08968958072528235,0.23046875,0.183093576056734,0.28581334654783735,0.671875,0.6121878040809798,0.7264802452726269,-0.0018693402361341259,0.0025207192124601535,14,59,11
assurance,both,0.0,0.1,0.7,neutral,40,a0.1_d0.0,0.0,lifetime,lifetime,256,34,0.8671875,0.8201396562762842,0.9033784491609664,2.68359375,0.5986014528488784,1.2353515625,0.078125,0.05114064056843023,0.11758323829089878,0.03125,0.015918258891511296,0.06044160650774316,0.0234375,0.010784867555857603,0.0501809956000511,0.8671875,0.8201396562762842,0.9033784491609664,0.014930224858695888,0.008496682218431913,8,6,20,0.03515625,0.018604096092635542,0.0654527704282918,0.07421875,0.048026107191811204,0.11300077054584494,0.0234375,0.010784867555857603,0.0501809956000511,0.8671875,0.8201396562762842,0.9033784491609664,-0.009291503808665811,0.008302126911662655,19,6,9
assurance,both,0.0,0.1,0.7,neutral,40,a0.1_d0.5,0.5,lifetime,lifetime,256,9,0.96484375,0.9345472295717082,0.9813959039073644,1.0,0.41704639559458057,1.2353515625,0.015625,0.006092598203366294,0.039479262709196654,0.0,0.0,0.01478385642587143,0.01953125,0.008370729784579391,0.04489813224965644,0.96484375,0.9345472295717082,0.9813959039073644,0.03157210571991541,0.014964107608811734,0,5,4,0.0078125,0.002145090367681419,0.028032768301535768,0.015625,0.006092598203366294,0.039479262709196654,0.01171875,0.003993287123007758,0.033881572667882304,0.96484375,0.9345472295717082,0.9813959039073644,-0.014548501259795473,0.014297651003101689,4,3,2
assurance,both,0.0,0.1,0.7,neutral,40,a0.1_d0.9,0.9,lifetime,lifetime,256,5,0.98046875,0.9551018677503436,0.9916292702154206,0.9375,0.4159614129445465,1.2353515625,0.01171875,0.003993287123007758,0.033881572667882304,0.0078125,0.002145090367681419,0.028032768301535768,0.0,0.0,0.01478385642587143,0.98046875,0.9551018677503436,0.9916292702154206,0.0068672833186475876,0.015094420360127907,2,0,3,0.01171875,0.003993287123007758,0.033881572667882304,0.00390625,0.0006898821669617927,0.021790975380582514,0.00390625,0.0006898821669617927,0.021790975380582514,0.98046875,0.9551018677503436,0.9916292702154206,0.01776304516275984,0.018818221295629114,1,1,3
assurance,both,0.0,0.1,0.7,neutral,50,a0.1_d0.0,0.0,lifetime,lifetime,256,13,0.94921875,0.9150689403789347,0.9700861886134464,1.1328125,0.4245002175100196,1.127578125,0.0390625,0.0213540358427329,0.07039983179986732,0.0078125,0.002145090367681419,0.028032768301535768,0.00390625,0.0006898821669617927,0.021790975380582514,0.94921875,0.9150689403789347,0.9700861886134464,0.02672435854793046,0.014006002550704204,2,1,10,0.02734375,0.013307156355121155,0.05535570792246043,0.01953125,0.008370729784579391,0.04489813224965644,0.00390625,0.0006898821669617927,0.021790975380582514,0.94921875,0.9150689403789347,0.9700861886134464,0.00025488703765674803,0.017159369408129857,5,1,7
assurance,both,0.0,0.1,0.7,neutral,50,a0.1_d0.5,0.5,lifetime,lifetime,256,3,0.98828125,0.9661184273321177,0.9960067128769923,0.38671875,0.2648388696843425,1.127578125,0.00390625,0.0006898821669617927,0.021790975380582514,0.0,0.0,0.01478385642587143,0.0078125,0.002145090367681419,0.028032768301535768,0.98828125,0.9661184273321177,0.9960067128769923,0.019615365270360525,0.02092346588989676,0,2,1,0.00390625,0.0006898821669617927,0.021790975380582514,0.0078125,0.002145090367681419,0.028032768301535768,0.0,0.0,0.01478385642587143,0.98828125,0.9661184273321177,0.9960067128769923,-0.008959880316739647,0.041485477277557484,2,0,1
assurance,both,0.0,0.1,0.7,neutral,50,a0.1_d0.9,0.9,lifetime,lifetime,256,2,0.9921875,0.9719672316984642,0.9978549096323186,0.32421875,0.23161867285749735,1.127578125,0.00390625,0.0006898821669617927,0.021790975380582514,0.00390625,0.0006898821669617927,0.021790975380582514,0.0,0.0,0.01478385642587143,0.9921875,0.9719672316984642,0.9978549096323186,-0.007227303897292425,0.03746427622125147,1,0,1,0.00390625,0.0006898821669617927,0.021790975380582514,0.0,0.0,0.01478385642587143,0.00390625,0.0006898821669617927,0.021790975380582514,0.9921875,0.9719672316984642,0.9978549096323186,0.024885343512709157,0.008743828784971097,0,1,1
assurance,both,0.0,0.1,0.7,neutral,100,a0.1_d0.0,0.0,lifetime,lifetime,256,0,1.0,0.9852161435741286,1.0,0.0,0.0,0.9062109375,0.0,0.0,0.01478385642587143,0.0,0.0,0.01478385642587143,0.0,0.0,0.01478385642587143,1.0,0.9852161435741286,1.0,,,0,0,0,0.0,0.0,0.01478385642587143,0.0,0.0,0.01478385642587143,0.0,0.0,0.01478385642587143,1.0,0.9852161435741286,1.0,,,0,0,0
assurance,both,0.0,0.1,0.7,neutral,100,a0.1_d0.5,0.5,lifetime,lifetime,256,0,1.0,0.9852161435741286,1.0,0.0,0.0,0.9062109375,0.0,0.0,0.01478385642587143,0.0,0.0,0.01478385642587143,0.0,0.0,0.01478385642587143,1.0,0.9852161435741286,1.0,,,0,0,0,0.0,0.0,0.01478385642587143,0.0,0.0,0.01478385642587143,0.0,0.0,0.01478385642587143,1.0,0.9852161435741286,1.0,,,0,0,0
assurance,both,0.0,0.1,0.7,neutral,100,a0.1_d0.9,0.9,lifetime,lifetime,256,0,1.0,0.9852161435741286,1.0,0.0,0.0,0.9062109375,0.0,0.0,0.01478385642587143,0.0,0.0,0.01478385642587143,0.0,0.0,0.01478385642587143,1.0,0.9852161435741286,1.0,,,0,0,0,0.0,0.0,0.01478385642587143,0.0,0.0,0.01478385642587143,0.0,0.0,0.01478385642587143,1.0,0.9852161435741286,1.0,,,0,0,0
assurance,both,0.0,0.1,0.7,neutral,200,a0.1_d0.0,0.0,lifetime,lifetime,256,0,1.0,0.9852161435741286,1.0,0.0,0.0,0.78705078125,0.0,0.0,0.01478385642587143,0.0,0.0,0.01478385642587143,0.0,0.0,0.01478385642587143,1.0,0.9852161435741286,1.0,,,0,0,0,0.0,0.0,0.01478385642587143,0.0,0.0,0.01478385642587143,0.0,0.0,0.01478385642587143,1.0,0.9852161435741286,1.0,,,0,0,0
assurance,both,0.0,0.1,0.7,neutral,200,a0.1_d0.5,0.5,lifetime,lifetime,256,0,1.0,0.9852161435741286,1.0,0.0,0.0,0.78705078125,0.0,0.0,0.01478385642587143,0.0,0.0,0.01478385642587143,0.0,0.0,0.01478385642587143,1.0,0.9852161435741286,1.0,,,0,0,0,0.0,0.0,0.01478385642587143,0.0,0.0,0.01478385642587143,0.0,0.0,0.01478385642587143,1.0,0.9852161435741286,1.0,,,0,0,0
assurance,both,0.0,0.1,0.7,neutral,200,a0.1_d0.9,0.9,lifetime,lifetime,256,0,1.0,0.9852161435741286,1.0,0.0,0.0,0.78705078125,0.0,0.0,0.01478385642587143,0.0,0.0,0.01478385642587143,0.0,0.0,0.01478385642587143,1.0,0.9852161435741286,1.0,,,0,0,0,0.0,0.0,0.01478385642587143,0.0,0.0,0.01478385642587143,0.0,0.0,0.01478385642587143,1.0,0.9852161435741286,1.0,,,0,0,0
assurance,both,0.0,0.1,0.7,neutral,400,a0.1_d0.0,0.0,lifetime,lifetime,256,0,1.0,0.9852161435741286,1.0,0.0,0.0,0.7280957031249999,0.0,0.0,0.01478385642587143,0.0,0.0,0.01478385642587143,0.0,0.0,0.01478385642587143,1.0,0.9852161435741286,1.0,,,0,0,0,0.0,0.0,0.01478385642587143,0.0,0.0,0.01478385642587143,0.0,0.0,0.01478385642587143,1.0,0.9852161435741286,1.0,,,0,0,0
assurance,both,0.0,0.1,0.7,neutral,400,a0.1_d0.5,0.5,lifetime,lifetime,256,0,1.0,0.9852161435741286,1.0,0.0,0.0,0.7280957031249999,0.0,0.0,0.01478385642587143,0.0,0.0,0.01478385642587143,0.0,0.0,0.01478385642587143,1.0,0.9852161435741286,1.0,,,0,0,0,0.0,0.0,0.01478385642587143,0.0,0.0,0.01478385642587143,0.0,0.0,0.01478385642587143,1.0,0.9852161435741286,1.0,,,0,0,0
assurance,both,0.0,0.1,0.7,neutral,400,a0.1_d0.9,0.9,lifetime,lifetime,256,0,1.0,0.9852161435741286,1.0,0.0,0.0,0.7280957031249999,0.0,0.0,0.01478385642587143,0.0,0.0,0.01478385642587143,0.0,0.0,0.01478385642587143,1.0,0.9852161435741286,1.0,,,0,0,0,0.0,0.0,0.01478385642587143,0.0,0.0,0.01478385642587143,0.0,0.0,0.01478385642587143,1.0,0.9852161435741286,1.0,,,0,0,0
assurance,both,0.0,0.1,0.7,selected,10,a0.1_d0.0,0.0,lifetime,lifetime,256,239,0.06640625,0.04187072285916844,0.10376215263514196,29.8203125,1.2564279235467568,2.40234375,0.27734375,0.22610219451112512,0.3351687415535207,0.3828125,0.3254185065983358,0.4436714597514778,0.2734375,0.22248853918114145,0.33108539576183155,0.06640625,0.04187072285916844,0.10376215263514196,-0.006793042130545799,0.002616164517609349,98,70,71,0.28125,0.2297209150846507,0.33924702210166807,0.17578125,0.13404604842154846,0.22710285847960257,0.4765625,0.41618039421813385,0.5376375990518288,0.06640625,0.04187072285916844,0.10376215263514196,0.004534773430404435,0.0019827127903110585,45,122,72
assurance,both,0.0,0.1,0.7,selected,10,a0.1_d0.5,0.5,lifetime,lifetime,256,140,0.453125,0.3932873375109957,0.5143486490289297,19.4140625,1.4187130694802572,2.40234375,0.1484375,0.1100947469586396,0.19717515209080125,0.23046875,0.183093576056734,0.28581334654783735,0.16796875,0.12715856241588983,0.2185963422419154,0.453125,0.3932873375109957,0.5143486490289297,-0.006198358439751703,0.003505408488777051,59,43,38,0.21875,0.1724715978199255,0.27334432141962717,0.03515625,0.018604096092635542,0.0654527704282918,0.29296875,0.240606845197983,0.3514520953533543,0.453125,0.3932873375109957,0.5143486490289297,0.01589164938520702,0.0022332741076204897,9,75,56
assurance,both,0.0,0.1,0.7,selected,10,a0.1_d0.9,0.9,lifetime,lifetime,256,93,0.63671875,0.576185047549112,0.6932099917094386,15.59375,1.390772670612825,2.40234375,0.10546875,0.07350191137657121,0.14910097533446798,0.15234375,0.11348877125313496,0.20147812891797878,0.10546875,0.07350191137657121,0.14910097533446798,0.63671875,0.576185047549112,0.6932099917094386,-0.007911177185219722,0.004028974951261519,39,27,27,0.171875,0.13059812036467136,0.2228537854148068,0.01171875,0.003993287123007758,0.033881572667882304,0.1796875,0.13750213221413665,0.23134377580868726,0.63671875,0.576185047549112,0.6932099917094386,0.01982362193200907,0.0022542388916143596,3,46,44
assurance,both,0.0,0.1,0.7,selected,40,a0.1_d0.0,0.0,lifetime,lifetime,256,30,0.8828125,0.8376373983055787,0.9166687116183634,2.41015625,0.5830785542227176,1.2353515625,0.03125,0.015918258891511296,0.06044160650774316,0.046875,0.027014851001628076,0.0801330188843179,0.0390625,0.0213540358427329,0.07039983179986732,0.8828125,0.8376373983055787,0.9166687116183634,-0.004872730846233516,0.009155646808437945,12,10,8,0.046875,0.027014851001628076,0.0801330188843179,0.03125,0.015918258891511296,0.06044160650774316,0.0390625,0.0213540358427329,0.07039983179986732,0.8828125,0.8376373983055787,0.9166687116183634,0.009598669180807843,0.009513507214616851,8,10,12
assurance,both,0.0,0.1,0.7,selected,40,a0.1_d0.5,0.5,lifetime,lifetime,256,10,0.9609375,0.9296001682001327,0.9786459641572671,1.00390625,0.4166237004884268,1.2353515625,0.01171875,0.003993287123007758,0.033881572667882304,0.0234375,0.010784867555857603,0.0501809956000511,0.00390625,0.0006898821669617927,0.021790975380582514,0.9609375,0.9296001682001327,0.9786459641572671,-0.017269418491262612,0.018168222458842517,6,1,3,0.02734375,0.013307156355121155,0.05535570792246043,0.0,0.0,0.01478385642587143,0.01171875,0.003993287123007758,0.033881572667882304,0.9609375,0.9296001682001327,0.9786459641572671,0.03898521225783451,0.009963627873089381,0,3,7
assurance,both,0.0,0.1,0.7,selected,40,a0.1_d0.9,0.9,lifetime,lifetime,256,5,0.98046875,0.9551018677503436,0.9916292702154206,0.9375,0.4159614129445465,1.2353515625,0.0,0.0,0.01478385642587143,0.015625,0.006092598203366294,0.039479262709196654,0.00390625,0.0006898821669617927,0.021790975380582514,0.98046875,0.9551018677503436,0.9916292702154206,-0.05274804575841045,0.01523398341356424,4,1,0,0.015625,0.006092598203366294,0.039479262709196654,0.0,0.0,0.01478385642587143,0.00390625,0.0006898821669617927,0.021790975380582514,0.98046875,0.9551018677503436,0.9916292702154206,0.039738070548726315,0.009928969521702953,0,1,4
assurance,both,0.0,0.1,0.7,selected,50,a0.1_d0.0,0.0,lifetime,lifetime,256,11,0.95703125,0.9247089445363343,0.9758401866993924,0.86328125,0.3579501237761574,1.127578125,0.015625,0.006092598203366294,0.039479262709196654,0.0234375,0.010784867555857603,0.0501809956000511,0.00390625,0.0006898821669617927,0.021790975380582514,0.95703125,0.9247089445363343,0.9758401866993924,-0.016870432138907043,0.016198914735066735,6,1,4,0.01953125,0.008370729784579391,0.04489813224965644,0.01171875,0.003993287123007758,0.033881572667882304,0.01171875,0.003993287123007758,0.033881572667882304,0.95703125,0.9247089445363343,0.9758401866993924,0.014129280695720397,0.01709493721284069,3,3,5
assurance,both,0.0,0.1,0.7,selected,50,a0.1_d0.5,0.5,lifetime,lifetime,256,3,0.98828125,0.9661184273321177,0.9960067128769923,0.38671875,0.2648388696843425,1.127578125,0.0,0.0,0.01478385642587143,0.0078125,0.002145090367681419,0.028032768301535768,0.00390625,0.0006898821669617927,0.021790975380582514,0.98828125,0.9661184273321177,0.9960067128769923,-0.03838304367161701,0.018743638551543314,2,1,0,0.0078125,0.002145090367681419,0.028032768301535768,0.00390625,0.0006898821669617927,0.021790975380582514,0.0,0.0,0.01478385642587143,0.98828125,0.9661184273321177,0.9960067128769923,0.04309561166789209,0.03343736655434616,1,0,2
assurance,both,0.0,0.1,0.7,selected,50,a0.1_d0.9,0.9,lifetime,lifetime,256,2,0.9921875,0.9719672316984642,0.9978549096323186,0.375,0.264644600749538,1.127578125,0.0,0.0,0.01478385642587143,0.00390625,0.0006898821669617927,0.021790975380582514,0.00390625,0.0006898821669617927,0.021790975380582514,0.9921875,0.9719672316984642,0.9978549096323186,-0.0075392135671362714,0.020783194123529133,1,1,0,0.00390625,0.0006898821669617927,0.021790975380582514,0.0,0.0,0.01478385642587143,0.00390625,0.0006898821669617927,0.021790975380582514,0.9921875,0.9719672316984642,0.9978549096323186,0.02652213105428808,0.02047703434924769,0,1,1
assurance,both,0.0,0.1,0.7,selected,100,a0.1_d0.0,0.0,lifetime,lifetime,256,0,1.0,0.9852161435741286,1.0,0.0,0.0,0.9062109375,0.0,0.0,0.01478385642587143,0.0,0.0,0.01478385642587143,0.0,0.0,0.01478385642587143,1.0,0.9852161435741286,1.0,,,0,0,0,0.0,0.0,0.01478385642587143,0.0,0.0,0.01478385642587143,0.0,0.0,0.01478385642587143,1.0,0.9852161435741286,1.0,,,0,0,0
assurance,both,0.0,0.1,0.7,selected,100,a0.1_d0.5,0.5,lifetime,lifetime,256,0,1.0,0.9852161435741286,1.0,0.0,0.0,0.9062109375,0.0,0.0,0.01478385642587143,0.0,0.0,0.01478385642587143,0.0,0.0,0.01478385642587143,1.0,0.9852161435741286,1.0,,,0,0,0,0.0,0.0,0.01478385642587143,0.0,0.0,0.01478385642587143,0.0,0.0,0.01478385642587143,1.0,0.9852161435741286,1.0,,,0,0,0
assurance,both,0.0,0.1,0.7,selected,100,a0.1_d0.9,0.9,lifetime,lifetime,256,0,1.0,0.9852161435741286,1.0,0.0,0.0,0.9062109375,0.0,0.0,0.01478385642587143,0.0,0.0,0.01478385642587143,0.0,0.0,0.01478385642587143,1.0,0.9852161435741286,1.0,,,0,0,0,0.0,0.0,0.01478385642587143,0.0,0.0,0.01478385642587143,0.0,0.0,0.01478385642587143,1.0,0.9852161435741286,1.0,,,0,0,0
assurance,both,0.0,0.1,0.7,selected,200,a0.1_d0.0,0.0,lifetime,lifetime,256,0,1.0,0.9852161435741286,1.0,0.0,0.0,0.78705078125,0.0,0.0,0.01478385642587143,0.0,0.0,0.01478385642587143,0.0,0.0,0.01478385642587143,1.0,0.9852161435741286,1.0,,,0,0,0,0.0,0.0,0.01478385642587143,0.0,0.0,0.01478385642587143,0.0,0.0,0.01478385642587143,1.0,0.9852161435741286,1.0,,,0,0,0
assurance,both,0.0,0.1,0.7,selected,200,a0.1_d0.5,0.5,lifetime,lifetime,256,0,1.0,0.9852161435741286,1.0,0.0,0.0,0.78705078125,0.0,0.0,0.01478385642587143,0.0,0.0,0.01478385642587143,0.0,0.0,0.01478385642587143,1.0,0.9852161435741286,1.0,,,0,0,0,0.0,0.0,0.01478385642587143,0.0,0.0,0.01478385642587143,0.0,0.0,0.01478385642587143,1.0,0.9852161435741286,1.0,,,0,0,0
assurance,both,0.0,0.1,0.7,selected,200,a0.1_d0.9,0.9,lifetime,lifetime,256,0,1.0,0.9852161435741286,1.0,0.0,0.0,0.78705078125,0.0,0.0,0.01478385642587143,0.0,0.0,0.01478385642587143,0.0,0.0,0.01478385642587143,1.0,0.9852161435741286,1.0,,,0,0,0,0.0,0.0,0.01478385642587143,0.0,0.0,0.01478385642587143,0.0,0.0,0.01478385642587143,1.0,0.9852161435741286,1.0,,,0,0,0
assurance,both,0.0,0.1,0.7,selected,400,a0.1_d0.0,0.0,lifetime,lifetime,256,0,1.0,0.9852161435741286,1.0,0.0,0.0,0.7280957031249999,0.0,0.0,0.01478385642587143,0.0,0.0,0.01478385642587143,0.0,0.0,0.01478385642587143,1.0,0.9852161435741286,1.0,,,0,0,0,0.0,0.0,0.01478385642587143,0.0,0.0,0.01478385642587143,0.0,0.0,0.01478385642587143,1.0,0.9852161435741286,1.0,,,0,0,0
assurance,both,0.0,0.1,0.7,selected,400,a0.1_d0.5,0.5,lifetime,lifetime,256,0,1.0,0.9852161435741286,1.0,0.0,0.0,0.7280957031249999,0.0,0.0,0.01478385642587143,0.0,0.0,0.01478385642587143,0.0,0.0,0.01478385642587143,1.0,0.9852161435741286,1.0,,,0,0,0,0.0,0.0,0.01478385642587143,0.0,0.0,0.01478385642587143,0.0,0.0,0.01478385642587143,1.0,0.9852161435741286,1.0,,,0,0,0
assurance,both,0.0,0.1,0.7,selected,400,a0.1_d0.9,0.9,lifetime,lifetime,256,0,1.0,0.9852161435741286,1.0,0.0,0.0,0.7280957031249999,0.0,0.0,0.01478385642587143,0.0,0.0,0.01478385642587143,0.0,0.0,0.01478385642587143,1.0,0.9852161435741286,1.0,,,0,0,0,0.0,0.0,0.01478385642587143,0.0,0.0,0.01478385642587143,0.0,0.0,0.01478385642587143,1.0,0.9852161435741286,1.0,,,0,0,0
assurance,both,0.0,0.5,0.3,neutral,10,a0.5_d0.0,0.0,lifetime,lifetime,256,256,0.0,0.0,0.01478385642587143,48.0,0.0,2.40234375,0.1953125,0.15140411996625466,0.24822979254326075,0.203125,0.15839924133131683,0.25662867342154433,0.6015625,0.540515032751419,0.6596069964120759,0.0,0.0,0.01478385642587143,3.535884833754375e-06,0.0014538663832576603,52,154,50,0.203125,0.15839924133131683,0.25662867342154433,0.15234375,0.11348877125313496,0.20147812891797878,0.64453125,0.5841561693914309,0.7006328721104657,0.0,0.0,0.01478385642587143,0.00045712133846845314,0.0013241892206427902,39,165,52
assurance,both,0.0,0.5,0.3,neutral,10,a0.5_d0.5,0.5,lifetime,lifetime,256,256,0.0,0.0,0.01478385642587143,48.0,0.0,2.40234375,0.1640625,0.12372760124959209,0.21433030228654026,0.21875,0.1724715978199255,0.27334432141962717,0.6171875,0.5563285402485222,0.6745814934016642,0.0,0.0,0.01478385642587143,-0.0012417216162551312,0.0013397369912246796,56,158,42,0.1953125,0.15140411996625466,0.24822979254326075,0.14453125,0.10671067600593546,0.1928622219218325,0.66015625,0.600148571924018,0.71542847406457,0.0,0.0,0.01478385642587143,0.0024052699021986277,0.0013455497745168562,37,169,50
assurance,both,0.0,0.5,0.3,neutral,10,a0.5_d0.9,0.9,lifetime,lifetime,256,138,0.4609375,0.40090361566150806,0.5221263731217632,19.15625,1.4016127243881125,2.40234375,0.0859375,0.05743557903626671,0.12668230206640807,0.08984375,0.06061336726621258,0.1312015149581351,0.36328125,0.3067900082905613,0.4238149524508879,0.4609375,0.40090361566150806,0.5221263731217632,0.0011183471141354138,0.0022074981130517906,23,93,22,0.0859375,0.05743557903626671,0.12668230206640807,0.09765625,0.06702402222215342,0.14018486224554,0.35546875,0.29936712788953435,0.4158438306085691,0.4609375,0.40090361566150806,0.5221263731217632,-0.0010926390448960212,0.002197552973101958,25,91,22
assurance,both,0.0,0.5,0.3,neutral,40,a0.5_d0.0,0.0,lifetime,lifetime,256,256,0.0,0.0,0.01478385642587143,48.0,0.0,1.2353515625,0.3203125,0.26617385334096993,0.3797640950620776,0.390625,0.33289789371255574,0.45158607488060365,0.2890625,0.2369733003711826,0.34738863905848194,0.0,0.0,0.01478385642587143,-0.0035754626158931812,0.002720729111485896,100,74,82,0.33984375,0.28457152593543,0.39985142807598195,0.296875,0.24424521529493903,0.35551072637807124,0.36328125,0.3067900082905613,0.4238149524508879,0.0,0.0,0.01478385642587143,0.001636685967036573,0.0025667947989657987,76,93,87
assurance,both,0.0,0.5,0.3,neutral,40,a0.5_d0.5,0.5,lifetime,lifetime,256,256,0.0,0.0,0.01478385642587143,48.0,0.0,1.2353515625,0.3203125,0.26617385334096993,0.3797640950620776,0.33984375,0.28457152593543,0.39985142807598195,0.33984375,0.28457152593543,0.39985142807598195,0.0,0.0,0.01478385642587143,-0.0009836207395470566,0.0026141443467746018,87,87,82,0.3359375,0.280883264256863,0.395842688632876,0.33984375,0.28457152593543,0.39985142807598195,0.32421875,0.2698445830530154,0.38379036647170506,0.0,0.0,0.01478385642587143,0.0010581726674061518,0.002443041801106566,87,83,86
assurance,both,0.0,0.5,0.3,neutral,40,a0.5_d0.9,0.9,lifetime,lifetime,256,2,0.9921875,0.9719672316984642,0.9978549096323186,0.1484375,0.10475515446335877,1.2353515625,0.0,0.0,0.01478385642587143,0.0,0.0,0.01478385642587143,0.0078125,0.002145090367681419,0.028032768301535768,0.9921875,0.9719672316984642,0.9978549096323186,0.001487175450894579,0.009886476335325939,0,2,0,0.00390625,0.0006898821669617927,0.021790975380582514,0.0,0.0,0.01478385642587143,0.00390625,0.0006898821669617927,0.021790975380582514,0.9921875,0.9719672316984642,0.9978549096323186,0.01944080383212543,0.029080038009650755,0,1,1
assurance,both,0.0,0.5,0.3,neutral,50,a0.5_d0.0,0.0,lifetime,lifetime,256,256,0.0,0.0,0.01478385642587143,48.0,0.0,1.127578125,0.32421875,0.2698445830530154,0.38379036647170506,0.3671875,0.3105076134241139,0.4277943484390082,0.30859375,0.2551887425019035,0.36765820253612547,0.0,0.0,0.01478385642587143,-0.0027944270863519303,0.0028755339217626406,94,79,83,0.36328125,0.3067900082905613,0.4238149524508879,0.31640625,0.26250760743602425,0.37573333984535046,0.3203125,0.26617385334096993,0.3797640950620776,0.0,0.0,0.01478385642587143,0.0009664774343627308,0.002741442345250366,81,82,93
assurance,both,0.0,0.5,0.3,neutral,50,a0.5_d0.5,0.5,lifetime,lifetime,256,256,0.0,0.0,0.01478385642587143,48.0,0.0,1.127578125,0.3515625,0.295661910800322,0.41185204657610863,0.3671875,0.3105076134241139,0.4277943484390082,0.28125,0.2297209150846507,0.33924702210166807,0.0,0.0,0.01478385642587143,-0.0016539009655515589,0.0028057094968880676,94,72,90,0.34765625,0.29196088318828545,0.40785607306647226,0.3203125,0.26617385334096993,0.3797640950620776,0.33203125,0.2771993280647148,0.3918296237033514,0.0,0.0,0.01478385642587143,0.0015048738010197927,0.002539221224385606,82,85,89
assurance,both,0.0,0.5,0.3,neutral,50,a0.5_d0.9,0.9,lifetime,lifetime,256,0,1.0,0.9852161435741286,1.0,0.0,0.0,1.127578125,0.0,0.0,0.01478385642587143,0.0,0.0,0.01478385642587143,0.0,0.0,0.01478385642587143,1.0,0.9852161435741286,1.0,,,0,0,0,0.0,0.0,0.01478385642587143,0.0,0.0,0.01478385642587143,0.0,0.0,0.01478385642587143,1.0,0.9852161435741286,1.0,,,0,0,0
assurance,both,0.0,0.5,0.3,neutral,100,a0.5_d0.0,0.0,lifetime,lifetime,256,256,0.0,0.0,0.01478385642587143,48.0,0.0,0.9062109375,0.33984375,0.28457152593543,0.39985142807598195,0.40625,0.34790367679855766,0.4673682962812932,0.25390625,0.20449864653192884,0.31059028280267975,0.0,0.0,0.01478385642587143,-0.0033519633416742027,0.00331223453483414,104,65,87,0.421875,0.36297114591343,0.4830888316531124,0.375,0.31795501653541774,0.43574094757105014,0.203125,0.15839924133131683,0.25662867342154433,0.0,0.0,0.01478385642587143,0.0005214634691938433,0.003332912148338464,96,52,108
assurance,both,0.0,0.5,0.3,neutral,100,a0.5_d0.5,0.5,lifetime,lifetime,256,256,0.0,0.0,0.01478385642587143,48.0,0.0,0.9062109375,0.375,0.31795501653541774,0.43574094757105014,0.4453125,0.38568587527356124,0.5065561090230184,0.1796875,0.13750213221413665,0.23134377580868726,0.0,0.0,0.01478385642587143,-0.005860297934618372,0.003371632928268569,114,46,96,0.359375,0.30307650360756977,0.4198314560122066,0.3359375,0.280883264256863,0.395842688632876,0.3046875,0.25153621542356636,0.36361372849278967,0.0,0.0,0.01478385642587143,0.00048020558645072656,0.003096158719906314,86,78,92
assurance,both,0.0,0.5,0.3,neutral,100,a0.5_d0.9,0.9,lifetime,lifetime,256,0,1.0,0.9852161435741286,1.0,0.0,0.0,0.9062109375,0.0,0.0,0.01478385642587143,0.0,0.0,0.01478385642587143,0.0,0.0,0.01478385642587143,1.0,0.9852161435741286,1.0,,,0,0,0,0.0,0.0,0.01478385642587143,0.0,0.0,0.01478385642587143,0.0,0.0,0.01478385642587143,1.0,0.9852161435741286,1.0,,,0,0,0
assurance,both,0.0,0.5,0.3,neutral,200,a0.5_d0.0,0.0,lifetime,lifetime,256,256,0.0,0.0,0.01478385642587143,48.0,0.0,0.78705078125,0.375,0.31795501653541774,0.43574094757105014,0.41015625,0.3516648037328092,0.47130417046871464,0.21484375,0.16894358808976334,0.26917533002811644,0.0,0.0,0.01478385642587143,-0.0029992196043274115,0.003499192461106493,105,55,96,0.4296875,0.37052769163836163,0.4909262881715265,0.39453125,0.33664349360941154,0.45553747610542067,0.17578125,0.13404604842154846,0.22710285847960257,0.0,0.0,0.01478385642587143,7.083550004869689e-05,0.0036603845635290624,101,45,110
assurance,both,0.0,0.5,0.3,neutral,200,a0.5_d0.5,0.5,lifetime,lifetime,256,256,0.0,0.0,0.01478385642587143,48.0,0.0,0.78705078125,0.3828125,0.3254185065983358,0.4436714597514778,0.453125,0.3932873375109957,0.5143486490289297,0.1640625,0.12372760124959209,0.21433030228654026,0.0,0.0,0.01478385642587143,-0.004965625523396748,0.003641511236247523,116,42,98,0.3828125,0.3254185065983358,0.4436714597514778,0.35546875,0.29936712788953435,0.4158438306085691,0.26171875,0.21167863808724405,0.31880429349071027,0.0,0.0,0.01478385642587143,-0.0007463640518053369,0.0033886800894569243,91,67,98
assurance,both,0.0,0.5,0.3,neutral,200,a0.5_d0.9,0.9,lifetime,lifetime,256,0,1.0,0.9852161435741286,1.0,0.0,0.0,0.78705078125,0.0,0.0,0.01478385642587143,0.0,0.0,0.01478385642587143,0.0,0.0,0.01478385642587143,1.0,0.9852161435741286,1.0,,,0,0,0,0.0,0.0,0.01478385642587143,0.0,0.0,0.01478385642587143,0.0,0.0,0.01478385642587143,1.0,0.9852161435741286,1.0,,,0,0,0
assurance,both,0.0,0.5,0.3,neutral,400,a0.5_d0.0,0.0,lifetime,lifetime,256,256,0.0,0.0,0.01478385642587143,48.0,0.0,0.7280957031249999,0.37890625,0.32168476294187087,0.43970820228626983,0.421875,0.36297114591343,0.4830888316531124,0.19921875,0.15489813913670408,0.2524327744944842,0.0,0.0,0.01478385642587143,-0.0031124876468892893,0.003524034425753058,108,51,97,0.43359375,0.37431161888417475,0.4948393620473863,0.40234375,0.3441464041785611,0.46342856777961694,0.1640625,0.12372760124959209,0.21433030228654026,0.0,0.0,0.01478385642587143,0.00019477090218929976,0.0036939805169752785,103,42,111
assurance,both,0.0,0.5,0.3,neutral,400,a0.5_d0.5,0.5,lifetime,lifetime,256,256,0.0,0.0,0.01478385642587143,48.0,0.0,0.7280957031249999,0.390625,0.33289789371255574,0.45158607488060365,0.45703125,0.3970936285540288,0.5182393591075696,0.15234375,0.11348877125313496,0.20147812891797878,0.0,0.0,0.01478385642587143,-0.004929118035726216,0.0036962561991734505,117,39,100,0.38671875,0.3291562242738866,0.4476307431975999,0.3671875,0.3105076134241139,0.4277943484390082,0.24609375,0.19734067215723067,0.3023542549340322,0.0,0.0,0.01478385642587143,-0.0014277124927281947,0.003439643679479039,94,63,99
assurance,both,0.0,0.5,0.3,neutral,400,a0.5_d0.9,0.9,lifetime,lifetime,256,0,1.0,0.9852161435741286,1.0,0.0,0.0,0.7280957031249999,0.0,0.0,0.01478385642587143,0.0,0.0,0.01478385642587143,0.0,0.0,0.01478385642587143,1.0,0.9852161435741286,1.0,,,0,0,0,0.0,0.0,0.01478385642587143,0.0,0.0,0.01478385642587143,0.0,0.0,0.01478385642587143,1.0,0.9852161435741286,1.0,,,0,0,0
assurance,both,0.0,0.5,0.3,selected,10,a0.5_d0.0,0.0,lifetime,lifetime,256,256,0.0,0.0,0.01478385642587143,48.0,0.0,2.40234375,0.2109375,0.16542210475657976,0.26499981223962715,0.2421875,0.19377015335079256,0.2982277726187974,0.546875,0.4856513509710702,0.6067126624890042,0.0,0.0,0.01478385642587143,-0.001382658528758819,0.0015242389591708498,62,140,54,0.13671875,0.09997371828318014,0.1842051774012421,0.2421875,0.19377015335079256,0.2982277726187974,0.62109375,0.5602917977137302,0.678315237058129,0.0,0.0,0.01478385642587143,-0.004564451137399563,0.001370363282619446,62,159,35
assurance,both,0.0,0.5,0.3,selected,10,a0.5_d0.5,0.5,lifetime,lifetime,256,256,0.0,0.0,0.01478385642587143,48.0,0.0,2.40234375,0.265625,0.21527669094275786,0.3229032417568694,0.23046875,0.183093576056734,0.28581334654783735,0.50390625,0.4430558870480185,0.5646411140736544,0.0,0.0,0.01478385642587143,0.0004160520393934734,0.0017805439081738062,59,129,68,0.23046875,0.183093576056734,0.28581334654783735,0.140625,0.10333688392273097,0.18853901288336414,0.62890625,0.5682303286253407,0.6857707083898643,0.0,0.0,0.01478385642587143,0.0029696260540653433,0.0014253010507329854,36,161,59
assurance,both,0.0,0.5,0.3,selected,10,a0.5_d0.9,0.9,lifetime,lifetime,256,155,0.39453125,0.33664349360941154,0.45553747610542067,20.82421875,1.4115523122451055,2.40234375,0.19140625,0.14791734057779737,0.24401957081004516,0.234375,0.1866465082202543,0.2899574155059899,0.1796875,0.13750213221413665,0.23134377580868726,0.39453125,0.33664349360941154,0.45553747610542067,-0.0037547428378541226,0.003238046891823295,60,46,49,0.234375,0.1866465082202543,0.2899574155059899,0.046875,0.027014851001628076,0.0801330188843179,0.32421875,0.2698445830530154,0.38379036647170506,0.39453125,0.33664349360941154,0.45553747610542067,0.013373596646395976,0.002267325958466543,12,83,60
assurance,both,0.0,0.5,0.3,selected,40,a0.5_d0.0,0.0,lifetime,lifetime,256,256,0.0,0.0,0.01478385642587143,48.0,0.0,1.2353515625,0.34375,0.28826407712322777,0.403855878009857,0.3359375,0.280883264256863,0.395842688632876,0.3203125,0.26617385334096993,0.3797640950620776,0.0,0.0,0.01478385642587143,0.0003040692927335822,0.002640427297844694,86,82,88,0.140625,0.10333688392273097,0.18853901288336414,0.60546875,0.5444625238945793,0.6633565063905884,0.25390625,0.20449864653192884,0.31059028280267975,0.0,0.0,0.01478385642587143,-0.02597534881202339,0.002430543136677695,155,65,36
assurance,both,0.0,0.5,0.3,selected,40,a0.5_d0.5,0.5,lifetime,lifetime,256,256,0.0,0.0,0.01478385642587143,48.0,0.0,1.2353515625,0.40625,0.34790367679855766,0.4673682962812932,0.3671875,0.3105076134241139,0.4277943484390082,0.2265625,0.1795467073799799,0.28166321410291856,0.0,0.0,0.01478385642587143,0.003643296869830284,0.003071219002673285,94,58,104,0.26953125,0.2188800151092185,0.3269969187120816,0.41796875,0.35919855391479266,0.4791644225300769,0.3125,0.2588458887858718,0.37169805737383,0.0,0.0,0.01478385642587143,-0.009646190159849116,0.0027419245568622796,107,80,69
assurance,both,0.0,0.5,0.3,selected,40,a0.5_d0.9,0.9,lifetime,lifetime,256,2,0.9921875,0.9719672316984642,0.9978549096323186,0.109375,0.08199951241784738,1.2353515625,0.0,0.0,0.01478385642587143,0.00390625,0.0006898821669617927,0.021790975380582514,0.00390625,0.0006898821669617927,0.021790975380582514,0.9921875,0.9719672316984642,0.9978549096323186,-0.02509891367825151,0.019889670096999042,1,1,0,0.00390625,0.0006898821669617927,0.021790975380582514,0.0,0.0,0.01478385642587143,0.00390625,0.0006898821669617927,0.021790975380582514,0.9921875,0.9719672316984642,0.9978549096323186,0.0028831480839237866,0.022120146975186574,0,1,1
assurance,both,0.0,0.5,0.3,selected,50,a0.5_d0.0,0.0,lifetime,lifetime,256,256,0.0,0.0,0.01478385642587143,48.0,0.0,1.127578125,0.37890625,0.32168476294187087,0.43970820228626983,0.3671875,0.3105076134241139,0.4277943484390082,0.25390625,0.20449864653192884,0.31059028280267975,0.0,0.0,0.01478385642587143,0.0007759264538495539,0.002835001586847741,94,65,97,0.12109375,0.08663517067416432,0.1667557205235664,0.61328125,0.5523692568024001,0.6708437757261134,0.265625,0.21527669094275786,0.3229032417568694,0.0,0.0,0.01478385642587143,-0.029513795257137286,0.0026170337932100492,157,68,31
assurance,both,0.0,0.5,0.3,selected,50,a0.5_d0.5,0.5,lifetime,lifetime,256,256,0.0,0.0,0.01478385642587143,48.0,0.0,1.127578125,0.42578125,0.36674752969705376,0.48700944899116155,0.36328125,0.3067900082905613,0.4238149524508879,0.2109375,0.16542210475657976,0.26499981223962715,0.0,0.0,0.01478385642587143,0.003791074120282639,0.003181711535611405,93,54,109,0.23046875,0.183093576056734,0.28581334654783735,0.44921875,0.389484750270348,0.5104542351479046,0.3203125,0.26617385334096993,0.3797640950620776,0.0,0.0,0.01478385642587143,-0.013704586488350684,0.0028927122370091215,115,82,59
assurance,both,0.0,0.5,0.3,selected,50,a0.5_d0.9,0.9,lifetime,lifetime,256,0,1.0,0.9852161435741286,1.0,0.0,0.0,1.127578125,0.0,0.0,0.01478385642587143,0.0,0.0,0.01478385642587143,0.0,0.0,0.01478385642587143,1.0,0.9852161435741286,1.0,,,0,0,0,0.0,0.0,0.01478385642587143,0.0,0.0,0.01478385642587143,0.0,0.0,0.01478385642587143,1.0,0.9852161435741286,1.0,,,0,0,0
assurance,both,0.0,0.5,0.3,selected,100,a0.5_d0.0,0.0,lifetime,lifetime,256,256,0.0,0.0,0.01478385642587143,48.0,0.0,0.9062109375,0.4140625,0.3554297681158383,0.4752362072073583,0.39453125,0.33664349360941154,0.45553747610542067,0.19140625,0.14791734057779737,0.24401957081004516,0.0,0.0,0.01478385642587143,0.0018180606202802402,0.003299693302895376,101,49,106,0.10546875,0.07350191137657121,0.14910097533446798,0.73046875,0.6730030812879184,0.7811199848907815,0.1640625,0.12372760124959209,0.21433030228654026,0.0,0.0,0.01478385642587143,-0.03995426643804954,0.0027129611582414666,187,42,27
assurance,both,0.0,0.5,0.3,selected,100,a0.5_d0.5,0.5,lifetime,lifetime,256,256,0.0,0.0,0.01478385642587143,48.0,0.0,0.9062109375,0.44140625,0.38189072167350635,0.5026542615014005,0.375,0.31795501653541774,0.43574094757105014,0.18359375,0.14096616877647156,0.23557674036802523,0.0,0.0,0.01478385642587143,0.005796308423295735,0.003522228949148037,96,47,113,0.21484375,0.16894358808976334,0.26917533002811644,0.5390625,0.47787362687823687,0.599096384338492,0.24609375,0.19734067215723067,0.3023542549340322,0.0,0.0,0.01478385642587143,-0.021534800482227397,0.0032257623709776636,138,63,55
assurance,both,0.0,0.5,0.3,selected,100,a0.5_d0.9,0.9,lifetime,lifetime,256,0,1.0,0.9852161435741286,1.0,0.0,0.0,0.9062109375,0.0,0.0,0.01478385642587143,0.0,0.0,0.01478385642587143,0.0,0.0,0.01478385642587143,1.0,0.9852161435741286,1.0,,,0,0,0,0.0,0.0,0.01478385642587143,0.0,0.0,0.01478385642587143,0.0,0.0,0.01478385642587143,1.0,0.9852161435741286,1.0,,,0,0,0
assurance,both,0.0,0.5,0.3,selected,200,a0.5_d0.0,0.0,lifetime,lifetime,256,256,0.0,0.0,0.01478385642587143,48.0,0.0,0.78705078125,0.4140625,0.3554297681158383,0.4752362072073583,0.3984375,0.3403930035879241,0.459484967248581,0.1875,0.14443796573655726,0.2398019445296124,0.0,0.0,0.01478385642587143,0.001252373775015169,0.0034252190028669634,102,48,106,0.10546875,0.07350191137657121,0.14910097533446798,0.75,0.6935249374688035,0.7990831343182607,0.14453125,0.10671067600593546,0.1928622219218325,0.0,0.0,0.01478385642587143,-0.0434820672914263,0.0026812676828743853,192,37,27
assurance,both,0.0,0.5,0.3,selected,200,a0.5_d0.5,0.5,lifetime,lifetime,256,256,0.0,0.0,0.01478385642587143,48.0,0.0,0.78705078125,0.4609375,0.40090361566150806,0.5221263731217632,0.37890625,0.32168476294187087,0.43970820228626983,0.16015625,0.12030547683153675,0.21005542558292273,0.0,0.0,0.01478385642587143,0.006643537799854044,0.0036006334117557317,97,41,118,0.2109375,0.16542210475657976,0.26499981223962715,0.5625,0.5012513172897817,0.6219007006569843,0.2265625,0.1795467073799799,0.28166321410291856,0.0,0.0,0.01478385642587143,-0.024725321530219037,0.0033090515355445244,144,58,54
assurance,both,0.0,0.5,0.3,selected,200,a0.5_d0.9,0.9,lifetime,lifetime,256,0,1.0,0.9852161435741286,1.0,0.0,0.0,0.78705078125,0.0,0.0,0.01478385642587143,0.0,0.0,0.01478385642587143,0.0,0.0,0.01478385642587143,1.0,0.9852161435741286,1.0,,,0,0,0,0.0,0.0,0.01478385642587143,0.0,0.0,0.01478385642587143,0.0,0.0,0.01478385642587143,1.0,0.9852161435741286,1.0,,,0,0,0
assurance,both,0.0,0.5,0.3,selected,400,a0.5_d0.0,0.0,lifetime,lifetime,256,256,0.0,0.0,0.01478385642587143,48.0,0.0,0.7280957031249999,0.41015625,0.3516648037328092,0.47130417046871464,0.40625,0.34790367679855766,0.4673682962812932,0.18359375,0.14096616877647156,0.23557674036802523,0.0,0.0,0.01478385642587143,0.0007568306448606953,0.003449083808351486,104,47,105,0.10546875,0.07350191137657121,0.14910097533446798,0.7578125,0.7017722273812026,0.8062298466492075,0.13671875,0.09997371828318014,0.1842051774012421,0.0,0.0,0.01478385642587143,-0.04366520030467097,0.0026837606905480895,194,35,27
assurance,both,0.0,0.5,0.3,selected,400,a0.5_d0.5,0.5,lifetime,lifetime,256,256,0.0,0.0,0.01478385642587143,48.0,0.0,0.7280957031249999,0.45703125,0.3970936285540288,0.5182393591075696,0.375,0.31795501653541774,0.43574094757105014,0.16796875,0.12715856241588983,0.2185963422419154,0.0,0.0,0.01478385642587143,0.007169206224753179,0.0036301596777147307,96,43,117,0.2109375,0.16542210475657976,0.26499981223962715,0.56640625,0.5051606379526138,0.6256883811158253,0.22265625,0.17600601030365376,0.27750691005757183,0.0,0.0,0.01478385642587143,-0.02504905580993888,0.003332509779046203,145,57,54
assurance,both,0.0,0.5,0.3,selected,400,a0.5_d0.9,0.9,lifetime,lifetime,256,0,1.0,0.9852161435741286,1.0,0.0,0.0,0.7280957031249999,0.0,0.0,0.01478385642587143,0.0,0.0,0.01478385642587143,0.0,0.0,0.01478385642587143,1.0,0.9852161435741286,1.0,,,0,0,0,0.0,0.0,0.01478385642587143,0.0,0.0,0.01478385642587143,0.0,0.0,0.01478385642587143,1.0,0.9852161435741286,1.0,,,0,0,0
assurance,both,0.0,0.5,0.7,neutral,10,a0.5_d0.0,0.0,lifetime,lifetime,256,256,0.0,0.0,0.01478385642587143,48.0,0.0,2.40234375,0.21875,0.1724715978199255,0.27334432141962717,0.21875,0.1724715978199255,0.27334432141962717,0.5625,0.5012513172897817,0.6219007006569843,0.0,0.0,0.01478385642587143,0.0002865890112217235,0.0014547059487795815,56,144,56,0.234375,0.1866465082202543,0.2899574155059899,0.1953125,0.15140411996625466,0.24822979254326075,0.5703125,0.5090737118284735,0.6294723083616384,0.0,0.0,0.01478385642587143,0.0017671715878748327,0.0014844619385460578,50,146,60
assurance,both,0.0,0.5,0.7,neutral,10,a0.5_d0.5,0.5,lifetime,lifetime,256,256,0.0,0.0,0.01478385642587143,48.0,0.0,2.40234375,0.19140625,0.14791734057779737,0.24401957081004516,0.16796875,0.12715856241588983,0.2185963422419154,0.640625,0.5801685439877934,0.6969234963924303,0.0,0.0,0.01478385642587143,0.0008381852439885841,0.0013931469337850162,43,164,49,0.17578125,0.13404604842154846,0.22710285847960257,0.171875,0.13059812036467136,0.2228537854148068,0.65234375,0.5921439269335277,0.7080391168117145,0.0,0.0,0.01478385642587143,0.00017015113638855638,0.0013150016673588944,44,167,45
assurance,both,0.0,0.5,0.7,neutral,10,a0.5_d0.9,0.9,lifetime,lifetime,256,136,0.46875,0.4085346505933857,0.5298893404332313,18.68359375,1.4098055328765235,2.40234375,0.0859375,0.05743557903626671,0.12668230206640807,0.109375,0.07676405306596229,0.15353583476674978,0.3359375,0.280883264256863,0.395842688632876,0.46875,0.4085346505933857,0.5298893404332313,-0.0032091601086048443,0.002163509372994328,28,86,22,0.13671875,0.09997371828318014,0.1842051774012421,0.08984375,0.06061336726621258,0.1312015149581351,0.3046875,0.25153621542356636,0.36361372849278967,0.46875,0.4085346505933857,0.5298893404332313,0.006292722497425244,0.0026003382674345756,23,78,35
assurance,both,0.0,0.5,0.7,neutral,40,a0.5_d0.0,0.0,lifetime,lifetime,256,256,0.0,0.0,0.01478385642587143,48.0,0.0,1.2353515625,0.33203125,0.2771993280647148,0.3918296237033514,0.30078125,0.24788835618653265,0.35956458660815055,0.3671875,0.3105076134241139,0.4277943484390082,0.0,0.0,0.01478385642587143,0.0011751043206802247,0.0024924922986741646,77,94,85,0.3671875,0.3105076134241139,0.4277943484390082,0.328125,0.2735197547273731,0.38781219591902016,0.3046875,0.25153621542356636,0.36361372849278967,0.0,0.0,0.01478385642587143,0.003327659816006341,0.002459412586705326,84,78,94
assurance,both,0.0,0.5,0.7,neutral,40,a0.5_d0.5,0.5,lifetime,lifetime,256,256,0.0,0.0,0.01478385642587143,48.0,0.0,1.2353515625,0.34765625,0.29196088318828545,0.40785607306647226,0.3046875,0.25153621542356636,0.36361372849278967,0.34765625,0.29196088318828545,0.40785607306647226,0.0,0.0,0.01478385642587143,0.0014713617307143215,0.002582762686887275,78,89,89,0.30078125,0.24788835618653265,0.35956458660815055,0.37109375,0.3142292916101357,0.43176967137465927,0.328125,0.2735197547273731,0.38781219591902016,0.0,0.0,0.01478385642587143,-0.00403305899975652,0.0024608614910741934,95,84,77
assurance,both,0.0,0.5,0.7,neutral,40,a0.5_d0.9,0.9,lifetime,lifetime,256,9,0.96484375,0.9345472295717082,0.9813959039073644,1.0,0.41704639559458057,1.2353515625,0.015625,0.006092598203366294,0.039479262709196654,0.0,0.0,0.01478385642587143,0.01953125,0.008370729784579391,0.04489813224965644,0.96484375,0.9345472295717082,0.9813959039073644,0.03157210571991541,0.014964107608811734,0,5,4,0.0078125,0.002145090367681419,0.028032768301535768,0.015625,0.006092598203366294,0.039479262709196654,0.01171875,0.003993287123007758,0.033881572667882304,0.96484375,0.9345472295717082,0.9813959039073644,-0.014548501259795473,0.014297651003101689,4,3,2
assurance,both,0.0,0.5,0.7,neutral,50,a0.5_d0.0,0.0,lifetime,lifetime,256,256,0.0,0.0,0.01478385642587143,48.0,0.0,1.127578125,0.36328125,0.3067900082905613,0.4238149524508879,0.3515625,0.295661910800322,0.41185204657610863,0.28515625,0.23334463740263667,0.3433203009053549,0.0,0.0,0.01478385642587143,-4.052771160071222e-05,0.0027442739858086003,90,73,93,0.40234375,0.3441464041785611,0.46342856777961694,0.3125,0.2588458887858718,0.37169805737383,0.28515625,0.23334463740263667,0.3433203009053549,0.0,0.0,0.01478385642587143,0.004976498039735256,0.0027666235752235482,80,73,103
assurance,both,0.0,0.5,0.7,neutral,50,a0.5_d0.5,0.5,lifetime,lifetime,256,256,0.0,0.0,0.01478385642587143,48.0,0.0,1.127578125,0.33984375,0.28457152593543,0.39985142807598195,0.33984375,0.28457152593543,0.39985142807598195,0.3203125,0.26617385334096993,0.3797640950620776,0.0,0.0,0.01478385642587143,0.00013038221522495468,0.00278705402943223,87,82,87,0.32421875,0.2698445830530154,0.38379036647170506,0.3984375,0.3403930035879241,0.459484967248581,0.27734375,0.22610219451112512,0.3351687415535207,0.0,0.0,0.01478385642587143,-0.004170238309222411,0.002676947261747843,102,71,83
assurance,both,0.0,0.5,0.7,neutral,50,a0.5_d0.9,0.9,lifetime,lifetime,256,3,0.98828125,0.9661184273321177,0.9960067128769923,0.38671875,0.2648388696843425,1.127578125,0.00390625,0.0006898821669617927,0.021790975380582514,0.0,0.0,0.01478385642587143,0.0078125,0.002145090367681419,0.028032768301535768,0.98828125,0.9661184273321177,0.9960067128769923,0.019615365270360525,0.02092346588989676,0,2,1,0.00390625,0.0006898821669617927,0.021790975380582514,0.0078125,0.002145090367681419,0.028032768301535768,0.0,0.0,0.01478385642587143,0.98828125,0.9661184273321177,0.9960067128769923,-0.008959880316739647,0.041485477277557484,2,0,1
assurance,both,0.0,0.5,0.7,neutral,100,a0.5_d0.0,0.0,lifetime,lifetime,256,256,0.0,0.0,0.01478385642587143,48.0,0.0,0.9062109375,0.37109375,0.3142292916101357,0.43176967137465927,0.37109375,0.3142292916101357,0.43176967137465927,0.2578125,0.20808593083982155,0.31469999961646,0.0,0.0,0.01478385642587143,0.0012519110484709764,0.003086816622662289,95,66,95,0.40625,0.34790367679855766,0.4673682962812932,0.37109375,0.3142292916101357,0.43176967137465927,0.22265625,0.17600601030365376,0.27750691005757183,0.0,0.0,0.01478385642587143,0.005138992456294789,0.0033858152618463674,95,57,104
assurance,both,0.0,0.5,0.7,neutral,100,a0.5_d0.5,0.5,lifetime,lifetime,256,256,0.0,0.0,0.01478385642587143,48.0,0.0,0.9062109375,0.3984375,0.3403930035879241,0.459484967248581,0.3828125,0.3254185065983358,0.4436714597514778,0.21875,0.1724715978199255,0.27334432141962717,0.0,0.0,0.01478385642587143,0.0017681544353289448,0.003235599865885058,98,56,102,0.34375,0.28826407712322777,0.403855878009857,0.4609375,0.40090361566150806,0.5221263731217632,0.1953125,0.15140411996625466,0.24822979254326075,0.0,0.0,0.01478385642587143,-0.007282923745262243,0.0033067482764290394,118,50,88
assurance,both,0.0,0.5,0.7,neutral,100,a0.5_d0.9,0.9,lifetime,lifetime,256,0,1.0,0.9852161435741286,1.0,0.0,0.0,0.9062109375,0.0,0.0,0.01478385642587143,0.0,0.0,0.01478385642587143,0.0,0.0,0.01478385642587143,1.0,0.9852161435741286,1.0,,,0,0,0,0.0,0.0,0.01478385642587143,0.0,0.0,0.01478385642587143,0.0,0.0,0.01478385642587143,1.0,0.9852161435741286,1.0,,,0,0,0
assurance,both,0.0,0.5,0.7,neutral,200,a0.5_d0.0,0.0,lifetime,lifetime,256,256,0.0,0.0,0.01478385642587143,48.0,0.0,0.78705078125,0.41015625,0.3516648037328092,0.47130417046871464,0.39453125,0.33664349360941154,0.45553747610542067,0.1953125,0.15140411996625466,0.24822979254326075,0.0,0.0,0.01478385642587143,0.0018270090184319635,0.0035010155124317963,101,50,105,0.4140625,0.3554297681158383,0.4752362072073583,0.4140625,0.3554297681158383,0.4752362072073583,0.171875,0.13059812036467136,0.2228537854148068,0.0,0.0,0.01478385642587143,0.0040073998580076355,0.003666538938911108,106,44,106
assurance,both,0.0,0.5,0.7,neutral,200,a0.5_d0.5,0.5,lifetime,lifetime,256,256,0.0,0.0,0.01478385642587143,48.0,0.0,0.78705078125,0.3828125,0.3254185065983358,0.4436714597514778,0.39453125,0.33664349360941154,0.45553747610542067,0.22265625,0.17600601030365376,0.27750691005757183,0.0,0.0,0.01478385642587143,0.0002788106913201014,0.0034270843100911,101,57,98,0.35546875,0.29936712788953435,0.4158438306085691,0.484375,0.4238408093138977,0.5453711861994108,0.16015625,0.12030547683153675,0.21005542558292273,0.0,0.0,0.01478385642587143,-0.00884430299448284,0.0035810250894094675,124,41,91
assurance,both,0.0,0.5,0.7,neutral,200,a0.5_d0.9,0.9,lifetime,lifetime,256,0,1.0,0.9852161435741286,1.0,0.0,0.0,0.78705078125,0.0,0.0,0.01478385642587143,0.0,0.0,0.01478385642587143,0.0,0.0,0.01478385642587143,1.0,0.9852161435741286,1.0,,,0,0,0,0.0,0.0,0.01478385642587143,0.0,0.0,0.01478385642587143,0.0,0.0,0.01478385642587143,1.0,0.9852161435741286,1.0,,,0,0,0
assurance,both,0.0,0.5,0.7,neutral,400,a0.5_d0.0,0.0,lifetime,lifetime,256,256,0.0,0.0,0.01478385642587143,48.0,0.0,0.7280957031249999,0.40625,0.34790367679855766,0.4673682962812932,0.3984375,0.3403930035879241,0.459484967248581,0.1953125,0.15140411996625466,0.24822979254326075,0.0,0.0,0.01478385642587143,0.0019767790715643184,0.0035239477711108504,102,50,104,0.40625,0.34790367679855766,0.4673682962812932,0.41796875,0.35919855391479266,0.4791644225300769,0.17578125,0.13404604842154846,0.22710285847960257,0.0,0.0,0.01478385642587143,0.003330556160620579,0.0036947862056591774,107,45,104
assurance,both,0.0,0.5,0.7,neutral,400,a0.5_d0.5,0.5,lifetime,lifetime,256,256,0.0,0.0,0.01478385642587143,48.0,0.0,0.7280957031249999,0.3828125,0.3254185065983358,0.4436714597514778,0.3984375,0.3403930035879241,0.459484967248581,0.21875,0.1724715978199255,0.27334432141962717,0.0,0.0,0.01478385642587143,-0.00014652963746432292,0.003478127645063261,102,56,98,0.3671875,0.3105076134241139,0.4277943484390082,0.48828125,0.4276765099686914,0.5492324866662899,0.14453125,0.10671067600593546,0.1928622219218325,0.0,0.0,0.01478385642587143,-0.008548028868073692,0.0036406466980942144,125,37,94
assurance,both,0.0,0.5,0.7,neutral,400,a0.5_d0.9,0.9,lifetime,lifetime,256,0,1.0,0.9852161435741286,1.0,0.0,0.0,0.7280957031249999,0.0,0.0,0.01478385642587143,0.0,0.0,0.01478385642587143,0.0,0.0,0.01478385642587143,1.0,0.9852161435741286,1.0,,,0,0,0,0.0,0.0,0.01478385642587143,0.0,0.0,0.01478385642587143,0.0,0.0,0.01478385642587143,1.0,0.9852161435741286,1.0,,,0,0,0
assurance,both,0.0,0.5,0.7,selected,10,a0.5_d0.0,0.0,lifetime,lifetime,256,256,0.0,0.0,0.01478385642587143,48.0,0.0,2.40234375,0.2109375,0.16542210475657976,0.26499981223962715,0.2421875,0.19377015335079256,0.2982277726187974,0.546875,0.4856513509710702,0.6067126624890042,0.0,0.0,0.01478385642587143,-0.0005400249258032835,0.0015706299358778319,62,140,54,0.14453125,0.10671067600593546,0.1928622219218325,0.2265625,0.1795467073799799,0.28166321410291856,0.62890625,0.5682303286253407,0.6857707083898643,0.0,0.0,0.01478385642587143,-0.003492681857313478,0.0013868627452103864,58,161,37
assurance,both,0.0,0.5,0.7,selected,10,a0.5_d0.5,0.5,lifetime,lifetime,256,256,0.0,0.0,0.01478385642587143,48.0,0.0,2.40234375,0.23046875,0.183093576056734,0.28581334654783735,0.26953125,0.2188800151092185,0.3269969187120816,0.5,0.43920555858906296,0.560794441410937,0.0,0.0,0.01478385642587143,-0.0019040755698210596,0.0017541936102596124,69,128,59,0.203125,0.15839924133131683,0.25662867342154433,0.16796875,0.12715856241588983,0.2185963422419154,0.62890625,0.5682303286253407,0.6857707083898643,0.0,0.0,0.01478385642587143,0.0012286073515828588,0.0013948392027287528,43,161,52
assurance,both,0.0,0.5,0.7,selected,10,a0.5_d0.9,0.9,lifetime,lifetime,256,140,0.453125,0.3932873375109957,0.5143486490289297,19.4140625,1.4187130694802572,2.40234375,0.1484375,0.1100947469586396,0.19717515209080125,0.23046875,0.183093576056734,0.28581334654783735,0.16796875,0.12715856241588983,0.2185963422419154,0.453125,0.3932873375109957,0.5143486490289297,-0.006198358439751703,0.003505408488777051,59,43,38,0.21875,0.1724715978199255,0.27334432141962717,0.03515625,0.018604096092635542,0.0654527704282918,0.29296875,0.240606845197983,0.3514520953533543,0.453125,0.3932873375109957,0.5143486490289297,0.01589164938520702,0.0022332741076204897,9,75,56
assurance,both,0.0,0.5,0.7,selected,40,a0.5_d0.0,0.0,lifetime,lifetime,256,256,0.0,0.0,0.01478385642587143,48.0,0.0,1.2353515625,0.37109375,0.3142292916101357,0.43176967137465927,0.3671875,0.3105076134241139,0.4277943484390082,0.26171875,0.21167863808724405,0.31880429349071027,0.0,0.0,0.01478385642587143,-0.000721452565115036,0.002783937552915083,94,67,95,0.171875,0.13059812036467136,0.2228537854148068,0.5390625,0.47787362687823687,0.599096384338492,0.2890625,0.2369733003711826,0.34738863905848194,0.0,0.0,0.01478385642587143,-0.020619628963450664,0.002430499428336452,138,74,44
assurance,both,0.0,0.5,0.7,selected,40,a0.5_d0.5,0.5,lifetime,lifetime,256,256,0.0,0.0,0.01478385642587143,48.0,0.0,1.2353515625,0.3828125,0.3254185065983358,0.4436714597514778,0.40625,0.34790367679855766,0.4673682962812932,0.2109375,0.16542210475657976,0.26499981223962715,0.0,0.0,0.01478385642587143,-0.002429229938170462,0.003126497684810441,104,54,98,0.23828125,0.1902054003663705,0.2940955244815466,0.47265625,0.4123556863984164,0.5337653057498734,0.2890625,0.2369733003711826,0.34738863905848194,0.0,0.0,0.01478385642587143,-0.013187834278540768,0.0025915769994798903,121,74,61
assurance,both,0.0,0.5,0.7,selected,40,a0.5_d0.9,0.9,lifetime,lifetime,256,10,0.9609375,0.9296001682001327,0.9786459641572671,1.00390625,0.4166237004884268,1.2353515625,0.01171875,0.003993287123007758,0.033881572667882304,0.0234375,0.010784867555857603,0.0501809956000511,0.00390625,0.0006898821669617927,0.021790975380582514,0.9609375,0.9296001682001327,0.9786459641572671,-0.017269418491262612,0.018168222458842517,6,1,3,0.02734375,0.013307156355121155,0.05535570792246043,0.0,0.0,0.01478385642587143,0.01171875,0.003993287123007758,0.033881572667882304,0.9609375,0.9296001682001327,0.9786459641572671,0.03898521225783451,0.009963627873089381,0,3,7
assurance,both,0.0,0.5,0.7,selected,50,a0.5_d0.0,0.0,lifetime,lifetime,256,256,0.0,0.0,0.01478385642587143,48.0,0.0,1.127578125,0.37109375,0.3142292916101357,0.43176967137465927,0.38671875,0.3291562242738866,0.4476307431975999,0.2421875,0.19377015335079256,0.2982277726187974,0.0,0.0,0.01478385642587143,-0.001515325806159176,0.002935473641690457,99,62,95,0.16796875,0.12715856241588983,0.2185963422419154,0.55859375,0.49734573849859953,0.6181092783264936,0.2734375,0.22248853918114145,0.33108539576183155,0.0,0.0,0.01478385642587143,-0.023689639658623182,0.002527265174995239,143,70,43
assurance,both,0.0,0.5,0.7,selected,50,a0.5_d0.5,0.5,lifetime,lifetime,256,256,0.0,0.0,0.01478385642587143,48.0,0.0,1.127578125,0.37890625,0.32168476294187087,0.43970820228626983,0.421875,0.36297114591343,0.4830888316531124,0.19921875,0.15489813913670408,0.2524327744944842,0.0,0.0,0.01478385642587143,-0.002392631360312142,0.0032895432336337007,108,51,97,0.26171875,0.21167863808724405,0.31880429349071027,0.46484375,0.4047172917918608,0.5260096981130833,0.2734375,0.22248853918114145,0.33108539576183155,0.0,0.0,0.01478385642587143,-0.013940811324381255,0.002749859279325071,119,70,67
assurance,both,0.0,0.5,0.7,selected,50,a0.5_d0.9,0.9,lifetime,lifetime,256,3,0.98828125,0.9661184273321177,0.9960067128769923,0.38671875,0.2648388696843425,1.127578125,0.0,0.0,0.01478385642587143,0.0078125,0.002145090367681419,0.028032768301535768,0.00390625,0.0006898821669617927,0.021790975380582514,0.98828125,0.9661184273321177,0.9960067128769923,-0.03838304367161701,0.018743638551543314,2,1,0,0.0078125,0.002145090367681419,0.028032768301535768,0.00390625,0.0006898821669617927,0.021790975380582514,0.0,0.0,0.01478385642587143,0.98828125,0.9661184273321177,0.9960067128769923,0.04309561166789209,0.03343736655434616,1,0,2
assurance,both,0.0,0.5,0.7,selected,100,a0.5_d0.0,0.0,lifetime,lifetime,256,256,0.0,0.0,0.01478385642587143,48.0,0.0,0.9062109375,0.3828125,0.3254185065983358,0.4436714597514778,0.3828125,0.3254185065983358,0.4436714597514778,0.234375,0.1866465082202543,0.2899574155059899,0.0,0.0,0.01478385642587143,-0.0012886017747824933,0.003422587904739793,98,60,98,0.15625,0.11689244351430939,0.20577145777847722,0.62109375,0.5602917977137302,0.678315237058129,0.22265625,0.17600601030365376,0.27750691005757183,0.0,0.0,0.01478385642587143,-0.032246512155000226,0.0028526912516499098,159,57,40
assurance,both,0.0,0.5,0.7,selected,100,a0.5_d0.5,0.5,lifetime,lifetime,256,256,0.0,0.0,0.01478385642587143,48.0,0.0,0.9062109375,0.42578125,0.36674752969705376,0.48700944899116155,0.4296875,0.37052769163836163,0.4909262881715265,0.14453125,0.10671067600593546,0.1928622219218325,0.0,0.0,0.01478385642587143,-0.0001753341447759387,0.0035743879941076083,110,37,109,0.2109375,0.16542210475657976,0.26499981223962715,0.55859375,0.49734573849859953,0.6181092783264936,0.23046875,0.183093576056734,0.28581334654783735,0.0,0.0,0.01478385642587143,-0.02292430182240711,0.003075064227095085,143,59,54
assurance,both,0.0,0.5,0.7,selected,100,a0.5_d0.9,0.9,lifetime,lifetime,256,0,1.0,0.9852161435741286,1.0,0.0,0.0,0.9062109375,0.0,0.0,0.01478385642587143,0.0,0.0,0.01478385642587143,0.0,0.0,0.01478385642587143,1.0,0.9852161435741286,1.0,,,0,0,0,0.0,0.0,0.01478385642587143,0.0,0.0,0.01478385642587143,0.0,0.0,0.01478385642587143,1.0,0.9852161435741286,1.0,,,0,0,0
assurance,both,0.0,0.5,0.7,selected,200,a0.5_d0.0,0.0,lifetime,lifetime,256,256,0.0,0.0,0.01478385642587143,48.0,0.0,0.78705078125,0.390625,0.33289789371255574,0.45158607488060365,0.39453125,0.33664349360941154,0.45553747610542067,0.21484375,0.16894358808976334,0.26917533002811644,0.0,0.0,0.01478385642587143,-0.002480543023170089,0.0035602810463560924,101,55,100,0.13671875,0.09997371828318014,0.1842051774012421,0.64453125,0.5841561693914309,0.7006328721104657,0.21875,0.1724715978199255,0.27334432141962717,0.0,0.0,0.01478385642587143,-0.03648635734283558,0.0029256151237336448,165,56,35
assurance,both,0.0,0.5,0.7,selected,200,a0.5_d0.5,0.5,lifetime,lifetime,256,256,0.0,0.0,0.01478385642587143,48.0,0.0,0.78705078125,0.42578125,0.36674752969705376,0.48700944899116155,0.44140625,0.38189072167350635,0.5026542615014005,0.1328125,0.09662155083903351,0.17986034372371584,0.0,0.0,0.01478385642587143,-0.0003589513408121612,0.003724831526894258,113,34,109,0.2109375,0.16542210475657976,0.26499981223962715,0.5859375,0.5247637927926416,0.6445702318841617,0.203125,0.15839924133131683,0.25662867342154433,0.0,0.0,0.01478385642587143,-0.025979842008821856,0.0031857757543819203,150,52,54
assurance,both,0.0,0.5,0.7,selected,200,a0.5_d0.9,0.9,lifetime,lifetime,256,0,1.0,0.9852161435741286,1.0,0.0,0.0,0.78705078125,0.0,0.0,0.01478385642587143,0.0,0.0,0.01478385642587143,0.0,0.0,0.01478385642587143,1.0,0.9852161435741286,1.0,,,0,0,0,0.0,0.0,0.01478385642587143,0.0,0.0,0.01478385642587143,0.0,0.0,0.01478385642587143,1.0,0.9852161435741286,1.0,,,0,0,0
assurance,both,0.0,0.5,0.7,selected,400,a0.5_d0.0,0.0,lifetime,lifetime,256,256,0.0,0.0,0.01478385642587143,48.0,0.0,0.7280957031249999,0.3984375,0.3403930035879241,0.459484967248581,0.39453125,0.33664349360941154,0.45553747610542067,0.20703125,0.16190727728556475,0.2608176385889693,0.0,0.0,0.01478385642587143,-0.0016775558256615758,0.0035956861654957914,101,53,102,0.140625,0.10333688392273097,0.18853901288336414,0.6484375,0.5881479534238914,0.704338089199678,0.2109375,0.16542210475657976,0.26499981223962715,0.0,0.0,0.01478385642587143,-0.03605729267762777,0.0029623178896795296,166,54,36
assurance,both,0.0,0.5,0.7,selected,400,a0.5_d0.5,0.5,lifetime,lifetime,256,256,0.0,0.0,0.01478385642587143,48.0,0.0,0.7280957031249999,0.42578125,0.36674752969705376,0.48700944899116155,0.44140625,0.38189072167350635,0.5026542615014005,0.1328125,0.09662155083903351,0.17986034372371584,0.0,0.0,0.01478385642587143,-0.0002852073014085665,0.003731933614588232,113,34,109,0.203125,0.15839924133131683,0.25662867342154433,0.59765625,0.5365714322203831,0.655853595821439,0.19921875,0.15489813913670408,0.2524327744944842,0.0,0.0,0.01478385642587143,-0.026358994496961607,0.003185197600636635,153,51,52
assurance,both,0.0,0.5,0.7,selected,400,a0.5_d0.9,0.9,lifetime,lifetime,256,0,1.0,0.9852161435741286,1.0,0.0,0.0,0.7280957031249999,0.0,0.0,0.01478385642587143,0.0,0.0,0.01478385642587143,0.0,0.0,0.01478385642587143,1.0,0.9852161435741286,1.0,,,0,0,0,0.0,0.0,0.01478385642587143,0.0,0.0,0.01478385642587143,0.0,0.0,0.01478385642587143,1.0,0.9852161435741286,1.0,,,0,0,0
assurance,both,0.75,0.1,0.3,neutral,10,a0.1_d0.0,0.0,lifetime,lifetime,256,256,0.0,0.0,0.01478385642587143,34.9921875,0.6920856910698999,2.40234375,0.09375,0.0638098481830768,0.13570203516294374,0.08203125,0.05427759190690546,0.12214328807409647,0.82421875,0.7728971415203973,0.8659539515784516,0.0,0.0,0.01478385642587143,0.0012161550137480836,0.0009609908227739827,21,211,24,0.08984375,0.06061336726621258,0.1312015149581351,0.1015625,0.07025498422463894,0.14465090136472736,0.80859375,0.7559804291899548,0.8520826594222026,0.0,0.0,0.01478385642587143,0.0006079539957596451,0.00094613805046272,26,207,23
assurance,both,0.75,0.1,0.3,neutral,10,a0.1_d0.5,0.5,lifetime,lifetime,256,256,0.0,0.0,0.01478385642587143,20.21875,0.8260442551822559,2.40234375,0.140625,0.10333688392273097,0.18853901288336414,0.12109375,0.08663517067416432,0.1667557205235664,0.73828125,0.6811957065092896,0.7883213619127559,0.0,0.0,0.01478385642587143,0.0009186682480377993,0.001097160493436131,31,189,36,0.12890625,0.09328077992555084,0.17550411351552564,0.08203125,0.05427759190690546,0.12214328807409647,0.7890625,0.7350001877603728,0.8345778952434203,0.0,0.0,0.01478385642587143,0.002195851113518636,0.001064219880704733,21,202,33
assurance,both,0.75,0.1,0.3,neutral,10,a0.1_d0.9,0.9,lifetime,lifetime,256,254,0.0078125,0.002145090367681419,0.028032768301535768,8.8203125,0.5301818034552614,2.40234375,0.15625,0.11689244351430939,0.20577145777847722,0.140625,0.10333688392273097,0.18853901288336414,0.6953125,0.6363862715072103,0.7484637845764336,0.0078125,0.002145090367681419,0.028032768301535768,0.0014364816041089793,0.0013603376131030103,36,178,40,0.15234375,0.11348877125313496,0.20147812891797878,0.15625,0.11689244351430939,0.20577145777847722,0.68359375,0.6242666601546496,0.7374923925639758,0.0078125,0.002145090367681419,0.028032768301535768,0.0012547533334305878,0.0013998495646231665,40,175,39
assurance,both,0.75,0.1,0.3,neutral,40,a0.1_d0.0,0.0,lifetime,lifetime,256,192,0.25,0.20091686568173925,0.3064750625311965,7.6953125,0.6455711957132857,1.2353515625,0.265625,0.21527669094275786,0.3229032417568694,0.234375,0.1866465082202543,0.2899574155059899,0.25,0.20091686568173925,0.3064750625311965,0.25,0.20091686568173925,0.3064750625311965,0.0009154051937878804,0.003250171586297465,60,64,68,0.21875,0.1724715978199255,0.27334432141962717,0.24609375,0.19734067215723067,0.3023542549340322,0.28515625,0.23334463740263667,0.3433203009053549,0.25,0.20091686568173925,0.3064750625311965,-0.0018134663158289649,0.0031862380426485514,63,73,56
assurance,both,0.75,0.1,0.3,neutral,40,a0.1_d0.5,0.5,lifetime,lifetime,256,35,0.86328125,0.8157948225987579,0.9000262817168199,0.453125,0.103214088078814,1.2353515625,0.05078125,0.029913811386553534,0.08493105962106533,0.046875,0.027014851001628076,0.0801330188843179,0.0390625,0.0213540358427329,0.07039983179986732,0.86328125,0.8157948225987579,0.9000262817168199,0.000994368244127758,0.009431578929712248,12,10,13,0.04296875,0.024159813300607562,0.07529105546366555,0.03515625,0.018604096092635542,0.0654527704282918,0.05859375,0.03582660763317509,0.09441226561778955,0.86328125,0.8157948225987579,0.9000262817168199,0.005733126803124228,0.007745252573619425,9,15,11
assurance,both,0.75,0.1,0.3,neutral,40,a0.1_d0.9,0.9,lifetime,lifetime,256,2,0.9921875,0.9719672316984642,0.9978549096323186,0.01171875,0.008720928377104037,1.2353515625,0.0,0.0,0.01478385642587143,0.0078125,0.002145090367681419,0.028032768301535768,0.0,0.0,0.01478385642587143,0.9921875,0.9719672316984642,0.9978549096323186,-0.061053863219684854,0.013454393655513805,2,0,0,0.00390625,0.0006898821669617927,0.021790975380582514,0.0,0.0,0.01478385642587143,0.00390625,0.0006898821669617927,0.021790975380582514,0.9921875,0.9719672316984642,0.9978549096323186,0.01850484244880543,0.01155663875200366,0,1,1
assurance,both,0.75,0.1,0.3,neutral,50,a0.1_d0.0,0.0,lifetime,lifetime,256,134,0.4765625,0.41618039421813385,0.5376375990518288,4.1796875,0.47449880638848096,1.127578125,0.203125,0.15839924133131683,0.25662867342154433,0.17578125,0.13404604842154846,0.22710285847960257,0.14453125,0.10671067600593546,0.1928622219218325,0.4765625,0.41618039421813385,0.5376375990518288,0.0026283714571735386,0.004349434732197823,45,37,52,0.20703125,0.16190727728556475,0.2608176385889693,0.18359375,0.14096616877647156,0.23557674036802523,0.1328125,0.09662155083903351,0.17986034372371584,0.4765625,0.41618039421813385,0.5376375990518288,0.002044145801749383,0.0043580490379207274,47,34,53
assurance,both,0.75,0.1,0.3,neutral,50,a0.1_d0.5,0.5,lifetime,lifetime,256,11,0.95703125,0.9247089445363343,0.9758401866993924,0.05859375,0.01922243608043532,1.127578125,0.015625,0.006092598203366294,0.039479262709196654,0.01953125,0.008370729784579391,0.04489813224965644,0.0078125,0.002145090367681419,0.028032768301535768,0.95703125,0.9247089445363343,0.9758401866993924,-0.0006544369461773215,0.020013484527323874,5,2,4,0.01171875,0.003993287123007758,0.033881572667882304,0.01171875,0.003993287123007758,0.033881572667882304,0.01953125,0.008370729784579391,0.04489813224965644,0.95703125,0.9247089445363343,0.9758401866993924,-0.00018086377831552395,0.013656813897912526,3,5,3
assurance,both,0.75,0.1,0.3,neutral,50,a0.1_d0.9,0.9,lifetime,lifetime,256,0,1.0,0.9852161435741286,1.0,0.0,0.0,1.127578125,0.0,0.0,0.01478385642587143,0.0,0.0,0.01478385642587143,0.0,0.0,0.01478385642587143,1.0,0.9852161435741286,1.0,,,0,0,0,0.0,0.0,0.01478385642587143,0.0,0.0,0.01478385642587143,0.0,0.0,0.01478385642587143,1.0,0.9852161435741286,1.0,,,0,0,0
assurance,both,0.75,0.1,0.3,neutral,100,a0.1_d0.0,0.0,lifetime,lifetime,256,9,0.96484375,0.9345472295717082,0.9813959039073644,0.1328125,0.060568737158338395,0.9062109375,0.01171875,0.003993287123007758,0.033881572667882304,0.01953125,0.008370729784579391,0.04489813224965644,0.00390625,0.0006898821669617927,0.021790975380582514,0.96484375,0.9345472295717082,0.9813959039073644,-0.007730622620420217,0.021112487043929293,5,1,3,0.00390625,0.0006898821669617927,0.021790975380582514,0.015625,0.006092598203366294,0.039479262709196654,0.015625,0.006092598203366294,0.039479262709196654,0.96484375,0.9345472295717082,0.9813959039073644,-0.030255785277134954,0.020022513707091977,4,4,1
assurance,both,0.75,0.1,0.3,neutral,100,a0.1_d0.5,0.5,lifetime,lifetime,256,0,1.0,0.9852161435741286,1.0,0.0,0.0,0.9062109375,0.0,0.0,0.01478385642587143,0.0,0.0,0.01478385642587143,0.0,0.0,0.01478385642587143,1.0,0.9852161435741286,1.0,,,0,0,0,0.0,0.0,0.01478385642587143,0.0,0.0,0.01478385642587143,0.0,0.0,0.01478385642587143,1.0,0.9852161435741286,1.0,,,0,0,0
assurance,both,0.75,0.1,0.3,neutral,100,a0.1_d0.9,0.9,lifetime,lifetime,256,0,1.0,0.9852161435741286,1.0,0.0,0.0,0.9062109375,0.0,0.0,0.01478385642587143,0.0,0.0,0.01478385642587143,0.0,0.0,0.01478385642587143,1.0,0.9852161435741286,1.0,,,0,0,0,0.0,0.0,0.01478385642587143,0.0,0.0,0.01478385642587143,0.0,0.0,0.01478385642587143,1.0,0.9852161435741286,1.0,,,0,0,0
assurance,both,0.75,0.1,0.3,neutral,200,a0.1_d0.0,0.0,lifetime,lifetime,256,1,0.99609375,0.9782090246194175,0.9993101178330381,0.00390625,0.00390625,0.78705078125,0.0,0.0,0.01478385642587143,0.00390625,0.0006898821669617927,0.021790975380582514,0.0,0.0,0.01478385642587143,0.99609375,0.9782090246194175,0.9993101178330381,-0.04886152841540872,,1,0,0,0.0,0.0,0.01478385642587143,0.0,0.0,0.01478385642587143,0.00390625,0.0006898821669617927,0.021790975380582514,0.99609375,0.9782090246194175,0.9993101178330381,-0.0005416083805723781,,0,1,0
assurance,both,0.75,0.1,0.3,neutral,200,a0.1_d0.5,0.5,lifetime,lifetime,256,0,1.0,0.9852161435741286,1.0,0.0,0.0,0.78705078125,0.0,0.0,0.01478385642587143,0.0,0.0,0.01478385642587143,0.0,0.0,0.01478385642587143,1.0,0.9852161435741286,1.0,,,0,0,0,0.0,0.0,0.01478385642587143,0.0,0.0,0.01478385642587143,0.0,0.0,0.01478385642587143,1.0,0.9852161435741286,1.0,,,0,0,0
assurance,both,0.75,0.1,0.3,neutral,200,a0.1_d0.9,0.9,lifetime,lifetime,256,0,1.0,0.9852161435741286,1.0,0.0,0.0,0.78705078125,0.0,0.0,0.01478385642587143,0.0,0.0,0.01478385642587143,0.0,0.0,0.01478385642587143,1.0,0.9852161435741286,1.0,,,0,0,0,0.0,0.0,0.01478385642587143,0.0,0.0,0.01478385642587143,0.0,0.0,0.01478385642587143,1.0,0.9852161435741286,1.0,,,0,0,0
assurance,both,0.75,0.1,0.3,neutral,400,a0.1_d0.0,0.0,lifetime,lifetime,256,0,1.0,0.9852161435741286,1.0,0.0,0.0,0.7280957031249999,0.0,0.0,0.01478385642587143,0.0,0.0,0.01478385642587143,0.0,0.0,0.01478385642587143,1.0,0.9852161435741286,1.0,,,0,0,0,0.0,0.0,0.01478385642587143,0.0,0.0,0.01478385642587143,0.0,0.0,0.01478385642587143,1.0,0.9852161435741286,1.0,,,0,0,0
assurance,both,0.75,0.1,0.3,neutral,400,a0.1_d0.5,0.5,lifetime,lifetime,256,0,1.0,0.9852161435741286,1.0,0.0,0.0,0.7280957031249999,0.0,0.0,0.01478385642587143,0.0,0.0,0.01478385642587143,0.0,0.0,0.01478385642587143,1.0,0.9852161435741286,1.0,,,0,0,0,0.0,0.0,0.01478385642587143,0.0,0.0,0.01478385642587143,0.0,0.0,0.01478385642587143,1.0,0.9852161435741286,1.0,,,0,0,0
assurance,both,0.75,0.1,0.3,neutral,400,a0.1_d0.9,0.9,lifetime,lifetime,256,0,1.0,0.9852161435741286,1.0,0.0,0.0,0.7280957031249999,0.0,0.0,0.01478385642587143,0.0,0.0,0.01478385642587143,0.0,0.0,0.01478385642587143,1.0,0.9852161435741286,1.0,,,0,0,0,0.0,0.0,0.01478385642587143,0.0,0.0,0.01478385642587143,0.0,0.0,0.01478385642587143,1.0,0.9852161435741286,1.0,,,0,0,0
assurance,both,0.75,0.1,0.3,selected,10,a0.1_d0.0,0.0,lifetime,lifetime,256,256,0.0,0.0,0.01478385642587143,35.09765625,0.695712519529963,2.40234375,0.09765625,0.06702402222215342,0.14018486224554,0.08203125,0.05427759190690546,0.12214328807409647,0.8203125,0.7686562241913127,0.8624978677858633,0.0,0.0,0.01478385642587143,0.0006880930344632709,0.0009459520894543826,21,210,25,0.078125,0.05114064056843023,0.11758323829089878,0.12890625,0.09328077992555084,0.17550411351552564,0.79296875,0.7391823614110307,0.8380927227144352,0.0,0.0,0.01478385642587143,-0.0005938648295817949,0.0009919943161455515,33,203,20
assurance,both,0.75,0.1,0.3,selected,10,a0.1_d0.5,0.5,lifetime,lifetime,256,256,0.0,0.0,0.01478385642587143,20.13671875,0.809281094027645,2.40234375,0.13671875,0.09997371828318014,0.1842051774012421,0.12890625,0.09328077992555084,0.17550411351552564,0.734375,0.6770967582431306,0.7847233090572421,0.0,0.0,0.01478385642587143,0.0001645080673311727,0.0011249435657844319,33,188,35,0.16796875,0.12715856241588983,0.2185963422419154,0.0859375,0.05743557903626671,0.12668230206640807,0.74609375,0.6894097171973202,0.7955013534680712,0.0,0.0,0.01478385642587143,0.002886708856246251,0.0011839750309111166,22,191,43
assurance,both,0.75,0.1,0.3,selected,10,a0.1_d0.9,0.9,lifetime,lifetime,256,254,0.0078125,0.002145090367681419,0.028032768301535768,8.984375,0.5298379084705538,2.40234375,0.1640625,0.12372760124959209,0.21433030228654026,0.1484375,0.1100947469586396,0.19717515209080125,0.6796875,0.6202359049379224,0.73382614665903,0.0078125,0.002145090367681419,0.028032768301535768,0.0014986844220218503,0.001407196654066909,38,174,42,0.171875,0.13059812036467136,0.2228537854148068,0.14453125,0.10671067600593546,0.1928622219218325,0.67578125,0.6162096335282949,0.7301554169469846,0.0078125,0.002145090367681419,0.028032768301535768,0.0028155899680539,0.001435109964583354,37,173,44
assurance,both,0.75,0.1,0.3,selected,40,a0.1_d0.0,0.0,lifetime,lifetime,256,193,0.24609375,0.19734067215723067,0.3023542549340322,7.640625,0.6437260549039902,1.2353515625,0.26953125,0.2188800151092185,0.3269969187120816,0.20703125,0.16190727728556475,0.2608176385889693,0.27734375,0.22610219451112512,0.3351687415535207,0.24609375,0.19734067215723067,0.3023542549340322,0.0026997700552529305,0.0029841781604845706,53,71,69,0.19921875,0.15489813913670408,0.2524327744944842,0.2578125,0.20808593083982155,0.31469999961646,0.296875,0.24424521529493903,0.35551072637807124,0.24609375,0.19734067215723067,0.3023542549340322,-0.006344861539864433,0.0031276311202065215,66,76,51
assurance,both,0.75,0.1,0.3,selected,40,a0.1_d0.5,0.5,lifetime,lifetime,256,42,0.8359375,0.7856696977134597,0.8762723987504079,0.625,0.18729564026625153,1.2353515625,0.06640625,0.04187072285916844,0.10376215263514196,0.05078125,0.029913811386553534,0.08493105962106533,0.046875,0.027014851001628076,0.0801330188843179,0.8359375,0.7856696977134597,0.8762723987504079,0.0017212622224292383,0.008779125546333621,13,12,17,0.0625,0.03883364112851165,0.09910223324412587,0.0703125,0.04493554746197091,0.10839432915401236,0.03125,0.015918258891511296,0.06044160650774316,0.8359375,0.7856696977134597,0.8762723987504079,0.0011762635316600785,0.007868174276360834,18,8,16
assurance,both,0.75,0.1,0.3,selected,40,a0.1_d0.9,0.9,lifetime,lifetime,256,2,0.9921875,0.9719672316984642,0.9978549096323186,0.01953125,0.016091013235798948,1.2353515625,0.00390625,0.0006898821669617927,0.021790975380582514,0.00390625,0.0006898821669617927,0.021790975380582514,0.0,0.0,0.01478385642587143,0.9921875,0.9719672316984642,0.9978549096323186,-0.0017084449120249312,0.030924281133081766,1,0,1,0.0078125,0.002145090367681419,0.028032768301535768,0.0,0.0,0.01478385642587143,0.0,0.0,0.01478385642587143,0.9921875,0.9719672316984642,0.9978549096323186,0.03963054195668428,0.012367553930234724,0,0,2
assurance,both,0.75,0.1,0.3,selected,50,a0.1_d0.0,0.0,lifetime,lifetime,256,135,0.47265625,0.4123556863984164,0.5337653057498734,4.53125,0.4878384634503194,1.127578125,0.20703125,0.16190727728556475,0.2608176385889693,0.16796875,0.12715856241588983,0.2185963422419154,0.15234375,0.11348877125313496,0.20147812891797878,0.47265625,0.4123556863984164,0.5337653057498734,0.0017673980196902255,0.003836645544727201,43,39,53,0.15625,0.11689244351430939,0.20577145777847722,0.18359375,0.14096616877647156,0.23557674036802523,0.1875,0.14443796573655726,0.2398019445296124,0.47265625,0.4123556863984164,0.5337653057498734,-0.003128018694508002,0.00417675974625387,47,48,40
assurance,both,0.75,0.1,0.3,selected,50,a0.1_d0.5,0.5,lifetime,lifetime,256,13,0.94921875,0.9150689403789347,0.9700861886134464,0.14453125,0.05097882943038131,1.127578125,0.01171875,0.003993287123007758,0.033881572667882304,0.01953125,0.008370729784579391,0.04489813224965644,0.01953125,0.008370729784579391,0.04489813224965644,0.94921875,0.9150689403789347,0.9700861886134464,-0.006406654029000038,0.012146669631810252,5,5,3,0.0234375,0.010784867555857603,0.0501809956000511,0.01953125,0.008370729784579391,0.04489813224965644,0.0078125,0.002145090367681419,0.028032768301535768,0.94921875,0.9150689403789347,0.9700861886134464,-0.0015370947782887279,0.01567998597483307,5,2,6
assurance,both,0.75,0.1,0.3,selected,50,a0.1_d0.9,0.9,lifetime,lifetime,256,1,0.99609375,0.9782090246194175,0.9993101178330381,0.00390625,0.00390625,1.127578125,0.0,0.0,0.01478385642587143,0.0,0.0,0.01478385642587143,0.00390625,0.0006898821669617927,0.021790975380582514,0.99609375,0.9782090246194175,0.9993101178330381,-0.016267248229276332,,0,1,0,0.00390625,0.0006898821669617927,0.021790975380582514,0.0,0.0,0.01478385642587143,0.0,0.0,0.01478385642587143,0.99609375,0.9782090246194175,0.9993101178330381,0.03843517563584553,,0,0,1
assurance,both,0.75,0.1,0.3,selected,100,a0.1_d0.0,0.0,lifetime,lifetime,256,12,0.953125,0.9198669811156821,0.9729851489983719,0.3125,0.18790805271331457,0.9062109375,0.01953125,0.008370729784579391,0.04489813224965644,0.015625,0.006092598203366294,0.039479262709196654,0.01171875,0.003993287123007758,0.033881572667882304,0.953125,0.9198669811156821,0.9729851489983719,-0.0034701752330583563,0.016191673681557613,4,3,5,0.0078125,0.002145090367681419,0.028032768301535768,0.02734375,0.013307156355121155,0.05535570792246043,0.01171875,0.003993287123007758,0.033881572667882304,0.953125,0.9198669811156821,0.9729851489983719,-0.02874314131507574,0.016474792164158446,7,3,2
assurance,both,0.75,0.1,0.3,selected,100,a0.1_d0.5,0.5,lifetime,lifetime,256,0,1.0,0.9852161435741286,1.0,0.0,0.0,0.9062109375,0.0,0.0,0.01478385642587143,0.0,0.0,0.01478385642587143,0.0,0.0,0.01478385642587143,1.0,0.9852161435741286,1.0,,,0,0,0,0.0,0.0,0.01478385642587143,0.0,0.0,0.01478385642587143,0.0,0.0,0.01478385642587143,1.0,0.9852161435741286,1.0,,,0,0,0
assurance,both,0.75,0.1,0.3,selected,100,a0.1_d0.9,0.9,lifetime,lifetime,256,0,1.0,0.9852161435741286,1.0,0.0,0.0,0.9062109375,0.0,0.0,0.01478385642587143,0.0,0.0,0.01478385642587143,0.0,0.0,0.01478385642587143,1.0,0.9852161435741286,1.0,,,0,0,0,0.0,0.0,0.01478385642587143,0.0,0.0,0.01478385642587143,0.0,0.0,0.01478385642587143,1.0,0.9852161435741286,1.0,,,0,0,0
assurance,both,0.75,0.1,0.3,selected,200,a0.1_d0.0,0.0,lifetime,lifetime,256,0,1.0,0.9852161435741286,1.0,0.0,0.0,0.78705078125,0.0,0.0,0.01478385642587143,0.0,0.0,0.01478385642587143,0.0,0.0,0.01478385642587143,1.0,0.9852161435741286,1.0,,,0,0,0,0.0,0.0,0.01478385642587143,0.0,0.0,0.01478385642587143,0.0,0.0,0.01478385642587143,1.0,0.9852161435741286,1.0,,,0,0,0
assurance,both,0.75,0.1,0.3,selected,200,a0.1_d0.5,0.5,lifetime,lifetime,256,0,1.0,0.9852161435741286,1.0,0.0,0.0,0.78705078125,0.0,0.0,0.01478385642587143,0.0,0.0,0.01478385642587143,0.0,0.0,0.01478385642587143,1.0,0.9852161435741286,1.0,,,0,0,0,0.0,0.0,0.01478385642587143,0.0,0.0,0.01478385642587143,0.0,0.0,0.01478385642587143,1.0,0.9852161435741286,1.0,,,0,0,0
assurance,both,0.75,0.1,0.3,selected,200,a0.1_d0.9,0.9,lifetime,lifetime,256,0,1.0,0.9852161435741286,1.0,0.0,0.0,0.78705078125,0.0,0.0,0.01478385642587143,0.0,0.0,0.01478385642587143,0.0,0.0,0.01478385642587143,1.0,0.9852161435741286,1.0,,,0,0,0,0.0,0.0,0.01478385642587143,0.0,0.0,0.01478385642587143,0.0,0.0,0.01478385642587143,1.0,0.9852161435741286,1.0,,,0,0,0
assurance,both,0.75,0.1,0.3,selected,400,a0.1_d0.0,0.0,lifetime,lifetime,256,0,1.0,0.9852161435741286,1.0,0.0,0.0,0.7280957031249999,0.0,0.0,0.01478385642587143,0.0,0.0,0.01478385642587143,0.0,0.0,0.01478385642587143,1.0,0.9852161435741286,1.0,,,0,0,0,0.0,0.0,0.01478385642587143,0.0,0.0,0.01478385642587143,0.0,0.0,0.01478385642587143,1.0,0.9852161435741286,1.0,,,0,0,0
assurance,both,0.75,0.1,0.3,selected,400,a0.1_d0.5,0.5,lifetime,lifetime,256,0,1.0,0.9852161435741286,1.0,0.0,0.0,0.7280957031249999,0.0,0.0,0.01478385642587143,0.0,0.0,0.01478385642587143,0.0,0.0,0.01478385642587143,1.0,0.9852161435741286,1.0,,,0,0,0,0.0,0.0,0.01478385642587143,0.0,0.0,0.01478385642587143,0.0,0.0,0.01478385642587143,1.0,0.9852161435741286,1.0,,,0,0,0
assurance,both,0.75,0.1,0.3,selected,400,a0.1_d0.9,0.9,lifetime,lifetime,256,0,1.0,0.9852161435741286,1.0,0.0,0.0,0.7280957031249999,0.0,0.0,0.01478385642587143,0.0,0.0,0.01478385642587143,0.0,0.0,0.01478385642587143,1.0,0.9852161435741286,1.0,,,0,0,0,0.0,0.0,0.01478385642587143,0.0,0.0,0.01478385642587143,0.0,0.0,0.01478385642587143,1.0,0.9852161435741286,1.0,,,0,0,0
assurance,both,0.75,0.1,0.7,neutral,10,a0.1_d0.0,0.0,lifetime,lifetime,256,256,0.0,0.0,0.01478385642587143,34.234375,0.6917309373192787,2.40234375,0.1015625,0.07025498422463894,0.14465090136472736,0.0703125,0.04493554746197091,0.10839432915401236,0.828125,0.7771462145851933,0.8694018796353287,0.0,0.0,0.01478385642587143,0.0010506934274901627,0.0010165977620600283,18,212,26,0.125,0.08995183318684266,0.17113605913256094,0.08984375,0.06061336726621258,0.1312015149581351,0.78515625,0.7308246699718836,0.8310564119102367,0.0,0.0,0.01478385642587143,0.0012174042979951538,0.001027886314383319,23,201,32
assurance,both,0.75,0.1,0.7,neutral,10,a0.1_d0.5,0.5,lifetime,lifetime,256,256,0.0,0.0,0.01478385642587143,17.42578125,0.7385626052483095,2.40234375,0.12109375,0.08663517067416432,0.1667557205235664,0.1328125,0.09662155083903351,0.17986034372371584,0.74609375,0.6894097171973202,0.7955013534680712,0.0,0.0,0.01478385642587143,-0.0019785748549466797,0.0011428208703507482,34,191,31,0.12109375,0.08663517067416432,0.1667557205235664,0.13671875,0.09997371828318014,0.1842051774012421,0.7421875,0.6853000003835401,0.7919140691601785,0.0,0.0,0.01478385642587143,-0.0003020593080805133,0.0011579617368028816,35,190,31
assurance,both,0.75,0.1,0.7,neutral,10,a0.1_d0.9,0.9,lifetime,lifetime,256,255,0.00390625,0.0006898821669617927,0.021790975380582514,7.8515625,0.504944294378952,2.40234375,0.15625,0.11689244351430939,0.20577145777847722,0.18359375,0.14096616877647156,0.23557674036802523,0.65625,0.596144121990143,0.7117359228767722,0.00390625,0.0006898821669617927,0.021790975380582514,-0.0012562405816439488,0.001417499129855615,47,168,40,0.15625,0.11689244351430939,0.20577145777847722,0.1953125,0.15140411996625466,0.24822979254326075,0.64453125,0.5841561693914309,0.7006328721104657,0.00390625,0.0006898821669617927,0.021790975380582514,-0.0017251277940901933,0.0013959133074924936,50,165,40
assurance,both,0.75,0.1,0.7,neutral,40,a0.1_d0.0,0.0,lifetime,lifetime,256,201,0.21484375,0.16894358808976334,0.26917533002811644,9.41796875,0.7647675755443699,1.2353515625,0.2734375,0.22248853918114145,0.33108539576183155,0.21875,0.1724715978199255,0.27334432141962717,0.29296875,0.240606845197983,0.3514520953533543,0.21484375,0.16894358808976334,0.26917533002811644,0.0018254248993692952,0.0030014111113164576,56,75,70,0.2734375,0.22248853918114145,0.33108539576183155,0.26171875,0.21167863808724405,0.31880429349071027,0.25,0.20091686568173925,0.3064750625311965,0.21484375,0.16894358808976334,0.26917533002811644,-0.0013309191642621031,0.0031908099407151344,67,64,70
assurance,both,0.75,0.1,0.7,neutral,40,a0.1_d0.5,0.5,lifetime,lifetime,256,33,0.87109375,0.8244958864844745,0.9067192200744492,0.81640625,0.26741921693865256,1.2353515625,0.03515625,0.018604096092635542,0.0654527704282918,0.0546875,0.03285229140400938,0.08968958072528235,0.0390625,0.0213540358427329,0.07039983179986732,0.87109375,0.8244958864844745,0.9067192200744492,-0.009540984893419379,0.009935119344342736,14,10,9,0.0390625,0.0213540358427329,0.07039983179986732,0.0546875,0.03285229140400938,0.08968958072528235,0.03515625,0.018604096092635542,0.0654527704282918,0.87109375,0.8244958864844745,0.9067192200744492,-0.0036202139898373216,0.009555236973552738,14,9,10
assurance,both,0.75,0.1,0.7,neutral,40,a0.1_d0.9,0.9,lifetime,lifetime,256,1,0.99609375,0.9782090246194175,0.9993101178330381,0.00390625,0.00390625,1.2353515625,0.0,0.0,0.01478385642587143,0.0,0.0,0.01478385642587143,0.00390625,0.0006898821669617927,0.021790975380582514,0.99609375,0.9782090246194175,0.9993101178330381,-0.015968480207882663,,0,1,0,0.0,0.0,0.01478385642587143,0.0,0.0,0.01478385642587143,0.00390625,0.0006898821669617927,0.021790975380582514,0.99609375,0.9782090246194175,0.9993101178330381,-0.00875947089328405,,0,1,0
assurance,both,0.75,0.1,0.7,neutral,50,a0.1_d0.0,0.0,lifetime,lifetime,256,146,0.4296875,0.37052769163836163,0.4909262881715265,5.56640625,0.6022943150983967,1.127578125,0.1796875,0.13750213221413665,0.23134377580868726,0.18359375,0.14096616877647156,0.23557674036802523,0.20703125,0.16190727728556475,0.2608176385889693,0.4296875,0.37052769163836163,0.4909262881715265,-0.0006858737188377143,0.0038200563182447813,47,53,46,0.2109375,0.16542210475657976,0.26499981223962715,0.1875,0.14443796573655726,0.2398019445296124,0.171875,0.13059812036467136,0.2228537854148068,0.4296875,0.37052769163836163,0.4909262881715265,0.0013993255572006744,0.003871993859408441,48,44,54
assurance,both,0.75,0.1,0.7,neutral,50,a0.1_d0.5,0.5,lifetime,lifetime,256,11,0.95703125,0.9247089445363343,0.9758401866993924,0.29296875,0.1802532321270517,1.127578125,0.01171875,0.003993287123007758,0.033881572667882304,0.01953125,0.008370729784579391,0.04489813224965644,0.01171875,0.003993287123007758,0.033881572667882304,0.95703125,0.9247089445363343,0.9758401866993924,-0.002588818904048808,0.01193271709196465,5,3,3,0.0078125,0.002145090367681419,0.028032768301535768,0.0234375,0.010784867555857603,0.0501809956000511,0.01171875,0.003993287123007758,0.033881572667882304,0.95703125,0.9247089445363343,0.9758401866993924,-0.02160928485885024,0.014187244431917033,6,3,2
assurance,both,0.75,0.1,0.7,neutral,50,a0.1_d0.9,0.9,lifetime,lifetime,256,0,1.0,0.9852161435741286,1.0,0.0,0.0,1.127578125,0.0,0.0,0.01478385642587143,0.0,0.0,0.01478385642587143,0.0,0.0,0.01478385642587143,1.0,0.9852161435741286,1.0,,,0,0,0,0.0,0.0,0.01478385642587143,0.0,0.0,0.01478385642587143,0.0,0.0,0.01478385642587143,1.0,0.9852161435741286,1.0,,,0,0,0
assurance,both,0.75,0.1,0.7,neutral,100,a0.1_d0.0,0.0,lifetime,lifetime,256,13,0.94921875,0.9150689403789347,0.9700861886134464,0.453125,0.17544749769811313,0.9062109375,0.01171875,0.003993287123007758,0.033881572667882304,0.02734375,0.013307156355121155,0.05535570792246043,0.01171875,0.003993287123007758,0.033881572667882304,0.94921875,0.9150689403789347,0.9700861886134464,-0.018057839932893296,0.016406438139199155,7,3,3,0.01953125,0.008370729784579391,0.04489813224965644,0.01953125,0.008370729784579391,0.04489813224965644,0.01171875,0.003993287123007758,0.033881572667882304,0.94921875,0.9150689403789347,0.9700861886134464,0.008461545999162063,0.018006490907555846,5,3,5
assurance,both,0.75,0.1,0.7,neutral,100,a0.1_d0.5,0.5,lifetime,lifetime,256,0,1.0,0.9852161435741286,1.0,0.0,0.0,0.9062109375,0.0,0.0,0.01478385642587143,0.0,0.0,0.01478385642587143,0.0,0.0,0.01478385642587143,1.0,0.9852161435741286,1.0,,,0,0,0,0.0,0.0,0.01478385642587143,0.0,0.0,0.01478385642587143,0.0,0.0,0.01478385642587143,1.0,0.9852161435741286,1.0,,,0,0,0
assurance,both,0.75,0.1,0.7,neutral,100,a0.1_d0.9,0.9,lifetime,lifetime,256,0,1.0,0.9852161435741286,1.0,0.0,0.0,0.9062109375,0.0,0.0,0.01478385642587143,0.0,0.0,0.01478385642587143,0.0,0.0,0.01478385642587143,1.0,0.9852161435741286,1.0,,,0,0,0,0.0,0.0,0.01478385642587143,0.0,0.0,0.01478385642587143,0.0,0.0,0.01478385642587143,1.0,0.9852161435741286,1.0,,,0,0,0
assurance,both,0.75,0.1,0.7,neutral,200,a0.1_d0.0,0.0,lifetime,lifetime,256,0,1.0,0.9852161435741286,1.0,0.0,0.0,0.78705078125,0.0,0.0,0.01478385642587143,0.0,0.0,0.01478385642587143,0.0,0.0,0.01478385642587143,1.0,0.9852161435741286,1.0,,,0,0,0,0.0,0.0,0.01478385642587143,0.0,0.0,0.01478385642587143,0.0,0.0,0.01478385642587143,1.0,0.9852161435741286,1.0,,,0,0,0
assurance,both,0.75,0.1,0.7,neutral,200,a0.1_d0.5,0.5,lifetime,lifetime,256,0,1.0,0.9852161435741286,1.0,0.0,0.0,0.78705078125,0.0,0.0,0.01478385642587143,0.0,0.0,0.01478385642587143,0.0,0.0,0.01478385642587143,1.0,0.9852161435741286,1.0,,,0,0,0,0.0,0.0,0.01478385642587143,0.0,0.0,0.01478385642587143,0.0,0.0,0.01478385642587143,1.0,0.9852161435741286,1.0,,,0,0,0
assurance,both,0.75,0.1,0.7,neutral,200,a0.1_d0.9,0.9,lifetime,lifetime,256,0,1.0,0.9852161435741286,1.0,0.0,0.0,0.78705078125,0.0,0.0,0.01478385642587143,0.0,0.0,0.01478385642587143,0.0,0.0,0.01478385642587143,1.0,0.9852161435741286,1.0,,,0,0,0,0.0,0.0,0.01478385642587143,0.0,0.0,0.01478385642587143,0.0,0.0,0.01478385642587143,1.0,0.9852161435741286,1.0,,,0,0,0
assurance,both,0.75,0.1,0.7,neutral,400,a0.1_d0.0,0.0,lifetime,lifetime,256,0,1.0,0.9852161435741286,1.0,0.0,0.0,0.7280957031249999,0.0,0.0,0.01478385642587143,0.0,0.0,0.01478385642587143,0.0,0.0,0.01478385642587143,1.0,0.9852161435741286,1.0,,,0,0,0,0.0,0.0,0.01478385642587143,0.0,0.0,0.01478385642587143,0.0,0.0,0.01478385642587143,1.0,0.9852161435741286,1.0,,,0,0,0
assurance,both,0.75,0.1,0.7,neutral,400,a0.1_d0.5,0.5,lifetime,lifetime,256,0,1.0,0.9852161435741286,1.0,0.0,0.0,0.7280957031249999,0.0,0.0,0.01478385642587143,0.0,0.0,0.01478385642587143,0.0,0.0,0.01478385642587143,1.0,0.9852161435741286,1.0,,,0,0,0,0.0,0.0,0.01478385642587143,0.0,0.0,0.01478385642587143,0.0,0.0,0.01478385642587143,1.0,0.9852161435741286,1.0,,,0,0,0
assurance,both,0.75,0.1,0.7,neutral,400,a0.1_d0.9,0.9,lifetime,lifetime,256,0,1.0,0.9852161435741286,1.0,0.0,0.0,0.7280957031249999,0.0,0.0,0.01478385642587143,0.0,0.0,0.01478385642587143,0.0,0.0,0.01478385642587143,1.0,0.9852161435741286,1.0,,,0,0,0,0.0,0.0,0.01478385642587143,0.0,0.0,0.01478385642587143,0.0,0.0,0.01478385642587143,1.0,0.9852161435741286,1.0,,,0,0,0
assurance,both,0.75,0.1,0.7,selected,10,a0.1_d0.0,0.0,lifetime,lifetime,256,256,0.0,0.0,0.01478385642587143,34.203125,0.6831013194862263,2.40234375,0.14453125,0.10671067600593546,0.1928622219218325,0.1015625,0.07025498422463894,0.14465090136472736,0.75390625,0.6976457450659678,0.8026593278427693,0.0,0.0,0.01478385642587143,0.0013187085258126404,0.0010576464611882642,26,193,37,0.08984375,0.06061336726621258,0.1312015149581351,0.1015625,0.07025498422463894,0.14465090136472736,0.80859375,0.7559804291899548,0.8520826594222026,0.0,0.0,0.01478385642587143,0.00033047805647871856,0.0009805721095431633,26,207,23
assurance,both,0.75,0.1,0.7,selected,10,a0.1_d0.5,0.5,lifetime,lifetime,256,256,0.0,0.0,0.01478385642587143,17.94921875,0.7637660239059677,2.40234375,0.1171875,0.08333128838163656,0.16236260169442127,0.16015625,0.12030547683153675,0.21005542558292273,0.72265625,0.6648312584464792,0.7738978054888749,0.0,0.0,0.01478385642587143,-0.002103454593674384,0.001154516575665704,41,185,30,0.11328125,0.0800407222974869,0.15795616665689804,0.125,0.08995183318684266,0.17113605913256094,0.76171875,0.7059044755184534,0.8097945996336295,0.0,0.0,0.01478385642587143,-0.00028466943091633255,0.0011028364049303703,32,195,29
assurance,both,0.75,0.1,0.7,selected,10,a0.1_d0.9,0.9,lifetime,lifetime,256,255,0.00390625,0.0006898821669617927,0.021790975380582514,7.8203125,0.5005164975531942,2.40234375,0.1328125,0.09662155083903351,0.17986034372371584,0.171875,0.13059812036467136,0.2228537854148068,0.69140625,0.6323417974638745,0.7448112574980965,0.00390625,0.0006898821669617927,0.021790975380582514,-0.0023148417801957836,0.0013285579855759851,44,177,34,0.171875,0.13059812036467136,0.2228537854148068,0.15625,0.11689244351430939,0.20577145777847722,0.66796875,0.6081703762966486,0.7228006719352853,0.00390625,0.0006898821669617927,0.021790975380582514,0.0006016396068840733,0.001371471213688274,40,171,44
assurance,both,0.75,0.1,0.7,selected,40,a0.1_d0.0,0.0,lifetime,lifetime,256,203,0.20703125,0.16190727728556475,0.2608176385889693,9.64453125,0.7700809690501572,1.2353515625,0.25390625,0.20449864653192884,0.31059028280267975,0.26171875,0.21167863808724405,0.31880429349071027,0.27734375,0.22610219451112512,0.3351687415535207,0.20703125,0.16190727728556475,0.2608176385889693,-0.0020441662869529957,0.00326826402085728,67,71,65,0.28515625,0.23334463740263667,0.3433203009053549,0.26953125,0.2188800151092185,0.3269969187120816,0.23828125,0.1902054003663705,0.2940955244815466,0.20703125,0.16190727728556475,0.2608176385889693,-0.0013570081652833613,0.0031281316264939124,69,61,73
assurance,both,0.75,0.1,0.7,selected,40,a0.1_d0.5,0.5,lifetime,lifetime,256,33,0.87109375,0.8244958864844745,0.9067192200744492,1.265625,0.3786978119581136,1.2353515625,0.04296875,0.024159813300607562,0.07529105546366555,0.06640625,0.04187072285916844,0.10376215263514196,0.01953125,0.008370729784579391,0.04489813224965644,0.87109375,0.8244958864844745,0.9067192200744492,-0.008163067551670095,0.007607507281888912,17,5,11,0.0390625,0.0213540358427329,0.07039983179986732,0.04296875,0.024159813300607562,0.07529105546366555,0.046875,0.027014851001628076,0.0801330188843179,0.87109375,0.8244958864844745,0.9067192200744492,-0.0031298124546349166,0.008610707984919157,11,12,10
assurance,both,0.75,0.1,0.7,selected,40,a0.1_d0.9,0.9,lifetime,lifetime,256,2,0.9921875,0.9719672316984642,0.9978549096323186,0.0078125,0.005513429182282041,1.2353515625,0.0,0.0,0.01478385642587143,0.00390625,0.0006898821669617927,0.021790975380582514,0.00390625,0.0006898821669617927,0.021790975380582514,0.9921875,0.9719672316984642,0.9978549096323186,-0.04430883368293048,0.02834035347504782,1,1,0,0.00390625,0.0006898821669617927,0.021790975380582514,0.0,0.0,0.01478385642587143,0.00390625,0.0006898821669617927,0.021790975380582514,0.9921875,0.9719672316984642,0.9978549096323186,0.011581018090008638,0.020340488983292687,0,1,1
assurance,both,0.75,0.1,0.7,selected,50,a0.1_d0.0,0.0,lifetime,lifetime,256,147,0.42578125,0.36674752969705376,0.48700944899116155,5.515625,0.5715896507638099,1.127578125,0.18359375,0.14096616877647156,0.23557674036802523,0.2109375,0.16542210475657976,0.26499981223962715,0.1796875,0.13750213221413665,0.23134377580868726,0.42578125,0.36674752969705376,0.48700944899116155,-0.001452135794962771,0.004038485315133717,54,46,47,0.21484375,0.16894358808976334,0.26917533002811644,0.18359375,0.14096616877647156,0.23557674036802523,0.17578125,0.13404604842154846,0.22710285847960257,0.42578125,0.36674752969705376,0.48700944899116155,-0.00023613677581220226,0.003918952131645749,47,45,55
assurance,both,0.75,0.1,0.7,selected,50,a0.1_d0.5,0.5,lifetime,lifetime,256,16,0.9375,0.9008977667558741,0.9611663588714884,0.37890625,0.18442104749634933,1.127578125,0.01953125,0.008370729784579391,0.04489813224965644,0.03515625,0.018604096092635542,0.0654527704282918,0.0078125,0.002145090367681419,0.028032768301535768,0.9375,0.9008977667558741,0.9611663588714884,-0.013448235083216874,0.012505374791353241,9,2,5,0.03125,0.015918258891511296,0.06044160650774316,0.015625,0.006092598203366294,0.039479262709196654,0.015625,0.006092598203366294,0.039479262709196654,0.9375,0.9008977667558741,0.9611663588714884,0.014409065185478062,0.01374581911260329,4,4,8
assurance,both,0.75,0.1,0.7,selected,50,a0.1_d0.9,0.9,lifetime,lifetime,256,1,0.99609375,0.9782090246194175,0.9993101178330381,0.00390625,0.00390625,1.127578125,0.0,0.0,0.01478385642587143,0.00390625,0.0006898821669617927,0.021790975380582514,0.0,0.0,0.01478385642587143,0.99609375,0.9782090246194175,0.9993101178330381,-0.0726491871579783,,1,0,0,0.00390625,0.0006898821669617927,0.021790975380582514,0.0,0.0,0.01478385642587143,0.0,0.0,0.01478385642587143,0.99609375,0.9782090246194175,0.9993101178330381,0.031921507073301325,,0,0,1
assurance,both,0.75,0.1,0.7,selected,100,a0.1_d0.0,0.0,lifetime,lifetime,256,14,0.9453125,0.9103104192747177,0.9671477085959906,0.54296875,0.2463435842797173,0.9062109375,0.01953125,0.008370729784579391,0.04489813224965644,0.0234375,0.010784867555857603,0.0501809956000511,0.01171875,0.003993287123007758,0.033881572667882304,0.9453125,0.9103104192747177,0.9671477085959906,-0.0062207768758976946,0.014252162739413779,6,3,5,0.0,0.0,0.01478385642587143,0.04296875,0.024159813300607562,0.07529105546366555,0.01171875,0.003993287123007758,0.033881572667882304,0.9453125,0.9103104192747177,0.9671477085959906,-0.03104701320812598,0.006160916619961789,11,3,0
assurance,both,0.75,0.1,0.7,selected,100,a0.1_d0.5,0.5,lifetime,lifetime,256,1,0.99609375,0.9782090246194175,0.9993101178330381,0.00390625,0.00390625,0.9062109375,0.00390625,0.0006898821669617927,0.021790975380582514,0.0,0.0,0.01478385642587143,0.0,0.0,0.01478385642587143,0.99609375,0.9782090246194175,0.9993101178330381,0.05465519129677354,,0,0,1,0.00390625,0.0006898821669617927,0.021790975380582514,0.0,0.0,0.01478385642587143,0.0,0.0,0.01478385642587143,0.99609375,0.9782090246194175,0.9993101178330381,0.06392336674704424,,0,0,1
assurance,both,0.75,0.1,0.7,selected,100,a0.1_d0.9,0.9,lifetime,lifetime,256,0,1.0,0.9852161435741286,1.0,0.0,0.0,0.9062109375,0.0,0.0,0.01478385642587143,0.0,0.0,0.01478385642587143,0.0,0.0,0.01478385642587143,1.0,0.9852161435741286,1.0,,,0,0,0,0.0,0.0,0.01478385642587143,0.0,0.0,0.01478385642587143,0.0,0.0,0.01478385642587143,1.0,0.9852161435741286,1.0,,,0,0,0
assurance,both,0.75,0.1,0.7,selected,200,a0.1_d0.0,0.0,lifetime,lifetime,256,0,1.0,0.9852161435741286,1.0,0.0,0.0,0.78705078125,0.0,0.0,0.01478385642587143,0.0,0.0,0.01478385642587143,0.0,0.0,0.01478385642587143,1.0,0.9852161435741286,1.0,,,0,0,0,0.0,0.0,0.01478385642587143,0.0,0.0,0.01478385642587143,0.0,0.0,0.01478385642587143,1.0,0.9852161435741286,1.0,,,0,0,0
assurance,both,0.75,0.1,0.7,selected,200,a0.1_d0.5,0.5,lifetime,lifetime,256,0,1.0,0.9852161435741286,1.0,0.0,0.0,0.78705078125,0.0,0.0,0.01478385642587143,0.0,0.0,0.01478385642587143,0.0,0.0,0.01478385642587143,1.0,0.9852161435741286,1.0,,,0,0,0,0.0,0.0,0.01478385642587143,0.0,0.0,0.01478385642587143,0.0,0.0,0.01478385642587143,1.0,0.9852161435741286,1.0,,,0,0,0
assurance,both,0.75,0.1,0.7,selected,200,a0.1_d0.9,0.9,lifetime,lifetime,256,0,1.0,0.9852161435741286,1.0,0.0,0.0,0.78705078125,0.0,0.0,0.01478385642587143,0.0,0.0,0.01478385642587143,0.0,0.0,0.01478385642587143,1.0,0.9852161435741286,1.0,,,0,0,0,0.0,0.0,0.01478385642587143,0.0,0.0,0.01478385642587143,0.0,0.0,0.01478385642587143,1.0,0.9852161435741286,1.0,,,0,0,0
assurance,both,0.75,0.1,0.7,selected,400,a0.1_d0.0,0.0,lifetime,lifetime,256,0,1.0,0.9852161435741286,1.0,0.0,0.0,0.7280957031249999,0.0,0.0,0.01478385642587143,0.0,0.0,0.01478385642587143,0.0,0.0,0.01478385642587143,1.0,0.9852161435741286,1.0,,,0,0,0,0.0,0.0,0.01478385642587143,0.0,0.0,0.01478385642587143,0.0,0.0,0.01478385642587143,1.0,0.9852161435741286,1.0,,,0,0,0
assurance,both,0.75,0.1,0.7,selected,400,a0.1_d0.5,0.5,lifetime,lifetime,256,0,1.0,0.9852161435741286,1.0,0.0,0.0,0.7280957031249999,0.0,0.0,0.01478385642587143,0.0,0.0,0.01478385642587143,0.0,0.0,0.01478385642587143,1.0,0.9852161435741286,1.0,,,0,0,0,0.0,0.0,0.01478385642587143,0.0,0.0,0.01478385642587143,0.0,0.0,0.01478385642587143,1.0,0.9852161435741286,1.0,,,0,0,0
assurance,both,0.75,0.1,0.7,selected,400,a0.1_d0.9,0.9,lifetime,lifetime,256,0,1.0,0.9852161435741286,1.0,0.0,0.0,0.7280957031249999,0.0,0.0,0.01478385642587143,0.0,0.0,0.01478385642587143,0.0,0.0,0.01478385642587143,1.0,0.9852161435741286,1.0,,,0,0,0,0.0,0.0,0.01478385642587143,0.0,0.0,0.01478385642587143,0.0,0.0,0.01478385642587143,1.0,0.9852161435741286,1.0,,,0,0,0
assurance,both,0.75,0.5,0.3,neutral,10,a0.5_d0.0,0.0,lifetime,lifetime,256,256,0.0,0.0,0.01478385642587143,48.0,0.0,2.40234375,0.07421875,0.048026107191811204,0.11300077054584494,0.109375,0.07676405306596229,0.15353583476674978,0.81640625,0.7644232596319748,0.8590338312235285,0.0,0.0,0.01478385642587143,-0.0009434063167567969,0.0009135952909906758,28,209,19,0.07421875,0.048026107191811204,0.11300077054584494,0.09375,0.0638098481830768,0.13570203516294374,0.83203125,0.7814036577580846,0.8728414375841101,0.0,0.0,0.01478385642587143,-0.0005725968986515651,0.0009136431465021544,24,213,19
assurance,both,0.75,0.5,0.3,neutral,10,a0.5_d0.5,0.5,lifetime,lifetime,256,256,0.0,0.0,0.01478385642587143,47.95703125,0.024293744577197397,2.40234375,0.07421875,0.048026107191811204,0.11300077054584494,0.08203125,0.05427759190690546,0.12214328807409647,0.84375,0.7942285422215228,0.8831075564856906,0.0,0.0,0.01478385642587143,-0.0003558247319523577,0.0008996475354505892,21,216,19,0.078125,0.05114064056843023,0.11758323829089878,0.07421875,0.048026107191811204,0.11300077054584494,0.84765625,0.7985218710820212,0.886511228746865,0.0,0.0,0.01478385642587143,0.000523826056148521,0.0009040633632416822,19,217,20
assurance,both,0.75,0.5,0.3,neutral,10,a0.5_d0.9,0.9,lifetime,lifetime,256,256,0.0,0.0,0.01478385642587143,20.21875,0.8260442551822559,2.40234375,0.140625,0.10333688392273097,0.18853901288336414,0.12109375,0.08663517067416432,0.1667557205235664,0.73828125,0.6811957065092896,0.7883213619127559,0.0,0.0,0.01478385642587143,0.0009186682480377993,0.001097160493436131,31,189,36,0.12890625,0.09328077992555084,0.17550411351552564,0.08203125,0.05427759190690546,0.12214328807409647,0.7890625,0.7350001877603728,0.8345778952434203,0.0,0.0,0.01478385642587143,0.002195851113518636,0.001064219880704733,21,202,33
assurance,both,0.75,0.5,0.3,neutral,40,a0.5_d0.0,0.0,lifetime,lifetime,256,256,0.0,0.0,0.01478385642587143,48.0,0.0,1.2353515625,0.2578125,0.20808593083982155,0.31469999961646,0.29296875,0.240606845197983,0.3514520953533543,0.44921875,0.389484750270348,0.5104542351479046,0.0,0.0,0.01478385642587143,-0.001563037905027622,0.002006065037044652,75,115,66,0.2578125,0.20808593083982155,0.31469999961646,0.24609375,0.19734067215723067,0.3023542549340322,0.49609375,0.43535888592634564,0.5569441129519814,0.0,0.0,0.01478385642587143,0.00026158369560592997,0.0018464948852878534,63,127,66
assurance,both,0.75,0.5,0.3,neutral,40,a0.5_d0.5,0.5,lifetime,lifetime,256,256,0.0,0.0,0.01478385642587143,47.90625,0.043539409126202244,1.2353515625,0.2890625,0.2369733003711826,0.34738863905848194,0.2421875,0.19377015335079256,0.2982277726187974,0.46875,0.4085346505933857,0.5298893404332313,0.0,0.0,0.01478385642587143,0.0019947089876427007,0.0018354481478999674,62,120,74,0.23828125,0.1902054003663705,0.2940955244815466,0.2734375,0.22248853918114145,0.33108539576183155,0.48828125,0.4276765099686914,0.5492324866662899,0.0,0.0,0.01478385642587143,-0.0019496874866984132,0.0018389863562972189,70,125,61
assurance,both,0.75,0.5,0.3,neutral,40,a0.5_d0.9,0.9,lifetime,lifetime,256,35,0.86328125,0.8157948225987579,0.9000262817168199,0.453125,0.103214088078814,1.2353515625,0.05078125,0.029913811386553534,0.08493105962106533,0.046875,0.027014851001628076,0.0801330188843179,0.0390625,0.0213540358427329,0.07039983179986732,0.86328125,0.8157948225987579,0.9000262817168199,0.000994368244127758,0.009431578929712248,12,10,13,0.04296875,0.024159813300607562,0.07529105546366555,0.03515625,0.018604096092635542,0.0654527704282918,0.05859375,0.03582660763317509,0.09441226561778955,0.86328125,0.8157948225987579,0.9000262817168199,0.005733126803124228,0.007745252573619425,9,15,11
assurance,both,0.75,0.5,0.3,neutral,50,a0.5_d0.0,0.0,lifetime,lifetime,256,256,0.0,0.0,0.01478385642587143,48.0,0.0,1.127578125,0.26171875,0.21167863808724405,0.31880429349071027,0.328125,0.2735197547273731,0.38781219591902016,0.41015625,0.3516648037328092,0.47130417046871464,0.0,0.0,0.01478385642587143,-0.0029367014069618374,0.0021529775973404917,84,105,67,0.27734375,0.22610219451112512,0.3351687415535207,0.26953125,0.2188800151092185,0.3269969187120816,0.453125,0.3932873375109957,0.5143486490289297,0.0,0.0,0.01478385642587143,0.001463374540116658,0.0020214325058864713,69,116,71
assurance,both,0.75,0.5,0.3,neutral,50,a0.5_d0.5,0.5,lifetime,lifetime,256,256,0.0,0.0,0.01478385642587143,47.96875,0.013416179506439961,1.127578125,0.28125,0.2297209150846507,0.33924702210166807,0.26171875,0.21167863808724405,0.31880429349071027,0.45703125,0.3970936285540288,0.5182393591075696,0.0,0.0,0.01478385642587143,0.000936367431845112,0.001998555878651841,67,117,72,0.28515625,0.23334463740263667,0.3433203009053549,0.296875,0.24424521529493903,0.35551072637807124,0.41796875,0.35919855391479266,0.4791644225300769,0.0,0.0,0.01478385642587143,-0.0016493658918903856,0.0020855844943816035,76,107,73
assurance,both,0.75,0.5,0.3,neutral,50,a0.5_d0.9,0.9,lifetime,lifetime,256,11,0.95703125,0.9247089445363343,0.9758401866993924,0.05859375,0.01922243608043532,1.127578125,0.015625,0.006092598203366294,0.039479262709196654,0.01953125,0.008370729784579391,0.04489813224965644,0.0078125,0.002145090367681419,0.028032768301535768,0.95703125,0.9247089445363343,0.9758401866993924,-0.0006544369461773215,0.020013484527323874,5,2,4,0.01171875,0.003993287123007758,0.033881572667882304,0.01171875,0.003993287123007758,0.033881572667882304,0.01953125,0.008370729784579391,0.04489813224965644,0.95703125,0.9247089445363343,0.9758401866993924,-0.00018086377831552395,0.013656813897912526,3,5,3
assurance,both,0.75,0.5,0.3,neutral,100,a0.5_d0.0,0.0,lifetime,lifetime,256,256,0.0,0.0,0.01478385642587143,48.0,0.0,0.9062109375,0.34765625,0.29196088318828545,0.40785607306647226,0.34375,0.28826407712322777,0.403855878009857,0.30859375,0.2551887425019035,0.36765820253612547,0.0,0.0,0.01478385642587143,-0.0013841475938087006,0.0027351333970698135,88,79,89,0.33203125,0.2771993280647148,0.3918296237033514,0.3203125,0.26617385334096993,0.3797640950620776,0.34765625,0.29196088318828545,0.40785607306647226,0.0,0.0,0.01478385642587143,0.001936714891911985,0.002538070745544719,82,89,85
assurance,both,0.75,0.5,0.3,neutral,100,a0.5_d0.5,0.5,lifetime,lifetime,256,256,0.0,0.0,0.01478385642587143,47.93359375,0.03176562206135515,0.9062109375,0.3125,0.2588458887858718,0.37169805737383,0.35546875,0.29936712788953435,0.4158438306085691,0.33203125,0.2771993280647148,0.3918296237033514,0.0,0.0,0.01478385642587143,-0.0013169816380126853,0.0026180881528126312,91,85,80,0.32421875,0.2698445830530154,0.38379036647170506,0.34375,0.28826407712322777,0.403855878009857,0.33203125,0.2771993280647148,0.3918296237033514,0.0,0.0,0.01478385642587143,-0.002855349780111739,0.0027176092836382697,88,85,83
assurance,both,0.75,0.5,0.3,neutral,100,a0.5_d0.9,0.9,lifetime,lifetime,256,0,1.0,0.9852161435741286,1.0,0.0,0.0,0.9062109375,0.0,0.0,0.01478385642587143,0.0,0.0,0.01478385642587143,0.0,0.0,0.01478385642587143,1.0,0.9852161435741286,1.0,,,0,0,0,0.0,0.0,0.01478385642587143,0.0,0.0,0.01478385642587143,0.0,0.0,0.01478385642587143,1.0,0.9852161435741286,1.0,,,0,0,0
assurance,both,0.75,0.5,0.3,neutral,200,a0.5_d0.0,0.0,lifetime,lifetime,256,256,0.0,0.0,0.01478385642587143,48.0,0.0,0.78705078125,0.3671875,0.3105076134241139,0.4277943484390082,0.3828125,0.3254185065983358,0.4436714597514778,0.25,0.20091686568173925,0.3064750625311965,0.0,0.0,0.01478385642587143,-0.0013612687024914072,0.003190864430008963,98,64,94,0.4140625,0.3554297681158383,0.4752362072073583,0.34765625,0.29196088318828545,0.40785607306647226,0.23828125,0.1902054003663705,0.2940955244815466,0.0,0.0,0.01478385642587143,0.004027621480227514,0.0031978630203850175,89,61,106
assurance,both,0.75,0.5,0.3,neutral,200,a0.5_d0.5,0.5,lifetime,lifetime,256,256,0.0,0.0,0.01478385642587143,47.90625,0.03947999927985378,0.78705078125,0.34765625,0.29196088318828545,0.40785607306647226,0.3984375,0.3403930035879241,0.459484967248581,0.25390625,0.20449864653192884,0.31059028280267975,0.0,0.0,0.01478385642587143,-0.001846696078552246,0.0032617290565109354,102,65,89,0.37109375,0.3142292916101357,0.43176967137465927,0.40234375,0.3441464041785611,0.46342856777961694,0.2265625,0.1795467073799799,0.28166321410291856,0.0,0.0,0.01478385642587143,-0.00246517976486342,0.0033103826640164115,103,58,95
assurance,both,0.75,0.5,0.3,neutral,200,a0.5_d0.9,0.9,lifetime,lifetime,256,0,1.0,0.9852161435741286,1.0,0.0,0.0,0.78705078125,0.0,0.0,0.01478385642587143,0.0,0.0,0.01478385642587143,0.0,0.0,0.01478385642587143,1.0,0.9852161435741286,1.0,,,0,0,0,0.0,0.0,0.01478385642587143,0.0,0.0,0.01478385642587143,0.0,0.0,0.01478385642587143,1.0,0.9852161435741286,1.0,,,0,0,0
assurance,both,0.75,0.5,0.3,neutral,400,a0.5_d0.0,0.0,lifetime,lifetime,256,256,0.0,0.0,0.01478385642587143,48.0,0.0,0.7280957031249999,0.3671875,0.3105076134241139,0.4277943484390082,0.39453125,0.33664349360941154,0.45553747610542067,0.23828125,0.1902054003663705,0.2940955244815466,0.0,0.0,0.01478385642587143,-0.0022856745877101194,0.003463563296447482,101,61,94,0.43359375,0.37431161888417475,0.4948393620473863,0.37890625,0.32168476294187087,0.43970820228626983,0.1875,0.14443796573655726,0.2398019445296124,0.0,0.0,0.01478385642587143,0.004546075629705133,0.0034082872040735062,97,48,111
assurance,both,0.75,0.5,0.3,neutral,400,a0.5_d0.5,0.5,lifetime,lifetime,256,256,0.0,0.0,0.01478385642587143,47.9375,0.03297912292677912,0.7280957031249999,0.37890625,0.32168476294187087,0.43970820228626983,0.4140625,0.3554297681158383,0.4752362072073583,0.20703125,0.16190727728556475,0.2608176385889693,0.0,0.0,0.01478385642587143,-0.0020287492248837235,0.0034897290812028877,106,53,97,0.390625,0.33289789371255574,0.45158607488060365,0.41015625,0.3516648037328092,0.47130417046871464,0.19921875,0.15489813913670408,0.2524327744944842,0.0,0.0,0.01478385642587143,-0.0034910438564516697,0.003511567940590858,105,51,100
assurance,both,0.75,0.5,0.3,neutral,400,a0.5_d0.9,0.9,lifetime,lifetime,256,0,1.0,0.9852161435741286,1.0,0.0,0.0,0.7280957031249999,0.0,0.0,0.01478385642587143,0.0,0.0,0.01478385642587143,0.0,0.0,0.01478385642587143,1.0,0.9852161435741286,1.0,,,0,0,0,0.0,0.0,0.01478385642587143,0.0,0.0,0.01478385642587143,0.0,0.0,0.01478385642587143,1.0,0.9852161435741286,1.0,,,0,0,0
assurance,both,0.75,0.5,0.3,selected,10,a0.5_d0.0,0.0,lifetime,lifetime,256,256,0.0,0.0,0.01478385642587143,48.0,0.0,2.40234375,0.0859375,0.05743557903626671,0.12668230206640807,0.109375,0.07676405306596229,0.15353583476674978,0.8046875,0.7517702074567393,0.8485958800337453,0.0,0.0,0.01478385642587143,-0.00045214570285595046,0.0009165939613118023,28,206,22,0.04296875,0.024159813300607562,0.07529105546366555,0.09765625,0.06702402222215342,0.14018486224554,0.859375,0.8114609871166358,0.8966631160772691,0.0,0.0,0.01478385642587143,-0.0023780687506241485,0.000906987802038676,25,220,11
assurance,both,0.75,0.5,0.3,selected,10,a0.5_d0.5,0.5,lifetime,lifetime,256,256,0.0,0.0,0.01478385642587143,47.94921875,0.025467396661986687,2.40234375,0.08984375,0.06061336726621258,0.1312015149581351,0.09375,0.0638098481830768,0.13570203516294374,0.81640625,0.7644232596319748,0.8590338312235285,0.0,0.0,0.01478385642587143,0.0002896858170163899,0.000899248861311547,24,209,23,0.078125,0.05114064056843023,0.11758323829089878,0.09765625,0.06702402222215342,0.14018486224554,0.82421875,0.7728971415203973,0.8659539515784516,0.0,0.0,0.01478385642587143,-0.0012479023265535149,0.0009159677680285014,25,211,20
assurance,both,0.75,0.5,0.3,selected,10,a0.5_d0.9,0.9,lifetime,lifetime,256,256,0.0,0.0,0.01478385642587143,20.13671875,0.809281094027645,2.40234375,0.13671875,0.09997371828318014,0.1842051774012421,0.12890625,0.09328077992555084,0.17550411351552564,0.734375,0.6770967582431306,0.7847233090572421,0.0,0.0,0.01478385642587143,0.0001645080673311727,0.0011249435657844319,33,188,35,0.16796875,0.12715856241588983,0.2185963422419154,0.0859375,0.05743557903626671,0.12668230206640807,0.74609375,0.6894097171973202,0.7955013534680712,0.0,0.0,0.01478385642587143,0.002886708856246251,0.0011839750309111166,22,191,43
assurance,both,0.75,0.5,0.3,selected,40,a0.5_d0.0,0.0,lifetime,lifetime,256,256,0.0,0.0,0.01478385642587143,48.0,0.0,1.2353515625,0.28125,0.2297209150846507,0.33924702210166807,0.31640625,0.26250760743602425,0.37573333984535046,0.40234375,0.3441464041785611,0.46342856777961694,0.0,0.0,0.01478385642587143,-0.0007497931056939321,0.0019481255169267,81,103,72,0.171875,0.13059812036467136,0.2228537854148068,0.40625,0.34790367679855766,0.4673682962812932,0.421875,0.36297114591343,0.4830888316531124,0.0,0.0,0.01478385642587143,-0.010456529384573726,0.0018749642795076325,104,108,44
assurance,both,0.75,0.5,0.3,selected,40,a0.5_d0.5,0.5,lifetime,lifetime,256,256,0.0,0.0,0.01478385642587143,47.9375,0.02107700633577813,1.2353515625,0.23828125,0.1902054003663705,0.2940955244815466,0.2421875,0.19377015335079256,0.2982277726187974,0.51953125,0.4584937753463775,0.5799912302619868,0.0,0.0,0.01478385642587143,0.001393076690376826,0.0017714598792636818,62,133,61,0.17578125,0.13404604842154846,0.22710285847960257,0.359375,0.30307650360756977,0.4198314560122066,0.46484375,0.4047172917918608,0.5260096981130833,0.0,0.0,0.01478385642587143,-0.008060302088084895,0.001863327330187378,92,119,45
assurance,both,0.75,0.5,0.3,selected,40,a0.5_d0.9,0.9,lifetime,lifetime,256,42,0.8359375,0.7856696977134597,0.8762723987504079,0.625,0.18729564026625153,1.2353515625,0.06640625,0.04187072285916844,0.10376215263514196,0.05078125,0.029913811386553534,0.08493105962106533,0.046875,0.027014851001628076,0.0801330188843179,0.8359375,0.7856696977134597,0.8762723987504079,0.0017212622224292383,0.008779125546333621,13,12,17,0.0625,0.03883364112851165,0.09910223324412587,0.0703125,0.04493554746197091,0.10839432915401236,0.03125,0.015918258891511296,0.06044160650774316,0.8359375,0.7856696977134597,0.8762723987504079,0.0011762635316600785,0.007868174276360834,18,8,16
assurance,both,0.75,0.5,0.3,selected,50,a0.5_d0.0,0.0,lifetime,lifetime,256,256,0.0,0.0,0.01478385642587143,48.0,0.0,1.127578125,0.2890625,0.2369733003711826,0.34738863905848194,0.33984375,0.28457152593543,0.39985142807598195,0.37109375,0.3142292916101357,0.43176967137465927,0.0,0.0,0.01478385642587143,-0.001621643199533221,0.0021354630567459775,87,95,74,0.15625,0.11689244351430939,0.20577145777847722,0.42578125,0.36674752969705376,0.48700944899116155,0.41796875,0.35919855391479266,0.4791644225300769,0.0,0.0,0.01478385642587143,-0.012519439443503613,0.0020010136668662352,109,107,40
assurance,both,0.75,0.5,0.3,selected,50,a0.5_d0.5,0.5,lifetime,lifetime,256,256,0.0,0.0,0.01478385642587143,47.91796875,0.03304347249611814,1.127578125,0.26953125,0.2188800151092185,0.3269969187120816,0.28125,0.2297209150846507,0.33924702210166807,0.44921875,0.389484750270348,0.5104542351479046,0.0,0.0,0.01478385642587143,0.0012071165552258914,0.001995098137946702,72,115,69,0.203125,0.15839924133131683,0.25662867342154433,0.4140625,0.3554297681158383,0.4752362072073583,0.3828125,0.3254185065983358,0.4436714597514778,0.0,0.0,0.01478385642587143,-0.008896623005385677,0.002010300278847796,106,98,52
assurance,both,0.75,0.5,0.3,selected,50,a0.5_d0.9,0.9,lifetime,lifetime,256,13,0.94921875,0.9150689403789347,0.9700861886134464,0.14453125,0.05097882943038131,1.127578125,0.01171875,0.003993287123007758,0.033881572667882304,0.01953125,0.008370729784579391,0.04489813224965644,0.01953125,0.008370729784579391,0.04489813224965644,0.94921875,0.9150689403789347,0.9700861886134464,-0.006406654029000038,0.012146669631810252,5,5,3,0.0234375,0.010784867555857603,0.0501809956000511,0.01953125,0.008370729784579391,0.04489813224965644,0.0078125,0.002145090367681419,0.028032768301535768,0.94921875,0.9150689403789347,0.9700861886134464,-0.0015370947782887279,0.01567998597483307,5,2,6
assurance,both,0.75,0.5,0.3,selected,100,a0.5_d0.0,0.0,lifetime,lifetime,256,256,0.0,0.0,0.01478385642587143,48.0,0.0,0.9062109375,0.30859375,0.2551887425019035,0.36765820253612547,0.39453125,0.33664349360941154,0.45553747610542067,0.296875,0.24424521529493903,0.35551072637807124,0.0,0.0,0.01478385642587143,-0.0035364687394293256,0.002685808955069708,101,76,79,0.1640625,0.12372760124959209,0.21433030228654026,0.52734375,0.4662346942501266,0.5876443136015835,0.30859375,0.2551887425019035,0.36765820253612547,0.0,0.0,0.01478385642587143,-0.02192153696842948,0.002606364291340772,135,79,42
assurance,both,0.75,0.5,0.3,selected,100,a0.5_d0.5,0.5,lifetime,lifetime,256,256,0.0,0.0,0.01478385642587143,47.95703125,0.01857654398337919,0.9062109375,0.34765625,0.29196088318828545,0.40785607306647226,0.35546875,0.29936712788953435,0.4158438306085691,0.296875,0.24424521529493903,0.35551072637807124,0.0,0.0,0.01478385642587143,-0.0005972577450637951,0.0027496515947409384,91,76,89,0.17578125,0.13404604842154846,0.22710285847960257,0.53125,0.4701106595667687,0.5914653494066143,0.29296875,0.240606845197983,0.3514520953533543,0.0,0.0,0.01478385642587143,-0.01800086240809194,0.0025873086063286973,136,75,45
assurance,both,0.75,0.5,0.3,selected,100,a0.5_d0.9,0.9,lifetime,lifetime,256,0,1.0,0.9852161435741286,1.0,0.0,0.0,0.9062109375,0.0,0.0,0.01478385642587143,0.0,0.0,0.01478385642587143,0.0,0.0,0.01478385642587143,1.0,0.9852161435741286,1.0,,,0,0,0,0.0,0.0,0.01478385642587143,0.0,0.0,0.01478385642587143,0.0,0.0,0.01478385642587143,1.0,0.9852161435741286,1.0,,,0,0,0
assurance,both,0.75,0.5,0.3,selected,200,a0.5_d0.0,0.0,lifetime,lifetime,256,256,0.0,0.0,0.01478385642587143,48.0,0.0,0.78705078125,0.3046875,0.25153621542356636,0.36361372849278967,0.421875,0.36297114591343,0.4830888316531124,0.2734375,0.22248853918114145,0.33108539576183155,0.0,0.0,0.01478385642587143,-0.005728299628498504,0.0031682988239934693,108,70,78,0.1953125,0.15140411996625466,0.24822979254326075,0.59765625,0.5365714322203831,0.655853595821439,0.20703125,0.16190727728556475,0.2608176385889693,0.0,0.0,0.01478385642587143,-0.027725492137808654,0.003095599923369408,153,53,50
assurance,both,0.75,0.5,0.3,selected,200,a0.5_d0.5,0.5,lifetime,lifetime,256,256,0.0,0.0,0.01478385642587143,47.921875,0.035102593858406465,0.78705078125,0.37890625,0.32168476294187087,0.43970820228626983,0.37890625,0.32168476294187087,0.43970820228626983,0.2421875,0.19377015335079256,0.2982277726187974,0.0,0.0,0.01478385642587143,0.0004866464989279483,0.003217906439012359,97,62,97,0.16796875,0.12715856241588983,0.2185963422419154,0.59765625,0.5365714322203831,0.655853595821439,0.234375,0.1866465082202543,0.2899574155059899,0.0,0.0,0.01478385642587143,-0.02611241178476455,0.0028986862627984086,153,60,43
assurance,both,0.75,0.5,0.3,selected,200,a0.5_d0.9,0.9,lifetime,lifetime,256,0,1.0,0.9852161435741286,1.0,0.0,0.0,0.78705078125,0.0,0.0,0.01478385642587143,0.0,0.0,0.01478385642587143,0.0,0.0,0.01478385642587143,1.0,0.9852161435741286,1.0,,,0,0,0,0.0,0.0,0.01478385642587143,0.0,0.0,0.01478385642587143,0.0,0.0,0.01478385642587143,1.0,0.9852161435741286,1.0,,,0,0,0
assurance,both,0.75,0.5,0.3,selected,400,a0.5_d0.0,0.0,lifetime,lifetime,256,256,0.0,0.0,0.01478385642587143,48.0,0.0,0.7280957031249999,0.3515625,0.295661910800322,0.41185204657610863,0.43359375,0.37431161888417475,0.4948393620473863,0.21484375,0.16894358808976334,0.26917533002811644,0.0,0.0,0.01478385642587143,-0.004897158783487728,0.0033570036581373106,111,55,90,0.18359375,0.14096616877647156,0.23557674036802523,0.625,0.5642590524289499,0.6820449834645823,0.19140625,0.14791734057779737,0.24401957081004516,0.0,0.0,0.01478385642587143,-0.031037615968671994,0.003216267468936237,160,49,47
assurance,both,0.75,0.5,0.3,selected,400,a0.5_d0.5,0.5,lifetime,lifetime,256,256,0.0,0.0,0.01478385642587143,47.98046875,0.011677828879839511,0.7280957031249999,0.39453125,0.33664349360941154,0.45553747610542067,0.39453125,0.33664349360941154,0.45553747610542067,0.2109375,0.16542210475657976,0.26499981223962715,0.0,0.0,0.01478385642587143,0.0012319638747675132,0.0034138363450175353,101,54,101,0.16015625,0.12030547683153675,0.21005542558292273,0.6171875,0.5563285402485222,0.6745814934016642,0.22265625,0.17600601030365376,0.27750691005757183,0.0,0.0,0.01478385642587143,-0.030729594991714404,0.003063904617400345,158,57,41
assurance,both,0.75,0.5,0.3,selected,400,a0.5_d0.9,0.9,lifetime,lifetime,256,0,1.0,0.9852161435741286,1.0,0.0,0.0,0.7280957031249999,0.0,0.0,0.01478385642587143,0.0,0.0,0.01478385642587143,0.0,0.0,0.01478385642587143,1.0,0.9852161435741286,1.0,,,0,0,0,0.0,0.0,0.01478385642587143,0.0,0.0,0.01478385642587143,0.0,0.0,0.01478385642587143,1.0,0.9852161435741286,1.0,,,0,0,0
assurance,both,0.75,0.5,0.7,neutral,10,a0.5_d0.0,0.0,lifetime,lifetime,256,256,0.0,0.0,0.01478385642587143,48.0,0.0,2.40234375,0.0859375,0.05743557903626671,0.12668230206640807,0.09765625,0.06702402222215342,0.14018486224554,0.81640625,0.7644232596319748,0.8590338312235285,0.0,0.0,0.01478385642587143,-0.0005442926502368739,0.000919445331815728,25,209,22,0.06640625,0.04187072285916844,0.10376215263514196,0.08984375,0.06061336726621258,0.1312015149581351,0.84375,0.7942285422215228,0.8831075564856906,0.0,0.0,0.01478385642587143,-0.00029952524443349073,0.0008983098752443415,23,216,17
assurance,both,0.75,0.5,0.7,neutral,10,a0.5_d0.5,0.5,lifetime,lifetime,256,256,0.0,0.0,0.01478385642587143,47.95703125,0.022998076349516415,2.40234375,0.09765625,0.06702402222215342,0.14018486224554,0.08984375,0.06061336726621258,0.1312015149581351,0.8125,0.7601980554703877,0.8555620342634428,0.0,0.0,0.01478385642587143,0.00011956970902630591,0.0008835466676702145,23,208,25,0.08203125,0.05427759190690546,0.12214328807409647,0.1015625,0.07025498422463894,0.14465090136472736,0.81640625,0.7644232596319748,0.8590338312235285,0.0,0.0,0.01478385642587143,-0.0006865564422746681,0.0009112806058900455,26,209,21
assurance,both,0.75,0.5,0.7,neutral,10,a0.5_d0.9,0.9,lifetime,lifetime,256,256,0.0,0.0,0.01478385642587143,17.42578125,0.7385626052483095,2.40234375,0.12109375,0.08663517067416432,0.1667557205235664,0.1328125,0.09662155083903351,0.17986034372371584,0.74609375,0.6894097171973202,0.7955013534680712,0.0,0.0,0.01478385642587143,-0.0019785748549466797,0.0011428208703507482,34,191,31,0.12109375,0.08663517067416432,0.1667557205235664,0.13671875,0.09997371828318014,0.1842051774012421,0.7421875,0.6853000003835401,0.7919140691601785,0.0,0.0,0.01478385642587143,-0.0003020593080805133,0.0011579617368028816,35,190,31
assurance,both,0.75,0.5,0.7,neutral,40,a0.5_d0.0,0.0,lifetime,lifetime,256,256,0.0,0.0,0.01478385642587143,48.0,0.0,1.2353515625,0.2734375,0.22248853918114145,0.33108539576183155,0.234375,0.1866465082202543,0.2899574155059899,0.4921875,0.43151586938966136,0.5530901283669929,0.0,0.0,0.01478385642587143,0.0009394523133637966,0.001973937530996475,60,126,70,0.30078125,0.24788835618653265,0.35956458660815055,0.23046875,0.183093576056734,0.28581334654783735,0.46875,0.4085346505933857,0.5298893404332313,0.0,0.0,0.01478385642587143,0.0024334434191122375,0.0018967266654595523,59,120,77
assurance,both,0.75,0.5,0.7,neutral,40,a0.5_d0.5,0.5,lifetime,lifetime,256,256,0.0,0.0,0.01478385642587143,47.8828125,0.04958225844320155,1.2353515625,0.25390625,0.20449864653192884,0.31059028280267975,0.2265625,0.1795467073799799,0.28166321410291856,0.51953125,0.4584937753463775,0.5799912302619868,0.0,0.0,0.01478385642587143,0.00010436282551879632,0.0017805648322789123,58,133,65,0.265625,0.21527669094275786,0.3229032417568694,0.31640625,0.26250760743602425,0.37573333984535046,0.41796875,0.35919855391479266,0.4791644225300769,0.0,0.0,0.01478385642587143,-0.0015450258572704807,0.0019728020607482476,81,107,68
assurance,both,0.75,0.5,0.7,neutral,40,a0.5_d0.9,0.9,lifetime,lifetime,256,33,0.87109375,0.8244958864844745,0.9067192200744492,0.81640625,0.26741921693865256,1.2353515625,0.03515625,0.018604096092635542,0.0654527704282918,0.0546875,0.03285229140400938,0.08968958072528235,0.0390625,0.0213540358427329,0.07039983179986732,0.87109375,0.8244958864844745,0.9067192200744492,-0.009540984893419379,0.009935119344342736,14,10,9,0.0390625,0.0213540358427329,0.07039983179986732,0.0546875,0.03285229140400938,0.08968958072528235,0.03515625,0.018604096092635542,0.0654527704282918,0.87109375,0.8244958864844745,0.9067192200744492,-0.0036202139898373216,0.009555236973552738,14,9,10
assurance,both,0.75,0.5,0.7,neutral,50,a0.5_d0.0,0.0,lifetime,lifetime,256,256,0.0,0.0,0.01478385642587143,48.0,0.0,1.127578125,0.30859375,0.2551887425019035,0.36765820253612547,0.26953125,0.2188800151092185,0.3269969187120816,0.421875,0.36297114591343,0.4830888316531124,0.0,0.0,0.01478385642587143,0.0013361017040656878,0.002138113292597618,69,108,79,0.32421875,0.2698445830530154,0.38379036647170506,0.25390625,0.20449864653192884,0.31059028280267975,0.421875,0.36297114591343,0.4830888316531124,0.0,0.0,0.01478385642587143,0.0032293412849379553,0.0020880488157520014,65,108,83
assurance,both,0.75,0.5,0.7,neutral,50,a0.5_d0.5,0.5,lifetime,lifetime,256,256,0.0,0.0,0.01478385642587143,47.9765625,0.019903018156555957,1.127578125,0.25390625,0.20449864653192884,0.31059028280267975,0.3046875,0.25153621542356636,0.36361372849278967,0.44140625,0.38189072167350635,0.5026542615014005,0.0,0.0,0.01478385642587143,-0.00043963198641017035,0.0020199596877124772,78,113,65,0.2734375,0.22248853918114145,0.33108539576183155,0.34765625,0.29196088318828545,0.40785607306647226,0.37890625,0.32168476294187087,0.43970820228626983,0.0,0.0,0.01478385642587143,-0.0029663829631059926,0.0021619634928865057,89,97,70
assurance,both,0.75,0.5,0.7,neutral,50,a0.5_d0.9,0.9,lifetime,lifetime,256,11,0.95703125,0.9247089445363343,0.9758401866993924,0.29296875,0.1802532321270517,1.127578125,0.01171875,0.003993287123007758,0.033881572667882304,0.01953125,0.008370729784579391,0.04489813224965644,0.01171875,0.003993287123007758,0.033881572667882304,0.95703125,0.9247089445363343,0.9758401866993924,-0.002588818904048808,0.01193271709196465,5,3,3,0.0078125,0.002145090367681419,0.028032768301535768,0.0234375,0.010784867555857603,0.0501809956000511,0.01171875,0.003993287123007758,0.033881572667882304,0.95703125,0.9247089445363343,0.9758401866993924,-0.02160928485885024,0.014187244431917033,6,3,2
assurance,both,0.75,0.5,0.7,neutral,100,a0.5_d0.0,0.0,lifetime,lifetime,256,256,0.0,0.0,0.01478385642587143,48.0,0.0,0.9062109375,0.35546875,0.29936712788953435,0.4158438306085691,0.31640625,0.26250760743602425,0.37573333984535046,0.328125,0.2735197547273731,0.38781219591902016,0.0,0.0,0.01478385642587143,0.002057626533116067,0.002707115151664762,81,84,91,0.36328125,0.3067900082905613,0.4238149524508879,0.3046875,0.25153621542356636,0.36361372849278967,0.33203125,0.2771993280647148,0.3918296237033514,0.0,0.0,0.01478385642587143,0.001972465465436694,0.0025455075951166754,78,85,93
assurance,both,0.75,0.5,0.7,neutral,100,a0.5_d0.5,0.5,lifetime,lifetime,256,256,0.0,0.0,0.01478385642587143,47.9296875,0.02497988621017977,0.9062109375,0.3359375,0.280883264256863,0.395842688632876,0.3828125,0.3254185065983358,0.4436714597514778,0.28125,0.2297209150846507,0.33924702210166807,0.0,0.0,0.01478385642587143,-0.0017793766280867107,0.002706495687398808,98,72,86,0.2734375,0.22248853918114145,0.33108539576183155,0.390625,0.33289789371255574,0.45158607488060365,0.3359375,0.280883264256863,0.395842688632876,0.0,0.0,0.01478385642587143,-0.004936424295190929,0.002750378501768183,100,86,70
assurance,both,0.75,0.5,0.7,neutral,100,a0.5_d0.9,0.9,lifetime,lifetime,256,0,1.0,0.9852161435741286,1.0,0.0,0.0,0.9062109375,0.0,0.0,0.01478385642587143,0.0,0.0,0.01478385642587143,0.0,0.0,0.01478385642587143,1.0,0.9852161435741286,1.0,,,0,0,0,0.0,0.0,0.01478385642587143,0.0,0.0,0.01478385642587143,0.0,0.0,0.01478385642587143,1.0,0.9852161435741286,1.0,,,0,0,0
assurance,both,0.75,0.5,0.7,neutral,200,a0.5_d0.0,0.0,lifetime,lifetime,256,256,0.0,0.0,0.01478385642587143,48.0,0.0,0.78705078125,0.34375,0.28826407712322777,0.403855878009857,0.390625,0.33289789371255574,0.45158607488060365,0.265625,0.21527669094275786,0.3229032417568694,0.0,0.0,0.01478385642587143,0.00024356800149564388,0.0032177006580675943,100,68,88,0.3984375,0.3403930035879241,0.459484967248581,0.37109375,0.3142292916101357,0.43176967137465927,0.23046875,0.183093576056734,0.28581334654783735,0.0,0.0,0.01478385642587143,0.00150360249513668,0.0032040843864853644,95,59,102
assurance,both,0.75,0.5,0.7,neutral,200,a0.5_d0.5,0.5,lifetime,lifetime,256,256,0.0,0.0,0.01478385642587143,47.94921875,0.023593993473617143,0.78705078125,0.33984375,0.28457152593543,0.39985142807598195,0.421875,0.36297114591343,0.4830888316531124,0.23828125,0.1902054003663705,0.2940955244815466,0.0,0.0,0.01478385642587143,-0.0043647320689362435,0.003363682435101085,108,61,87,0.34765625,0.29196088318828545,0.40785607306647226,0.41015625,0.3516648037328092,0.47130417046871464,0.2421875,0.19377015335079256,0.2982277726187974,0.0,0.0,0.01478385642587143,-0.004198256176986761,0.003397208244334102,105,62,89
assurance,both,0.75,0.5,0.7,neutral,200,a0.5_d0.9,0.9,lifetime,lifetime,256,0,1.0,0.9852161435741286,1.0,0.0,0.0,0.78705078125,0.0,0.0,0.01478385642587143,0.0,0.0,0.01478385642587143,0.0,0.0,0.01478385642587143,1.0,0.9852161435741286,1.0,,,0,0,0,0.0,0.0,0.01478385642587143,0.0,0.0,0.01478385642587143,0.0,0.0,0.01478385642587143,1.0,0.9852161435741286,1.0,,,0,0,0
assurance,both,0.75,0.5,0.7,neutral,400,a0.5_d0.0,0.0,lifetime,lifetime,256,256,0.0,0.0,0.01478385642587143,48.0,0.0,0.7280957031249999,0.359375,0.30307650360756977,0.4198314560122066,0.3828125,0.3254185065983358,0.4436714597514778,0.2578125,0.20808593083982155,0.31469999961646,0.0,0.0,0.01478385642587143,3.5899998771949954e-05,0.0034468991511394536,98,66,92,0.4140625,0.3554297681158383,0.4752362072073583,0.375,0.31795501653541774,0.43574094757105014,0.2109375,0.16542210475657976,0.26499981223962715,0.0,0.0,0.01478385642587143,0.001884559547677384,0.003443942061507969,96,54,106
assurance,both,0.75,0.5,0.7,neutral,400,a0.5_d0.5,0.5,lifetime,lifetime,256,256,0.0,0.0,0.01478385642587143,47.88671875,0.03868923994907382,0.7280957031249999,0.37109375,0.3142292916101357,0.43176967137465927,0.421875,0.36297114591343,0.4830888316531124,0.20703125,0.16190727728556475,0.2608176385889693,0.0,0.0,0.01478385642587143,-0.0031858572363248805,0.0036548351852179676,108,53,95,0.36328125,0.3067900082905613,0.4238149524508879,0.45703125,0.3970936285540288,0.5182393591075696,0.1796875,0.13750213221413665,0.23134377580868726,0.0,0.0,0.01478385642587143,-0.0046340222566360325,0.003713887369406951,117,46,93
assurance,both,0.75,0.5,0.7,neutral,400,a0.5_d0.9,0.9,lifetime,lifetime,256,0,1.0,0.9852161435741286,1.0,0.0,0.0,0.7280957031249999,0.0,0.0,0.01478385642587143,0.0,0.0,0.01478385642587143,0.0,0.0,0.01478385642587143,1.0,0.9852161435741286,1.0,,,0,0,0,0.0,0.0,0.01478385642587143,0.0,0.0,0.01478385642587143,0.0,0.0,0.01478385642587143,1.0,0.9852161435741286,1.0,,,0,0,0
assurance,both,0.75,0.5,0.7,selected,10,a0.5_d0.0,0.0,lifetime,lifetime,256,256,0.0,0.0,0.01478385642587143,48.0,0.0,2.40234375,0.0859375,0.05743557903626671,0.12668230206640807,0.09765625,0.06702402222215342,0.14018486224554,0.81640625,0.7644232596319748,0.8590338312235285,0.0,0.0,0.01478385642587143,4.877434838513207e-06,0.0008931486785334982,25,209,22,0.0625,0.03883364112851165,0.09910223324412587,0.09375,0.0638098481830768,0.13570203516294374,0.84375,0.7942285422215228,0.8831075564856906,0.0,0.0,0.01478385642587143,-0.002292692834963579,0.000910205758158759,24,216,16
assurance,both,0.75,0.5,0.7,selected,10,a0.5_d0.5,0.5,lifetime,lifetime,256,256,0.0,0.0,0.01478385642587143,47.95703125,0.025523724951229777,2.40234375,0.0859375,0.05743557903626671,0.12668230206640807,0.10546875,0.07350191137657121,0.14910097533446798,0.80859375,0.7559804291899548,0.8520826594222026,0.0,0.0,0.01478385642587143,-0.00036929963647667477,0.0009239911870569732,27,207,22,0.0625,0.03883364112851165,0.09910223324412587,0.10546875,0.07350191137657121,0.14910097533446798,0.83203125,0.7814036577580846,0.8728414375841101,0.0,0.0,0.01478385642587143,-0.0022034022303450544,0.0008847358461517009,27,213,16
assurance,both,0.75,0.5,0.7,selected,10,a0.5_d0.9,0.9,lifetime,lifetime,256,256,0.0,0.0,0.01478385642587143,17.94921875,0.7637660239059677,2.40234375,0.1171875,0.08333128838163656,0.16236260169442127,0.16015625,0.12030547683153675,0.21005542558292273,0.72265625,0.6648312584464792,0.7738978054888749,0.0,0.0,0.01478385642587143,-0.002103454593674384,0.001154516575665704,41,185,30,0.11328125,0.0800407222974869,0.15795616665689804,0.125,0.08995183318684266,0.17113605913256094,0.76171875,0.7059044755184534,0.8097945996336295,0.0,0.0,0.01478385642587143,-0.00028466943091633255,0.0011028364049303703,32,195,29
assurance,both,0.75,0.5,0.7,selected,40,a0.5_d0.0,0.0,lifetime,lifetime,256,256,0.0,0.0,0.01478385642587143,48.0,0.0,1.2353515625,0.265625,0.21527669094275786,0.3229032417568694,0.2734375,0.22248853918114145,0.33108539576183155,0.4609375,0.40090361566150806,0.5221263731217632,0.0,0.0,0.01478385642587143,0.0003555201716833084,0.001954877809733896,70,118,68,0.1796875,0.13750213221413665,0.23134377580868726,0.4140625,0.3554297681158383,0.4752362072073583,0.40625,0.34790367679855766,0.4673682962812932,0.0,0.0,0.01478385642587143,-0.010828402823254599,0.0018607897057955091,106,104,46
assurance,both,0.75,0.5,0.7,selected,40,a0.5_d0.5,0.5,lifetime,lifetime,256,256,0.0,0.0,0.01478385642587143,47.94921875,0.024858620996286374,1.2353515625,0.25,0.20091686568173925,0.3064750625311965,0.2890625,0.2369733003711826,0.34738863905848194,0.4609375,0.40090361566150806,0.5221263731217632,0.0,0.0,0.01478385642587143,-0.0019213729745057792,0.0018631465618712964,74,118,64,0.15234375,0.11348877125313496,0.20147812891797878,0.4140625,0.3554297681158383,0.4752362072073583,0.43359375,0.37431161888417475,0.4948393620473863,0.0,0.0,0.01478385642587143,-0.010606608136739745,0.0017212087257016972,106,111,39
assurance,both,0.75,0.5,0.7,selected,40,a0.5_d0.9,0.9,lifetime,lifetime,256,33,0.87109375,0.8244958864844745,0.9067192200744492,1.265625,0.3786978119581136,1.2353515625,0.04296875,0.024159813300607562,0.07529105546366555,0.06640625,0.04187072285916844,0.10376215263514196,0.01953125,0.008370729784579391,0.04489813224965644,0.87109375,0.8244958864844745,0.9067192200744492,-0.008163067551670095,0.007607507281888912,17,5,11,0.0390625,0.0213540358427329,0.07039983179986732,0.04296875,0.024159813300607562,0.07529105546366555,0.046875,0.027014851001628076,0.0801330188843179,0.87109375,0.8244958864844745,0.9067192200744492,-0.0031298124546349166,0.008610707984919157,11,12,10
assurance,both,0.75,0.5,0.7,selected,50,a0.5_d0.0,0.0,lifetime,lifetime,256,256,0.0,0.0,0.01478385642587143,48.0,0.0,1.127578125,0.26953125,0.2188800151092185,0.3269969187120816,0.30078125,0.24788835618653265,0.35956458660815055,0.4296875,0.37052769163836163,0.4909262881715265,0.0,0.0,0.01478385642587143,-0.0010142915407128253,0.0021821555914971124,77,110,69,0.1796875,0.13750213221413665,0.23134377580868726,0.453125,0.3932873375109957,0.5143486490289297,0.3671875,0.3105076134241139,0.4277943484390082,0.0,0.0,0.01478385642587143,-0.013707631810521308,0.0020482251594026073,116,94,46
assurance,both,0.75,0.5,0.7,selected,50,a0.5_d0.5,0.5,lifetime,lifetime,256,256,0.0,0.0,0.01478385642587143,47.92578125,0.03983533888536057,1.127578125,0.26171875,0.21167863808724405,0.31880429349071027,0.30859375,0.2551887425019035,0.36765820253612547,0.4296875,0.37052769163836163,0.4909262881715265,0.0,0.0,0.01478385642587143,-0.0021216028925960828,0.0020374831761083585,79,110,67,0.1484375,0.1100947469586396,0.19717515209080125,0.45703125,0.3970936285540288,0.5182393591075696,0.39453125,0.33664349360941154,0.45553747610542067,0.0,0.0,0.01478385642587143,-0.014014489564154116,0.0019367202856458955,117,101,38
assurance,both,0.75,0.5,0.7,selected,50,a0.5_d0.9,0.9,lifetime,lifetime,256,16,0.9375,0.9008977667558741,0.9611663588714884,0.37890625,0.18442104749634933,1.127578125,0.01953125,0.008370729784579391,0.04489813224965644,0.03515625,0.018604096092635542,0.0654527704282918,0.0078125,0.002145090367681419,0.028032768301535768,0.9375,0.9008977667558741,0.9611663588714884,-0.013448235083216874,0.012505374791353241,9,2,5,0.03125,0.015918258891511296,0.06044160650774316,0.015625,0.006092598203366294,0.039479262709196654,0.015625,0.006092598203366294,0.039479262709196654,0.9375,0.9008977667558741,0.9611663588714884,0.014409065185478062,0.01374581911260329,4,4,8
assurance,both,0.75,0.5,0.7,selected,100,a0.5_d0.0,0.0,lifetime,lifetime,256,256,0.0,0.0,0.01478385642587143,48.0,0.0,0.9062109375,0.38671875,0.3291562242738866,0.4476307431975999,0.3203125,0.26617385334096993,0.3797640950620776,0.29296875,0.240606845197983,0.3514520953533543,0.0,0.0,0.01478385642587143,0.001283111138180821,0.0029065593894913437,82,75,99,0.17578125,0.13404604842154846,0.22710285847960257,0.59375,0.5326317037187067,0.6520963232014423,0.23046875,0.183093576056734,0.28581334654783735,0.0,0.0,0.01478385642587143,-0.02596545345433788,0.0026463362426754284,152,59,45
assurance,both,0.75,0.5,0.7,selected,100,a0.5_d0.5,0.5,lifetime,lifetime,256,256,0.0,0.0,0.01478385642587143,47.94140625,0.025401522454059102,0.9062109375,0.3046875,0.25153621542356636,0.36361372849278967,0.35546875,0.29936712788953435,0.4158438306085691,0.33984375,0.28457152593543,0.39985142807598195,0.0,0.0,0.01478385642587143,-0.0019149690457599244,0.002709864924503728,91,87,78,0.140625,0.10333688392273097,0.18853901288336414,0.546875,0.4856513509710702,0.6067126624890042,0.3125,0.2588458887858718,0.37169805737383,0.0,0.0,0.01478385642587143,-0.02263788681988925,0.0024882991365753446,140,80,36
assurance,both,0.75,0.5,0.7,selected,100,a0.5_d0.9,0.9,lifetime,lifetime,256,1,0.99609375,0.9782090246194175,0.9993101178330381,0.00390625,0.00390625,0.9062109375,0.00390625,0.0006898821669617927,0.021790975380582514,0.0,0.0,0.01478385642587143,0.0,0.0,0.01478385642587143,0.99609375,0.9782090246194175,0.9993101178330381,0.05465519129677354,,0,0,1,0.00390625,0.0006898821669617927,0.021790975380582514,0.0,0.0,0.01478385642587143,0.0,0.0,0.01478385642587143,0.99609375,0.9782090246194175,0.9993101178330381,0.06392336674704424,,0,0,1
assurance,both,0.75,0.5,0.7,selected,200,a0.5_d0.0,0.0,lifetime,lifetime,256,256,0.0,0.0,0.01478385642587143,48.0,0.0,0.78705078125,0.36328125,0.3067900082905613,0.4238149524508879,0.36328125,0.3067900082905613,0.4238149524508879,0.2734375,0.22248853918114145,0.33108539576183155,0.0,0.0,0.01478385642587143,0.00013948150022497679,0.0033070282043361787,93,70,93,0.17578125,0.13404604842154846,0.22710285847960257,0.625,0.5642590524289499,0.6820449834645823,0.19921875,0.15489813913670408,0.2524327744944842,0.0,0.0,0.01478385642587143,-0.032826876135374855,0.0029831203626732067,160,51,45
assurance,both,0.75,0.5,0.7,selected,200,a0.5_d0.5,0.5,lifetime,lifetime,256,256,0.0,0.0,0.01478385642587143,47.953125,0.021944916278951627,0.78705078125,0.3359375,0.280883264256863,0.395842688632876,0.38671875,0.3291562242738866,0.4476307431975999,0.27734375,0.22610219451112512,0.3351687415535207,0.0,0.0,0.01478385642587143,-0.0030925805086299885,0.0032657846977632173,99,71,86,0.13671875,0.09997371828318014,0.1842051774012421,0.6484375,0.5881479534238914,0.704338089199678,0.21484375,0.16894358808976334,0.26917533002811644,0.0,0.0,0.01478385642587143,-0.03286156488789527,0.00291569950606582,166,55,35
assurance,both,0.75,0.5,0.7,selected,200,a0.5_d0.9,0.9,lifetime,lifetime,256,0,1.0,0.9852161435741286,1.0,0.0,0.0,0.78705078125,0.0,0.0,0.01478385642587143,0.0,0.0,0.01478385642587143,0.0,0.0,0.01478385642587143,1.0,0.9852161435741286,1.0,,,0,0,0,0.0,0.0,0.01478385642587143,0.0,0.0,0.01478385642587143,0.0,0.0,0.01478385642587143,1.0,0.9852161435741286,1.0,,,0,0,0
assurance,both,0.75,0.5,0.7,selected,400,a0.5_d0.0,0.0,lifetime,lifetime,256,256,0.0,0.0,0.01478385642587143,48.0,0.0,0.7280957031249999,0.36328125,0.3067900082905613,0.4238149524508879,0.390625,0.33289789371255574,0.45158607488060365,0.24609375,0.19734067215723067,0.3023542549340322,0.0,0.0,0.01478385642587143,-0.0024803722199499743,0.003587008582629993,100,63,93,0.17578125,0.13404604842154846,0.22710285847960257,0.66796875,0.6081703762966486,0.7228006719352853,0.15625,0.11689244351430939,0.20577145777847722,0.0,0.0,0.01478385642587143,-0.03584150247404458,0.003154193797240364,171,40,45
assurance,both,0.75,0.5,0.7,selected,400,a0.5_d0.5,0.5,lifetime,lifetime,256,256,0.0,0.0,0.01478385642587143,47.9296875,0.03149034413748219,0.7280957031249999,0.36328125,0.3067900082905613,0.4238149524508879,0.38671875,0.3291562242738866,0.4476307431975999,0.25,0.20091686568173925,0.3064750625311965,0.0,0.0,0.01478385642587143,-0.002411973041239549,0.0034333315207122975,99,64,93,0.1328125,0.09662155083903351,0.17986034372371584,0.6796875,0.6202359049379224,0.73382614665903,0.1875,0.14443796573655726,0.2398019445296124,0.0,0.0,0.01478385642587143,-0.0369965358322041,0.0030477591177921984,174,48,34
assurance,both,0.75,0.5,0.7,selected,400,a0.5_d0.9,0.9,lifetime,lifetime,256,0,1.0,0.9852161435741286,1.0,0.0,0.0,0.7280957031249999,0.0,0.0,0.01478385642587143,0.0,0.0,0.01478385642587143,0.0,0.0,0.01478385642587143,1.0,0.9852161435741286,1.0,,,0,0,0,0.0,0.0,0.01478385642587143,0.0,0.0,0.01478385642587143,0.0,0.0,0.01478385642587143,1.0,0.9852161435741286,1.0,,,0,0,0
assurance,mainland,0.0,0.1,0.3,neutral,10,a0.1_d0.0,0.0,lifetime,lifetime,256,256,0.0,0.0,0.01478385642587143,47.109375,0.32058027723865323,8.490234375,0.1796875,0.13750213221413665,0.23134377580868726,0.17578125,0.13404604842154846,0.22710285847960257,0.64453125,0.5841561693914309,0.7006328721104657,0.0,0.0,0.01478385642587143,0.00031686125919874015,0.0012467195236779162,45,165,46,0.15234375,0.11348877125313496,0.20147812891797878,0.15625,0.11689244351430939,0.20577145777847722,0.69140625,0.6323417974638745,0.7448112574980965,0.0,0.0,0.01478385642587143,0.0005093728304473796,0.0012425753431061328,40,177,39
assurance,mainland,0.0,0.1,0.3,neutral,10,a0.1_d0.5,0.5,lifetime,lifetime,256,249,0.02734375,0.013307156355121155,0.05535570792246043,44.86328125,0.7004486355981904,8.490234375,0.1328125,0.09662155083903351,0.17986034372371584,0.12109375,0.08663517067416432,0.1667557205235664,0.71875,0.6607529778983319,0.7702790849153494,0.02734375,0.013307156355121155,0.05535570792246043,0.00045776222755218403,0.00125164123446793,31,184,34,0.1484375,0.1100947469586396,0.19717515209080125,0.11328125,0.0800407222974869,0.15795616665689804,0.7109375,0.6526113609415182,0.7630266996288174,0.02734375,0.013307156355121155,0.05535570792246043,0.0013461139290602538,0.0012624572497618688,29,182,38
assurance,mainland,0.0,0.1,0.3,neutral,10,a0.1_d0.9,0.9,lifetime,lifetime,256,235,0.08203125,0.05427759190690546,0.12214328807409647,42.36328125,0.9322090472517595,8.490234375,0.1171875,0.08333128838163656,0.16236260169442127,0.12890625,0.09328077992555084,0.17550411351552564,0.671875,0.6121878040809798,0.7264802452726269,0.08203125,0.05427759190690546,0.12214328807409647,-0.0006039344985019091,0.0011781033577698205,33,172,30,0.08203125,0.05427759190690546,0.12214328807409647,0.12890625,0.09328077992555084,0.17550411351552564,0.70703125,0.6485479046466456,0.759393154802017,0.08203125,0.05427759190690546,0.12214328807409647,-0.0019114321120139875,0.0011226747632236771,33,181,21
assurance,mainland,0.0,0.1,0.3,neutral,40,a0.1_d0.0,0.0,lifetime,lifetime,256,234,0.0859375,0.05743557903626671,0.12668230206640807,42.625,0.92263542499244,7.18935546875,0.30078125,0.24788835618653265,0.35956458660815055,0.2265625,0.1795467073799799,0.28166321410291856,0.38671875,0.3291562242738866,0.4476307431975999,0.0859375,0.05743557903626671,0.12668230206640807,0.004281230034443101,0.0023024153784533758,58,99,77,0.26171875,0.21167863808724405,0.31880429349071027,0.2578125,0.20808593083982155,0.31469999961646,0.39453125,0.33664349360941154,0.45553747610542067,0.0859375,0.05743557903626671,0.12668230206640807,-0.0005596858679543674,0.0022174779314233814,66,101,67
assurance,mainland,0.0,0.1,0.3,neutral,40,a0.1_d0.5,0.5,lifetime,lifetime,256,201,0.21484375,0.16894358808976334,0.26917533002811644,37.13671875,1.2425773171720873,7.18935546875,0.20703125,0.16190727728556475,0.2608176385889693,0.19140625,0.14791734057779737,0.24401957081004516,0.38671875,0.3291562242738866,0.4476307431975999,0.21484375,0.16894358808976334,0.26917533002811644,8.674111297073246e-06,0.0021642978209116446,49,99,53,0.24609375,0.19734067215723067,0.3023542549340322,0.2109375,0.16542210475657976,0.26499981223962715,0.328125,0.2735197547273731,0.38781219591902016,0.21484375,0.16894358808976334,0.26917533002811644,0.001856211363845877,0.002349002645371382,54,84,63
assurance,mainland,0.0,0.1,0.3,neutral,40,a0.1_d0.9,0.9,lifetime,lifetime,256,172,0.328125,0.2735197547273731,0.38781219591902016,31.421875,1.4150930427171808,7.18935546875,0.203125,0.15839924133131683,0.25662867342154433,0.20703125,0.16190727728556475,0.2608176385889693,0.26171875,0.21167863808724405,0.31880429349071027,0.328125,0.2735197547273731,0.38781219591902016,3.0381334966017967e-06,0.0025988777186354427,53,67,52,0.12109375,0.08663517067416432,0.1667557205235664,0.265625,0.21527669094275786,0.3229032417568694,0.28515625,0.23334463740263667,0.3433203009053549,0.328125,0.2735197547273731,0.38781219591902016,-0.009868207263053432,0.0024055783969664114,68,73,31
assurance,mainland,0.0,0.1,0.3,neutral,50,a0.1_d0.0,0.0,lifetime,lifetime,256,231,0.09765625,0.06702402222215342,0.14018486224554,42.43359375,0.9376296568328009,7.036875,0.34765625,0.29196088318828545,0.40785607306647226,0.2578125,0.20808593083982155,0.31469999961646,0.296875,0.24424521529493903,0.35551072637807124,0.09765625,0.06702402222215342,0.14018486224554,0.0049224950909093216,0.002470995326104803,66,76,89,0.25,0.20091686568173925,0.3064750625311965,0.26953125,0.2188800151092185,0.3269969187120816,0.3828125,0.3254185065983358,0.4436714597514778,0.09765625,0.06702402222215342,0.14018486224554,0.0003841133315680643,0.0023944243991345805,69,98,64
assurance,mainland,0.0,0.1,0.3,neutral,50,a0.1_d0.5,0.5,lifetime,lifetime,256,192,0.25,0.20091686568173925,0.3064750625311965,35.546875,1.3077437016305649,7.036875,0.22265625,0.17600601030365376,0.27750691005757183,0.2421875,0.19377015335079256,0.2982277726187974,0.28515625,0.23334463740263667,0.3433203009053549,0.25,0.20091686568173925,0.3064750625311965,-0.000979173868751676,0.0024795224830328833,62,73,57,0.25390625,0.20449864653192884,0.31059028280267975,0.2109375,0.16542210475657976,0.26499981223962715,0.28515625,0.23334463740263667,0.3433203009053549,0.25,0.20091686568173925,0.3064750625311965,0.001408388666365279,0.002543141698329849,54,73,65
assurance,mainland,0.0,0.1,0.3,neutral,50,a0.1_d0.9,0.9,lifetime,lifetime,256,157,0.38671875,0.3291562242738866,0.4476307431975999,29.2265625,1.463960742848772,7.036875,0.1796875,0.13750213221413665,0.23134377580868726,0.19140625,0.14791734057779737,0.24401957081004516,0.2421875,0.19377015335079256,0.2982277726187974,0.38671875,0.3291562242738866,0.4476307431975999,-0.0013078305161271877,0.0030190864071264092,49,62,46,0.15234375,0.11348877125313496,0.20147812891797878,0.2734375,0.22248853918114145,0.33108539576183155,0.1875,0.14443796573655726,0.2398019445296124,0.38671875,0.3291562242738866,0.4476307431975999,-0.010586081819687206,0.0029092234065293127,70,48,39
assurance,mainland,0.0,0.1,0.3,neutral,100,a0.1_d0.0,0.0,lifetime,lifetime,256,216,0.15625,0.11689244351430939,0.20577145777847722,39.33984375,1.1168785941282542,6.67265625,0.33984375,0.28457152593543,0.39985142807598195,0.30078125,0.24788835618653265,0.35956458660815055,0.203125,0.15839924133131683,0.25662867342154433,0.15625,0.11689244351430939,0.20577145777847722,0.0030594490285255896,0.003170342634415333,77,52,87,0.2578125,0.20808593083982155,0.31469999961646,0.31640625,0.26250760743602425,0.37573333984535046,0.26953125,0.2188800151092185,0.3269969187120816,0.15625,0.11689244351430939,0.20577145777847722,-0.0030050875545501567,0.003208469447196122,81,69,66
assurance,mainland,0.0,0.1,0.3,neutral,100,a0.1_d0.5,0.5,lifetime,lifetime,256,143,0.44140625,0.38189072167350635,0.5026542615014005,26.1875,1.4813743535954023,6.67265625,0.17578125,0.13404604842154846,0.22710285847960257,0.23046875,0.183093576056734,0.28581334654783735,0.15234375,0.11348877125313496,0.20147812891797878,0.44140625,0.38189072167350635,0.5026542615014005,-0.0033684845667884982,0.0036492582678217095,59,39,45,0.21484375,0.16894358808976334,0.26917533002811644,0.19140625,0.14791734057779737,0.24401957081004516,0.15234375,0.11348877125313496,0.20147812891797878,0.44140625,0.38189072167350635,0.5026542615014005,0.004510393143186963,0.003830761050696073,49,39,55
assurance,mainland,0.0,0.1,0.3,neutral,100,a0.1_d0.9,0.9,lifetime,lifetime,256,103,0.59765625,0.5365714322203831,0.655853595821439,18.55859375,1.4526383255958941,6.67265625,0.15234375,0.11348877125313496,0.20147812891797878,0.1640625,0.12372760124959209,0.21433030228654026,0.0859375,0.05743557903626671,0.12668230206640807,0.59765625,0.5365714322203831,0.655853595821439,0.0005808427620137015,0.004544356302587935,42,22,39,0.09765625,0.06702402222215342,0.14018486224554,0.1875,0.14443796573655726,0.2398019445296124,0.1171875,0.08333128838163656,0.16236260169442127,0.59765625,0.5365714322203831,0.655853595821439,-0.013693820757693853,0.004387571863472789,48,30,25
assurance,mainland,0.0,0.1,0.3,neutral,200,a0.1_d0.0,0.0,lifetime,lifetime,256,159,0.37890625,0.32168476294187087,0.43970820228626983,28.4140625,1.4539189633351184,6.3741796875,0.2265625,0.1795467073799799,0.28166321410291856,0.24609375,0.19734067215723067,0.3023542549340322,0.1484375,0.1100947469586396,0.19717515209080125,0.37890625,0.32168476294187087,0.43970820228626983,-0.001099292117287022,0.004067663500572615,63,38,58,0.21484375,0.16894358808976334,0.26917533002811644,0.21875,0.1724715978199255,0.27334432141962717,0.1875,0.14443796573655726,0.2398019445296124,0.37890625,0.32168476294187087,0.43970820228626983,-0.0009376123301159087,0.003992406641367025,56,48,55
assurance,mainland,0.0,0.1,0.3,neutral,200,a0.1_d0.5,0.5,lifetime,lifetime,256,63,0.75390625,0.6976457450659678,0.8026593278427693,11.67578125,1.2869423992658076,6.3741796875,0.08984375,0.06061336726621258,0.1312015149581351,0.0859375,0.05743557903626671,0.12668230206640807,0.0703125,0.04493554746197091,0.10839432915401236,0.75390625,0.6976457450659678,0.8026593278427693,0.0027562672363676773,0.006606658353238871,22,18,23,0.0859375,0.05743557903626671,0.12668230206640807,0.1015625,0.07025498422463894,0.14465090136472736,0.05859375,0.03582660763317509,0.09441226561778955,0.75390625,0.6976457450659678,0.8026593278427693,-0.0008506922309150291,0.007224125394201127,26,15,22
assurance,mainland,0.0,0.1,0.3,neutral,200,a0.1_d0.9,0.9,lifetime,lifetime,256,40,0.84375,0.7942285422215228,0.8831075564856906,7.39453125,1.0811097490909531,6.3741796875,0.06640625,0.04187072285916844,0.10376215263514196,0.0625,0.03883364112851165,0.09910223324412587,0.02734375,0.013307156355121155,0.05535570792246043,0.84375,0.7942285422215228,0.8831075564856906,0.0025918492456519504,0.009916770470008579,16,7,17,0.04296875,0.024159813300607562,0.07529105546366555,0.0859375,0.05743557903626671,0.12668230206640807,0.02734375,0.013307156355121155,0.05535570792246043,0.84375,0.7942285422215228,0.8831075564856906,-0.010593237833359474,0.008037896542657982,22,7,11
assurance,mainland,0.0,0.1,0.3,neutral,400,a0.1_d0.0,0.0,lifetime,lifetime,256,89,0.65234375,0.5921439269335277,0.7080391168117145,15.78125,1.3983081842663565,6.144931640625,0.13671875,0.09997371828318014,0.1842051774012421,0.14453125,0.10671067600593546,0.1928622219218325,0.06640625,0.04187072285916844,0.10376215263514196,0.65234375,0.5921439269335277,0.7080391168117145,0.002621526592250335,0.006052451017360284,37,17,35,0.11328125,0.0800407222974869,0.15795616665689804,0.1328125,0.09662155083903351,0.17986034372371584,0.1015625,0.07025498422463894,0.14465090136472736,0.65234375,0.5921439269335277,0.7080391168117145,-0.0017212428301626645,0.005619186512498883,34,26,29
assurance,mainland,0.0,0.1,0.3,neutral,400,a0.1_d0.5,0.5,lifetime,lifetime,256,18,0.9296875,0.8916056708459876,0.9550644525380292,3.359375,0.7651146258077937,6.144931640625,0.03515625,0.018604096092635542,0.0654527704282918,0.01953125,0.008370729784579391,0.04489813224965644,0.015625,0.006092598203366294,0.039479262709196654,0.9296875,0.8916056708459876,0.9550644525380292,0.008647722301186772,0.01358092557580306,5,4,9,0.03515625,0.018604096092635542,0.0654527704282918,0.03125,0.015918258891511296,0.06044160650774316,0.00390625,0.0006898821669617927,0.021790975380582514,0.9296875,0.8916056708459876,0.9550644525380292,-0.0010251954901864813,0.01662855534103274,8,1,9
assurance,mainland,0.0,0.1,0.3,neutral,400,a0.1_d0.9,0.9,lifetime,lifetime,256,7,0.97265625,0.9446442920775396,0.9866928436448789,1.3125,0.4902074140846193,6.144931640625,0.015625,0.006092598203366294,0.039479262709196654,0.00390625,0.0006898821669617927,0.021790975380582514,0.0078125,0.002145090367681419,0.028032768301535768,0.97265625,0.9446442920775396,0.9866928436448789,0.02376875802165129,0.02555819397242238,1,2,4,0.00390625,0.0006898821669617927,0.021790975380582514,0.01953125,0.008370729784579391,0.04489813224965644,0.00390625,0.0006898821669617927,0.021790975380582514,0.97265625,0.9446442920775396,0.9866928436448789,-0.028850866664995495,0.02467032811299832,5,1,1
assurance,mainland,0.0,0.1,0.3,selected,10,a0.1_d0.0,0.0,lifetime,lifetime,256,256,0.0,0.0,0.01478385642587143,47.6171875,0.18780548541597084,8.490234375,0.28515625,0.23334463740263667,0.3433203009053549,0.2421875,0.19377015335079256,0.2982277726187974,0.47265625,0.4123556863984164,0.5337653057498734,0.0,0.0,0.01478385642587143,0.0005491123662858875,0.001821735162369381,62,121,73,0.3359375,0.280883264256863,0.395842688632876,0.01953125,0.008370729784579391,0.04489813224965644,0.64453125,0.5841561693914309,0.7006328721104657,0.0,0.0,0.01478385642587143,0.013439007686233967,0.001119092536151051,5,165,86
assurance,mainland,0.0,0.1,0.3,selected,10,a0.1_d0.5,0.5,lifetime,lifetime,256,248,0.03125,0.015918258891511296,0.06044160650774316,45.46875,0.6120940781768891,8.490234375,0.2265625,0.1795467073799799,0.28166321410291856,0.27734375,0.22610219451112512,0.3351687415535207,0.46484375,0.4047172917918608,0.5260096981130833,0.03125,0.015918258891511296,0.06044160650774316,-0.0014609229385082302,0.002002658954918048,71,119,58,0.42578125,0.36674752969705376,0.48700944899116155,0.03515625,0.018604096092635542,0.0654527704282918,0.5078125,0.44690987163300716,0.5684841306103388,0.03125,0.015918258891511296,0.06044160650774316,0.0151255617825302,0.0013128660204785893,9,130,109
assurance,mainland,0.0,0.1,0.3,selected,10,a0.1_d0.9,0.9,lifetime,lifetime,256,239,0.06640625,0.04187072285916844,0.10376215263514196,43.2734375,0.8688585185343926,8.490234375,0.26171875,0.21167863808724405,0.31880429349071027,0.26171875,0.21167863808724405,0.31880429349071027,0.41015625,0.3516648037328092,0.47130417046871464,0.06640625,0.04187072285916844,0.10376215263514196,-0.00015095075518287707,0.001988383850116195,67,105,67,0.390625,0.33289789371255574,0.45158607488060365,0.0234375,0.010784867555857603,0.0501809956000511,0.51953125,0.4584937753463775,0.5799912302619868,0.06640625,0.04187072285916844,0.10376215263514196,0.014791243853466416,0.001279586192641463,6,133,100
assurance,mainland,0.0,0.1,0.3,selected,40,a0.1_d0.0,0.0,lifetime,lifetime,256,241,0.05859375,0.03582660763317509,0.09441226561778955,44.25,0.7922340587992722,7.18935546875,0.34375,0.28826407712322777,0.403855878009857,0.37109375,0.3142292916101357,0.43176967137465927,0.2265625,0.1795467073799799,0.28166321410291856,0.05859375,0.03582660763317509,0.09441226561778955,-0.0005198529984843777,0.003506493853234795,95,58,88,0.70703125,0.6485479046466456,0.759393154802017,0.0234375,0.010784867555857603,0.0501809956000511,0.2109375,0.16542210475657976,0.26499981223962715,0.05859375,0.03582660763317509,0.09441226561778955,0.03759816308680345,0.001766649659923686,6,54,181
assurance,mainland,0.0,0.1,0.3,selected,40,a0.1_d0.5,0.5,lifetime,lifetime,256,211,0.17578125,0.13404604842154846,0.22710285847960257,38.9140625,1.1672362232920437,7.18935546875,0.29296875,0.240606845197983,0.3514520953533543,0.3515625,0.295661910800322,0.41185204657610863,0.1796875,0.13750213221413665,0.23134377580868726,0.17578125,0.13404604842154846,0.22710285847960257,-0.0026884051997294635,0.0036074705374438865,90,46,75,0.66015625,0.600148571924018,0.71542847406457,0.0078125,0.002145090367681419,0.028032768301535768,0.15625,0.11689244351430939,0.20577145777847722,0.17578125,0.13404604842154846,0.22710285847960257,0.04062416772050562,0.0017247247347413103,2,40,169
assurance,mainland,0.0,0.1,0.3,selected,40,a0.1_d0.9,0.9,lifetime,lifetime,256,189,0.26171875,0.21167863808724405,0.31880429349071027,35.16015625,1.3257237294274413,7.18935546875,0.28515625,0.23334463740263667,0.3433203009053549,0.2890625,0.2369733003711826,0.34738863905848194,0.1640625,0.12372760124959209,0.21433030228654026,0.26171875,0.21167863808724405,0.31880429349071027,1.7626392174935247e-05,0.0037651283391837956,74,42,73,0.6171875,0.5563285402485222,0.6745814934016642,0.0078125,0.002145090367681419,0.028032768301535768,0.11328125,0.0800407222974869,0.15795616665689804,0.26171875,0.21167863808724405,0.31880429349071027,0.04480828914383062,0.0017437248124328017,2,29,158
assurance,mainland,0.0,0.1,0.3,selected,50,a0.1_d0.0,0.0,lifetime,lifetime,256,236,0.078125,0.05114064056843023,0.11758323829089878,43.875,0.8322726092323545,7.036875,0.33984375,0.28457152593543,0.39985142807598195,0.37890625,0.32168476294187087,0.43970820228626983,0.203125,0.15839924133131683,0.25662867342154433,0.078125,0.05114064056843023,0.11758323829089878,-0.0006990497613556394,0.0037000844402564656,97,52,87,0.70703125,0.6485479046466456,0.759393154802017,0.01953125,0.008370729784579391,0.04489813224965644,0.1953125,0.15140411996625466,0.24822979254326075,0.078125,0.05114064056843023,0.11758323829089878,0.04233025527483137,0.0018719249945941623,5,50,181
assurance,mainland,0.0,0.1,0.3,selected,50,a0.1_d0.5,0.5,lifetime,lifetime,256,204,0.203125,0.15839924133131683,0.25662867342154433,37.8515625,1.2195328642937526,7.036875,0.30859375,0.2551887425019035,0.36765820253612547,0.34375,0.28826407712322777,0.403855878009857,0.14453125,0.10671067600593546,0.1928622219218325,0.203125,0.15839924133131683,0.25662867342154433,-0.001878136967576059,0.003960068368745026,88,37,79,0.66796875,0.6081703762966486,0.7228006719352853,0.00390625,0.0006898821669617927,0.021790975380582514,0.125,0.08995183318684266,0.17113605913256094,0.203125,0.15839924133131683,0.25662867342154433,0.045954450577277484,0.001745360552404694,1,32,171
assurance,mainland,0.0,0.1,0.3,selected,50,a0.1_d0.9,0.9,lifetime,lifetime,256,181,0.29296875,0.240606845197983,0.3514520953533543,33.39453125,1.375318325138532,7.036875,0.29296875,0.240606845197983,0.3514520953533543,0.26171875,0.21167863808724405,0.31880429349071027,0.15234375,0.11348877125313496,0.20147812891797878,0.29296875,0.240606845197983,0.3514520953533543,0.00208758186632861,0.004130498199881106,67,39,75,0.63671875,0.576185047549112,0.6932099917094386,0.0078125,0.002145090367681419,0.028032768301535768,0.0625,0.03883364112851165,0.09910223324412587,0.29296875,0.240606845197983,0.3514520953533543,0.05232194391985253,0.0018635288873811281,2,16,163
assurance,mainland,0.0,0.1,0.3,selected,100,a0.1_d0.0,0.0,lifetime,lifetime,256,219,0.14453125,0.10671067600593546,0.1928622219218325,39.3515625,1.1089704929128403,6.67265625,0.30859375,0.2551887425019035,0.36765820253612547,0.390625,0.33289789371255574,0.45158607488060365,0.15625,0.11689244351430939,0.20577145777847722,0.14453125,0.10671067600593546,0.1928622219218325,-0.005188020482037084,0.004116084216248427,100,40,79,0.73046875,0.6730030812879184,0.7811199848907815,0.01953125,0.008370729784579391,0.04489813224965644,0.10546875,0.07350191137657121,0.14910097533446798,0.14453125,0.10671067600593546,0.1928622219218325,0.05497193291895525,0.0020940915188206424,5,27,187
assurance,mainland,0.0,0.1,0.3,selected,100,a0.1_d0.5,0.5,lifetime,lifetime,256,163,0.36328125,0.3067900082905613,0.4238149524508879,29.76953125,1.4460657110951058,6.67265625,0.25,0.20091686568173925,0.3064750625311965,0.27734375,0.22610219451112512,0.3351687415535207,0.109375,0.07676405306596229,0.15353583476674978,0.36328125,0.3067900082905613,0.4238149524508879,-0.0007806145355059123,0.004818776197910781,71,28,64,0.57421875,0.5129905510088384,0.6332524703029463,0.0,0.0,0.01478385642587143,0.0625,0.03883364112851165,0.09910223324412587,0.36328125,0.3067900082905613,0.4238149524508879,0.05788653705484659,0.0018996717770756529,0,16,147
assurance,mainland,0.0,0.1,0.3,selected,100,a0.1_d0.9,0.9,lifetime,lifetime,256,126,0.5078125,0.44690987163300716,0.5684841306103388,22.71484375,1.4904011891303366,6.67265625,0.19921875,0.15489813913670408,0.2524327744944842,0.1953125,0.15140411996625466,0.24822979254326075,0.09765625,0.06702402222215342,0.14018486224554,0.5078125,0.44690987163300716,0.5684841306103388,0.004817803308761673,0.005282171427414558,50,25,51,0.46875,0.4085346505933857,0.5298893404332313,0.00390625,0.0006898821669617927,0.021790975380582514,0.01953125,0.008370729784579391,0.04489813224965644,0.5078125,0.44690987163300716,0.5684841306103388,0.06471121654575286,0.002176320343174483,1,5,120
assurance,mainland,0.0,0.1,0.3,selected,200,a0.1_d0.0,0.0,lifetime,lifetime,256,156,0.390625,0.33289789371255574,0.45158607488060365,28.50390625,1.4693560811126716,6.3741796875,0.234375,0.1866465082202543,0.2899574155059899,0.27734375,0.22610219451112512,0.3351687415535207,0.09765625,0.06702402222215342,0.14018486224554,0.390625,0.33289789371255574,0.45158607488060365,-0.00356210052730535,0.004989629509195583,71,25,60,0.53125,0.4701106595667687,0.5914653494066143,0.015625,0.006092598203366294,0.039479262709196654,0.0625,0.03883364112851165,0.09910223324412587,0.390625,0.33289789371255574,0.45158607488060365,0.06106787853234535,0.0026756164982653734,4,16,136
assurance,mainland,0.0,0.1,0.3,selected,200,a0.1_d0.5,0.5,lifetime,lifetime,256,75,0.70703125,0.6485479046466456,0.759393154802017,13.9296875,1.3615582640782506,6.3741796875,0.12890625,0.09328077992555084,0.17550411351552564,0.1171875,0.08333128838163656,0.16236260169442127,0.046875,0.027014851001628076,0.0801330188843179,0.70703125,0.6485479046466456,0.759393154802017,0.004055083203281853,0.007436035352649897,30,12,33,0.2890625,0.2369733003711826,0.34738863905848194,0.0,0.0,0.01478385642587143,0.00390625,0.0006898821669617927,0.021790975380582514,0.70703125,0.6485479046466456,0.759393154802017,0.0693187032169686,0.0021857827800903975,0,1,74
assurance,mainland,0.0,0.1,0.3,selected,200,a0.1_d0.9,0.9,lifetime,lifetime,256,47,0.81640625,0.7644232596319748,0.8590338312235285,8.8125,1.1637327429692883,6.3741796875,0.07421875,0.048026107191811204,0.11300077054584494,0.06640625,0.04187072285916844,0.10376215263514196,0.04296875,0.024159813300607562,0.07529105546366555,0.81640625,0.7644232596319748,0.8590338312235285,0.007263138254913511,0.009745506758429388,17,11,19,0.18359375,0.14096616877647156,0.23557674036802523,0.0,0.0,0.01478385642587143,0.0,0.0,0.01478385642587143,0.81640625,0.7644232596319748,0.8590338312235285,0.07522159422945421,0.0030812677611019856,0,0,47
assurance,mainland,0.0,0.1,0.3,selected,400,a0.1_d0.0,0.0,lifetime,lifetime,256,86,0.6640625,0.6041573113671239,0.719116735743137,15.53125,1.4000708468593617,6.144931640625,0.12890625,0.09328077992555084,0.17550411351552564,0.15234375,0.11348877125313496,0.20147812891797878,0.0546875,0.03285229140400938,0.08968958072528235,0.6640625,0.6041573113671239,0.719116735743137,-0.004245003881831176,0.006765770218813952,39,14,33,0.3046875,0.25153621542356636,0.36361372849278967,0.0,0.0,0.01478385642587143,0.03125,0.015918258891511296,0.06044160650774316,0.6640625,0.6041573113671239,0.719116735743137,0.06239103303007511,0.00311282898716624,0,8,78
assurance,mainland,0.0,0.1,0.3,selected,400,a0.1_d0.5,0.5,lifetime,lifetime,256,20,0.921875,0.8824167617091012,0.9488593594315697,3.734375,0.8034653947899685,6.144931640625,0.05078125,0.029913811386553534,0.08493105962106533,0.01953125,0.008370729784579391,0.04489813224965644,0.0078125,0.002145090367681419,0.028032768301535768,0.921875,0.8824167617091012,0.9488593594315697,0.02285172473849312,0.01391003397633374,5,2,13,0.07421875,0.048026107191811204,0.11300077054584494,0.0,0.0,0.01478385642587143,0.00390625,0.0006898821669617927,0.021790975380582514,0.921875,0.8824167617091012,0.9488593594315697,0.06845212849393642,0.005594640216298784,0,1,19
assurance,mainland,0.0,0.1,0.3,selected,400,a0.1_d0.9,0.9,lifetime,lifetime,256,10,0.9609375,0.9296001682001327,0.9786459641572671,1.875,0.5823696521666508,6.144931640625,0.0078125,0.002145090367681419,0.028032768301535768,0.01171875,0.003993287123007758,0.033881572667882304,0.01953125,0.008370729784579391,0.04489813224965644,0.9609375,0.9296001682001327,0.9786459641572671,-0.002950903875026595,0.01730797364931274,3,5,2,0.0390625,0.0213540358427329,0.07039983179986732,0.0,0.0,0.01478385642587143,0.0,0.0,0.01478385642587143,0.9609375,0.9296001682001327,0.9786459641572671,0.07555272610463012,0.006951863441365821,0,0,10
assurance,mainland,0.0,0.1,0.7,neutral,10,a0.1_d0.0,0.0,lifetime,lifetime,256,256,0.0,0.0,0.01478385642587143,47.765625,0.14348267449382857,8.490234375,0.13671875,0.09997371828318014,0.1842051774012421,0.15625,0.11689244351430939,0.20577145777847722,0.70703125,0.6485479046466456,0.759393154802017,0.0,0.0,0.01478385642587143,-0.000553473930882301,0.0012111211664129749,40,181,35,0.12109375,0.08663517067416432,0.1667557205235664,0.11328125,0.0800407222974869,0.15795616665689804,0.765625,0.71004258449401,0.8133534917797457,0.0,0.0,0.01478385642587143,0.0003776691264075732,0.0010631623351677762,29,196,31
assurance,mainland,0.0,0.1,0.7,neutral,10,a0.1_d0.5,0.5,lifetime,lifetime,256,254,0.0078125,0.002145090367681419,0.028032768301535768,46.8515625,0.4363668689846039,8.490234375,0.15234375,0.11348877125313496,0.20147812891797878,0.1640625,0.12372760124959209,0.21433030228654026,0.67578125,0.6162096335282949,0.7301554169469846,0.0078125,0.002145090367681419,0.028032768301535768,-0.00040294676071995887,0.001218044542950921,42,173,39,0.16796875,0.12715856241588983,0.2185963422419154,0.12109375,0.08663517067416432,0.1667557205235664,0.703125,0.6444892736219288,0.755754784705061,0.0078125,0.002145090367681419,0.028032768301535768,0.0019776622145531715,0.0011964049138480453,31,180,43
assurance,mainland,0.0,0.1,0.7,neutral,10,a0.1_d0.9,0.9,lifetime,lifetime,256,251,0.01953125,0.008370729784579391,0.04489813224965644,46.3984375,0.4879579199094205,8.490234375,0.09765625,0.06702402222215342,0.14018486224554,0.16796875,0.12715856241588983,0.2185963422419154,0.71484375,0.6566796990946451,0.7666553625973633,0.01953125,0.008370729784579391,0.04489813224965644,-0.0010104466981676586,0.0011230067081539996,43,183,25,0.14453125,0.10671067600593546,0.1928622219218325,0.125,0.08995183318684266,0.17113605913256094,0.7109375,0.6526113609415182,0.7630266996288174,0.01953125,0.008370729784579391,0.04489813224965644,-0.0003308649610899206,0.001105909176542348,32,182,37
assurance,mainland,0.0,0.1,0.7,neutral,40,a0.1_d0.0,0.0,lifetime,lifetime,256,252,0.015625,0.006092598203366294,0.039479262709196654,46.4375,0.48245885225337826,7.18935546875,0.2890625,0.2369733003711826,0.34738863905848194,0.3203125,0.26617385334096993,0.3797640950620776,0.375,0.31795501653541774,0.43574094757105014,0.015625,0.006092598203366294,0.039479262709196654,-0.0006915524646174301,0.0022075437761633885,82,96,74,0.30078125,0.24788835618653265,0.35956458660815055,0.2421875,0.19377015335079256,0.2982277726187974,0.44140625,0.38189072167350635,0.5026542615014005,0.015625,0.006092598203366294,0.039479262709196654,0.0014439263561075197,0.002120157559363315,62,113,77
assurance,mainland,0.0,0.1,0.7,neutral,40,a0.1_d0.5,0.5,lifetime,lifetime,256,228,0.109375,0.07676405306596229,0.15353583476674978,41.921875,0.9731571754727083,7.18935546875,0.21875,0.1724715978199255,0.27334432141962717,0.2734375,0.22248853918114145,0.33108539576183155,0.3984375,0.3403930035879241,0.459484967248581,0.109375,0.07676405306596229,0.15353583476674978,-0.0028520220716034953,0.0022677168344125607,70,102,56,0.32421875,0.2698445830530154,0.38379036647170506,0.21875,0.1724715978199255,0.27334432141962717,0.34765625,0.29196088318828545,0.40785607306647226,0.109375,0.07676405306596229,0.15353583476674978,0.0050927819465711385,0.0023002249818526973,56,89,83
assurance,mainland,0.0,0.1,0.7,neutral,40,a0.1_d0.9,0.9,lifetime,lifetime,256,210,0.1796875,0.13750213221413665,0.23134377580868726,38.68359375,1.1722470559302343,7.18935546875,0.21484375,0.16894358808976334,0.26917533002811644,0.26171875,0.21167863808724405,0.31880429349071027,0.34375,0.28826407712322777,0.403855878009857,0.1796875,0.13750213221413665,0.23134377580868726,-0.002106542174617291,0.0024390807598502003,67,88,55,0.22265625,0.17600601030365376,0.27750691005757183,0.2265625,0.1795467073799799,0.28166321410291856,0.37109375,0.3142292916101357,0.43176967137465927,0.1796875,0.13750213221413665,0.23134377580868726,0.00027965052930412467,0.0021477790009166806,58,95,57
assurance,mainland,0.0,0.1,0.7,neutral,50,a0.1_d0.0,0.0,lifetime,lifetime,256,250,0.0234375,0.010784867555857603,0.0501809956000511,46.10546875,0.5451174818250359,7.036875,0.328125,0.2735197547273731,0.38781219591902016,0.3125,0.2588458887858718,0.37169805737383,0.3359375,0.280883264256863,0.395842688632876,0.0234375,0.010784867555857603,0.0501809956000511,7.074156035344892e-07,0.002406523042805481,80,86,84,0.328125,0.2735197547273731,0.38781219591902016,0.28515625,0.23334463740263667,0.3433203009053549,0.36328125,0.3067900082905613,0.4238149524508879,0.0234375,0.010784867555857603,0.0501809956000511,0.000955918102327733,0.0023932814641237496,73,93,84
assurance,mainland,0.0,0.1,0.7,neutral,50,a0.1_d0.5,0.5,lifetime,lifetime,256,214,0.1640625,0.12372760124959209,0.21433030228654026,39.56640625,1.1358873446107698,7.036875,0.21484375,0.16894358808976334,0.26917533002811644,0.25,0.20091686568173925,0.3064750625311965,0.37109375,0.3142292916101357,0.43176967137465927,0.1640625,0.12372760124959209,0.21433030228654026,-0.0027890141243927307,0.0025081466305154607,64,95,55,0.296875,0.24424521529493903,0.35551072637807124,0.21875,0.1724715978199255,0.27334432141962717,0.3203125,0.26617385334096993,0.3797640950620776,0.1640625,0.12372760124959209,0.21433030228654026,0.004375896826167962,0.0025688164472268712,56,82,76
assurance,mainland,0.0,0.1,0.7,neutral,50,a0.1_d0.9,0.9,lifetime,lifetime,256,196,0.234375,0.1866465082202543,0.2899574155059899,36.296875,1.2846510783383869,7.036875,0.2109375,0.16542210475657976,0.26499981223962715,0.234375,0.1866465082202543,0.2899574155059899,0.3203125,0.26617385334096993,0.3797640950620776,0.234375,0.1866465082202543,0.2899574155059899,-0.0029405389570600275,0.0027028482945871987,60,82,54,0.22265625,0.17600601030365376,0.27750691005757183,0.23828125,0.1902054003663705,0.2940955244815466,0.3046875,0.25153621542356636,0.36361372849278967,0.234375,0.1866465082202543,0.2899574155059899,0.0009344354331868097,0.0025211105332375336,61,78,57
assurance,mainland,0.0,0.1,0.7,neutral,100,a0.1_d0.0,0.0,lifetime,lifetime,256,222,0.1328125,0.09662155083903351,0.17986034372371584,40.0546875,1.087115623804108,6.67265625,0.3125,0.2588458887858718,0.37169805737383,0.2890625,0.2369733003711826,0.34738863905848194,0.265625,0.21527669094275786,0.3229032417568694,0.1328125,0.09662155083903351,0.17986034372371584,0.0004682416074728692,0.002996303817434788,74,68,80,0.265625,0.21527669094275786,0.3229032417568694,0.33203125,0.2771993280647148,0.3918296237033514,0.26953125,0.2188800151092185,0.3269969187120816,0.1328125,0.09662155083903351,0.17986034372371584,-0.0018074921184670157,0.003062080865468972,85,69,68
assurance,mainland,0.0,0.1,0.7,neutral,100,a0.1_d0.5,0.5,lifetime,lifetime,256,162,0.3671875,0.3105076134241139,0.4277943484390082,29.60546875,1.4547249775018434,6.67265625,0.19921875,0.15489813913670408,0.2524327744944842,0.2265625,0.1795467073799799,0.28166321410291856,0.20703125,0.16190727728556475,0.2608176385889693,0.3671875,0.3105076134241139,0.4277943484390082,-0.0010423021548610196,0.0035903461563908004,58,53,51,0.25390625,0.20449864653192884,0.31059028280267975,0.21484375,0.16894358808976334,0.26917533002811644,0.1640625,0.12372760124959209,0.21433030228654026,0.3671875,0.3105076134241139,0.4277943484390082,0.00372736403722902,0.0036839610036932926,55,42,65
assurance,mainland,0.0,0.1,0.7,neutral,100,a0.1_d0.9,0.9,lifetime,lifetime,256,134,0.4765625,0.41618039421813385,0.5376375990518288,24.6484375,1.4988678293424083,6.67265625,0.16015625,0.12030547683153675,0.21005542558292273,0.1953125,0.15140411996625466,0.24822979254326075,0.16796875,0.12715856241588983,0.2185963422419154,0.4765625,0.41618039421813385,0.5376375990518288,-0.006039306267680795,0.0037014046756686744,50,43,41,0.203125,0.15839924133131683,0.25662867342154433,0.18359375,0.14096616877647156,0.23557674036802523,0.13671875,0.09997371828318014,0.1842051774012421,0.4765625,0.41618039421813385,0.5376375990518288,0.0021285109913261034,0.0042159272415580075,47,35,52
assurance,mainland,0.0,0.1,0.7,neutral,200,a0.1_d0.0,0.0,lifetime,lifetime,256,168,0.34375,0.28826407712322777,0.403855878009857,30.5234375,1.4311285662961923,6.3741796875,0.2265625,0.1795467073799799,0.28166321410291856,0.25390625,0.20449864653192884,0.31059028280267975,0.17578125,0.13404604842154846,0.22710285847960257,0.34375,0.28826407712322777,0.403855878009857,-0.0020461806394496303,0.004025440907030277,65,45,58,0.23046875,0.183093576056734,0.28581334654783735,0.28515625,0.23334463740263667,0.3433203009053549,0.140625,0.10333688392273097,0.18853901288336414,0.34375,0.28826407712322777,0.403855878009857,-0.006000848454978917,0.004190534108250018,73,36,59
assurance,mainland,0.0,0.1,0.7,neutral,200,a0.1_d0.5,0.5,lifetime,lifetime,256,89,0.65234375,0.5921439269335277,0.7080391168117145,16.0234375,1.4074483422186739,6.3741796875,0.14453125,0.10671067600593546,0.1928622219218325,0.10546875,0.07350191137657121,0.14910097533446798,0.09765625,0.06702402222215342,0.14018486224554,0.65234375,0.5921439269335277,0.7080391168117145,0.0062845441071019146,0.0056524165197133006,27,25,37,0.17578125,0.13404604842154846,0.22710285847960257,0.109375,0.07676405306596229,0.15353583476674978,0.0625,0.03883364112851165,0.09910223324412587,0.65234375,0.5921439269335277,0.7080391168117145,0.016621409118068562,0.005620271092899025,28,16,45
assurance,mainland,0.0,0.1,0.7,neutral,200,a0.1_d0.9,0.9,lifetime,lifetime,256,54,0.7890625,0.7350001877603728,0.8345778952434203,9.84375,1.2089950225128243,6.3741796875,0.0625,0.03883364112851165,0.09910223324412587,0.1015625,0.07025498422463894,0.14465090136472736,0.046875,0.027014851001628076,0.0801330188843179,0.7890625,0.7350001877603728,0.8345778952434203,-0.011304827535763926,0.006604010435594583,26,12,16,0.1171875,0.08333128838163656,0.16236260169442127,0.046875,0.027014851001628076,0.0801330188843179,0.046875,0.027014851001628076,0.0801330188843179,0.7890625,0.7350001877603728,0.8345778952434203,0.017868521888086346,0.007158617193990187,12,12,30
assurance,mainland,0.0,0.1,0.7,neutral,400,a0.1_d0.0,0.0,lifetime,lifetime,256,90,0.6484375,0.5881479534238914,0.704338089199678,16.5234375,1.4267010152777229,6.144931640625,0.12890625,0.09328077992555084,0.17550411351552564,0.140625,0.10333688392273097,0.18853901288336414,0.08203125,0.05427759190690546,0.12214328807409647,0.6484375,0.5881479534238914,0.704338089199678,-0.0042317925461443084,0.005885738991702106,36,21,33,0.125,0.08995183318684266,0.17113605913256094,0.171875,0.13059812036467136,0.2228537854148068,0.0546875,0.03285229140400938,0.08968958072528235,0.6484375,0.5881479534238914,0.704338089199678,-0.007176629802464383,0.005673345410482087,44,14,32
assurance,mainland,0.0,0.1,0.7,neutral,400,a0.1_d0.5,0.5,lifetime,lifetime,256,17,0.93359375,0.896237847364858,0.9581292771408316,3.1875,0.7484358689961352,6.144931640625,0.03125,0.015918258891511296,0.06044160650774316,0.0234375,0.010784867555857603,0.0501809956000511,0.01171875,0.003993287123007758,0.033881572667882304,0.93359375,0.896237847364858,0.9581292771408316,0.010494287539516952,0.01594197632785925,6,3,8,0.03125,0.015918258891511296,0.06044160650774316,0.01953125,0.008370729784579391,0.04489813224965644,0.015625,0.006092598203366294,0.039479262709196654,0.93359375,0.896237847364858,0.9581292771408316,0.015619363781900306,0.014739189591218595,5,4,8
assurance,mainland,0.0,0.1,0.7,neutral,400,a0.1_d0.9,0.9,lifetime,lifetime,256,8,0.96875,0.9395583934922568,0.9840817411084887,1.5,0.5230003936563584,6.144931640625,0.01171875,0.003993287123007758,0.033881572667882304,0.0078125,0.002145090367681419,0.028032768301535768,0.01171875,0.003993287123007758,0.033881572667882304,0.96875,0.9395583934922568,0.9840817411084887,0.006753295297026604,0.01710953459756126,2,3,3,0.01953125,0.008370729784579391,0.04489813224965644,0.0,0.0,0.01478385642587143,0.01171875,0.003993287123007758,0.033881572667882304,0.96875,0.9395583934922568,0.9840817411084887,0.034816631079378865,0.013887211642830933,0,3,5
assurance,mainland,0.0,0.1,0.7,selected,10,a0.1_d0.0,0.0,lifetime,lifetime,256,256,0.0,0.0,0.01478385642587143,47.87109375,0.09688358546317201,8.490234375,0.25390625,0.20449864653192884,0.31059028280267975,0.23828125,0.1902054003663705,0.2940955244815466,0.5078125,0.44690987163300716,0.5684841306103388,0.0,0.0,0.01478385642587143,0.0008767822910344431,0.001707537663442367,61,130,65,0.34375,0.28826407712322777,0.403855878009857,0.03125,0.015918258891511296,0.06044160650774316,0.625,0.5642590524289499,0.6820449834645823,0.0,0.0,0.01478385642587143,0.012175890533540547,0.001122867833089967,8,160,88
assurance,mainland,0.0,0.1,0.7,selected,10,a0.1_d0.5,0.5,lifetime,lifetime,256,256,0.0,0.0,0.01478385642587143,47.2109375,0.35507976387027684,8.490234375,0.2734375,0.22248853918114145,0.33108539576183155,0.2109375,0.16542210475657976,0.26499981223962715,0.515625,0.4546288138005892,0.5761591906861023,0.0,0.0,0.01478385642587143,0.002351610980218087,0.0017848941648469121,54,132,70,0.375,0.31795501653541774,0.43574094757105014,0.03515625,0.018604096092635542,0.0654527704282918,0.58984375,0.5286958295312854,0.6483351962671908,0.0,0.0,0.01478385642587143,0.013381189177707323,0.001105991564639164,9,151,96
assurance,mainland,0.0,0.1,0.7,selected,10,a0.1_d0.9,0.9,lifetime,lifetime,256,252,0.015625,0.006092598203366294,0.039479262709196654,46.47265625,0.4767545091937899,8.490234375,0.28515625,0.23334463740263667,0.3433203009053549,0.26953125,0.2188800151092185,0.3269969187120816,0.4296875,0.37052769163836163,0.4909262881715265,0.015625,0.006092598203366294,0.039479262709196654,0.001102966417395008,0.0018708415481835424,69,110,73,0.390625,0.33289789371255574,0.45158607488060365,0.01953125,0.008370729784579391,0.04489813224965644,0.57421875,0.5129905510088384,0.6332524703029463,0.015625,0.006092598203366294,0.039479262709196654,0.01499289273429931,0.001082598262648772,5,147,100
assurance,mainland,0.0,0.1,0.7,selected,40,a0.1_d0.0,0.0,lifetime,lifetime,256,252,0.015625,0.006092598203366294,0.039479262709196654,46.2265625,0.5290121460987219,7.18935546875,0.35546875,0.29936712788953435,0.4158438306085691,0.40234375,0.3441464041785611,0.46342856777961694,0.2265625,0.1795467073799799,0.28166321410291856,0.015625,0.006092598203366294,0.039479262709196654,-0.0031160221314300764,0.003251510202086847,103,58,91,0.69140625,0.6323417974638745,0.7448112574980965,0.02734375,0.013307156355121155,0.05535570792246043,0.265625,0.21527669094275786,0.3229032417568694,0.015625,0.006092598203366294,0.039479262709196654,0.03599759338918378,0.0017705878829594795,7,68,177
assurance,mainland,0.0,0.1,0.7,selected,40,a0.1_d0.5,0.5,lifetime,lifetime,256,228,0.109375,0.07676405306596229,0.15353583476674978,42.2578125,0.9578348904237686,7.18935546875,0.359375,0.30307650360756977,0.4198314560122066,0.34765625,0.29196088318828545,0.40785607306647226,0.18359375,0.14096616877647156,0.23557674036802523,0.109375,0.07676405306596229,0.15353583476674978,-0.0010170827620836847,0.00350004512484052,89,47,92,0.71484375,0.6566796990946451,0.7666553625973633,0.00390625,0.0006898821669617927,0.021790975380582514,0.171875,0.13059812036467136,0.2228537854148068,0.109375,0.07676405306596229,0.15353583476674978,0.042592435321246236,0.0016160832458926978,1,44,183
assurance,mainland,0.0,0.1,0.7,selected,40,a0.1_d0.9,0.9,lifetime,lifetime,256,221,0.13671875,0.09997371828318014,0.1842051774012421,40.75,1.0597499011281748,7.18935546875,0.36328125,0.3067900082905613,0.4238149524508879,0.3359375,0.280883264256863,0.395842688632876,0.1640625,0.12372760124959209,0.21433030228654026,0.13671875,0.09997371828318014,0.1842051774012421,0.0011981943613419623,0.0034503221577676384,86,42,93,0.71875,0.6607529778983319,0.7702790849153494,0.00390625,0.0006898821669617927,0.021790975380582514,0.140625,0.10333688392273097,0.18853901288336414,0.13671875,0.09997371828318014,0.1842051774012421,0.04523949809451762,0.0016704069955149688,1,36,184
assurance,mainland,0.0,0.1,0.7,selected,50,a0.1_d0.0,0.0,lifetime,lifetime,256,248,0.03125,0.015918258891511296,0.06044160650774316,45.5546875,0.6399347294454081,7.036875,0.37890625,0.32168476294187087,0.43970820228626983,0.40234375,0.3441464041785611,0.46342856777961694,0.1875,0.14443796573655726,0.2398019445296124,0.03125,0.015918258891511296,0.06044160650774316,-0.0030668917651461495,0.0034685526901966687,103,48,97,0.73046875,0.6730030812879184,0.7811199848907815,0.02734375,0.013307156355121155,0.05535570792246043,0.2109375,0.16542210475657976,0.26499981223962715,0.03125,0.015918258891511296,0.06044160650774316,0.041040247374657744,0.0019169075932654678,7,54,187
assurance,mainland,0.0,0.1,0.7,selected,50,a0.1_d0.5,0.5,lifetime,lifetime,256,218,0.1484375,0.1100947469586396,0.19717515209080125,40.35546875,1.0965678152321603,7.036875,0.359375,0.30307650360756977,0.4198314560122066,0.34765625,0.29196088318828545,0.40785607306647226,0.14453125,0.10671067600593546,0.1928622219218325,0.1484375,0.1100947469586396,0.19717515209080125,-0.001498951273131022,0.003755207074954107,89,37,92,0.69921875,0.6404354133918495,0.7521116438134674,0.015625,0.006092598203366294,0.039479262709196654,0.13671875,0.09997371828318014,0.1842051774012421,0.1484375,0.1100947469586396,0.19717515209080125,0.047894047275182546,0.001883136491441954,4,35,179
assurance,mainland,0.0,0.1,0.7,selected,50,a0.1_d0.9,0.9,lifetime,lifetime,256,208,0.1875,0.14443796573655726,0.2398019445296124,38.68359375,1.1824736963205749,7.036875,0.34765625,0.29196088318828545,0.40785607306647226,0.31640625,0.26250760743602425,0.37573333984535046,0.1484375,0.1100947469586396,0.19717515209080125,0.1875,0.14443796573655726,0.2398019445296124,0.002067807916708091,0.0037397938433782834,81,38,89,0.72265625,0.6648312584464792,0.7738978054888749,0.00390625,0.0006898821669617927,0.021790975380582514,0.0859375,0.05743557903626671,0.12668230206640807,0.1875,0.14443796573655726,0.2398019445296124,0.051201369324809384,0.0016993423707741548,1,22,185
assurance,mainland,0.0,0.1,0.7,selected,100,a0.1_d0.0,0.0,lifetime,lifetime,256,222,0.1328125,0.09662155083903351,0.17986034372371584,40.546875,1.0567639101064301,6.67265625,0.36328125,0.3067900082905613,0.4238149524508879,0.3515625,0.295661910800322,0.41185204657610863,0.15234375,0.11348877125313496,0.20147812891797878,0.1328125,0.09662155083903351,0.17986034372371584,0.0018077698889762525,0.004043987669738846,90,39,93,0.7109375,0.6526113609415182,0.7630266996288174,0.03125,0.015918258891511296,0.06044160650774316,0.125,0.08995183318684266,0.17113605913256094,0.1328125,0.09662155083903351,0.17986034372371584,0.050494532789432854,0.0022654176339824755,8,32,182
assurance,mainland,0.0,0.1,0.7,selected,100,a0.1_d0.5,0.5,lifetime,lifetime,256,173,0.32421875,0.2698445830530154,0.38379036647170506,31.62890625,1.4098184359233832,6.67265625,0.29296875,0.240606845197983,0.3514520953533543,0.27734375,0.22610219451112512,0.3351687415535207,0.10546875,0.07350191137657121,0.14910097533446798,0.32421875,0.2698445830530154,0.38379036647170506,0.0007017147424195468,0.004473861371298348,71,27,75,0.625,0.5642590524289499,0.6820449834645823,0.00390625,0.0006898821669617927,0.021790975380582514,0.046875,0.027014851001628076,0.0801330188843179,0.32421875,0.2698445830530154,0.38379036647170506,0.06384466843248189,0.0019290750544477232,1,12,160
assurance,mainland,0.0,0.1,0.7,selected,100,a0.1_d0.9,0.9,lifetime,lifetime,256,155,0.39453125,0.33664349360941154,0.45553747610542067,28.71875,1.4718651778324285,6.67265625,0.27734375,0.22610219451112512,0.3351687415535207,0.24609375,0.19734067215723067,0.3023542549340322,0.08203125,0.05427759190690546,0.12214328807409647,0.39453125,0.33664349360941154,0.45553747610542067,0.001360275137252225,0.004847311681239542,63,21,71,0.57421875,0.5129905510088384,0.6332524703029463,0.00390625,0.0006898821669617927,0.021790975380582514,0.02734375,0.013307156355121155,0.05535570792246043,0.39453125,0.33664349360941154,0.45553747610542067,0.06374177483717561,0.0019376172004958343,1,7,147
assurance,mainland,0.0,0.1,0.7,selected,200,a0.1_d0.0,0.0,lifetime,lifetime,256,176,0.3125,0.2588458887858718,0.37169805737383,31.87109375,1.4018039525158512,6.3741796875,0.28515625,0.23334463740263667,0.3433203009053549,0.28125,0.2297209150846507,0.33924702210166807,0.12109375,0.08663517067416432,0.1667557205235664,0.3125,0.2588458887858718,0.37169805737383,-0.0005299666442729139,0.00474211119408494,72,31,73,0.59765625,0.5365714322203831,0.655853595821439,0.03125,0.015918258891511296,0.06044160650774316,0.05859375,0.03582660763317509,0.09441226561778955,0.3125,0.2588458887858718,0.37169805737383,0.05613212952182806,0.00253734041074645,8,15,153
assurance,mainland,0.0,0.1,0.7,selected,200,a0.1_d0.5,0.5,lifetime,lifetime,256,94,0.6328125,0.5722056515609918,0.6894923865758861,17.45703125,1.4448688334341993,6.3741796875,0.140625,0.10333688392273097,0.18853901288336414,0.140625,0.10333688392273097,0.18853901288336414,0.0859375,0.05743557903626671,0.12668230206640807,0.6328125,0.5722056515609918,0.6894923865758861,-0.0017458588757112998,0.006144067507871721,36,22,36,0.3359375,0.280883264256863,0.395842688632876,0.00390625,0.0006898821669617927,0.021790975380582514,0.02734375,0.013307156355121155,0.05535570792246043,0.6328125,0.5722056515609918,0.6894923865758861,0.06669144698962491,0.0027662513606232096,1,7,86
assurance,mainland,0.0,0.1,0.7,selected,200,a0.1_d0.9,0.9,lifetime,lifetime,256,70,0.7265625,0.6689146042381685,0.7775114608188586,13.05859375,1.3346469541586437,6.3741796875,0.12109375,0.08663517067416432,0.1667557205235664,0.109375,0.07676405306596229,0.15353583476674978,0.04296875,0.024159813300607562,0.07529105546366555,0.7265625,0.6689146042381685,0.7775114608188586,-0.0029007124299405282,0.007003493218027036,28,11,31,0.26953125,0.2188800151092185,0.3269969187120816,0.0,0.0,0.01478385642587143,0.00390625,0.0006898821669617927,0.021790975380582514,0.7265625,0.6689146042381685,0.7775114608188586,0.07502664106213441,0.0024815992660852156,0,1,69
assurance,mainland,0.0,0.1,0.7,selected,400,a0.1_d0.0,0.0,lifetime,lifetime,256,99,0.61328125,0.5523692568024001,0.6708437757261134,18.09375,1.449664800251505,6.144931640625,0.1484375,0.1100947469586396,0.19717515209080125,0.16796875,0.12715856241588983,0.2185963422419154,0.0703125,0.04493554746197091,0.10839432915401236,0.61328125,0.5523692568024001,0.6708437757261134,-0.005410492002509155,0.0064406327661872915,43,18,38,0.328125,0.2735197547273731,0.38781219591902016,0.0234375,0.010784867555857603,0.0501809956000511,0.03515625,0.018604096092635542,0.0654527704282918,0.61328125,0.5523692568024001,0.6708437757261134,0.055263347403041264,0.003405485444563078,6,9,84
assurance,mainland,0.0,0.1,0.7,selected,400,a0.1_d0.5,0.5,lifetime,lifetime,256,24,0.90625,0.8642979648370562,0.9361901518169232,4.5,0.8761547002804524,6.144931640625,0.0390625,0.0213540358427329,0.07039983179986732,0.03515625,0.018604096092635542,0.0654527704282918,0.01953125,0.008370729784579391,0.04489813224965644,0.90625,0.8642979648370562,0.9361901518169232,-0.004272121351552106,0.013459705346494771,9,5,10,0.0859375,0.05743557903626671,0.12668230206640807,0.00390625,0.0006898821669617927,0.021790975380582514,0.00390625,0.0006898821669617927,0.021790975380582514,0.90625,0.8642979648370562,0.9361901518169232,0.0678474171981876,0.0066657440821638264,1,1,22
assurance,mainland,0.0,0.1,0.7,selected,400,a0.1_d0.9,0.9,lifetime,lifetime,256,10,0.9609375,0.9296001682001327,0.9786459641572671,1.875,0.5823696521666508,6.144931640625,0.0234375,0.010784867555857603,0.0501809956000511,0.01171875,0.003993287123007758,0.033881572667882304,0.00390625,0.0006898821669617927,0.021790975380582514,0.9609375,0.9296001682001327,0.9786459641572671,-0.001802327349698929,0.019298108827003863,3,1,6,0.03515625,0.018604096092635542,0.0654527704282918,0.0,0.0,0.01478385642587143,0.00390625,0.0006898821669617927,0.021790975380582514,0.9609375,0.9296001682001327,0.9786459641572671,0.06768412064129085,0.00971827856258724,0,1,9
assurance,mainland,0.0,0.5,0.3,neutral,10,a0.5_d0.0,0.0,lifetime,lifetime,256,256,0.0,0.0,0.01478385642587143,48.0,0.0,8.490234375,0.171875,0.13059812036467136,0.2228537854148068,0.19921875,0.15489813913670408,0.2524327744944842,0.62890625,0.5682303286253407,0.6857707083898643,0.0,0.0,0.01478385642587143,-0.0007110296443510148,0.0013153778394387518,51,161,44,0.171875,0.13059812036467136,0.2228537854148068,0.13671875,0.09997371828318014,0.1842051774012421,0.69140625,0.6323417974638745,0.7448112574980965,0.0,0.0,0.01478385642587143,0.0011286023629502257,0.0012092897146114142,35,177,44
assurance,mainland,0.0,0.5,0.3,neutral,10,a0.5_d0.5,0.5,lifetime,lifetime,256,256,0.0,0.0,0.01478385642587143,48.0,0.0,8.490234375,0.16796875,0.12715856241588983,0.2185963422419154,0.171875,0.13059812036467136,0.2228537854148068,0.66015625,0.600148571924018,0.71542847406457,0.0,0.0,0.01478385642587143,-0.0005566127368144002,0.001206124857868368,44,169,43,0.15625,0.11689244351430939,0.20577145777847722,0.16015625,0.12030547683153675,0.21005542558292273,0.68359375,0.6242666601546496,0.7374923925639758,0.0,0.0,0.01478385642587143,0.0004887748708869823,0.0012095328349325636,41,175,40
assurance,mainland,0.0,0.5,0.3,neutral,10,a0.5_d0.9,0.9,lifetime,lifetime,256,249,0.02734375,0.013307156355121155,0.05535570792246043,44.86328125,0.7004486355981904,8.490234375,0.1328125,0.09662155083903351,0.17986034372371584,0.12109375,0.08663517067416432,0.1667557205235664,0.71875,0.6607529778983319,0.7702790849153494,0.02734375,0.013307156355121155,0.05535570792246043,0.00045776222755218403,0.00125164123446793,31,184,34,0.1484375,0.1100947469586396,0.19717515209080125,0.11328125,0.0800407222974869,0.15795616665689804,0.7109375,0.6526113609415182,0.7630266996288174,0.02734375,0.013307156355121155,0.05535570792246043,0.0013461139290602538,0.0012624572497618688,29,182,38
assurance,mainland,0.0,0.5,0.3,neutral,40,a0.5_d0.0,0.0,lifetime,lifetime,256,256,0.0,0.0,0.01478385642587143,48.0,0.0,7.18935546875,0.3046875,0.25153621542356636,0.36361372849278967,0.359375,0.30307650360756977,0.4198314560122066,0.3359375,0.280883264256863,0.395842688632876,0.0,0.0,0.01478385642587143,-0.001976616364827581,0.002449777613630737,92,86,78,0.3046875,0.25153621542356636,0.36361372849278967,0.32421875,0.2698445830530154,0.38379036647170506,0.37109375,0.3142292916101357,0.43176967137465927,0.0,0.0,0.01478385642587143,-0.000307322623146745,0.002292996950795326,83,95,78
assurance,mainland,0.0,0.5,0.3,neutral,40,a0.5_d0.5,0.5,lifetime,lifetime,256,256,0.0,0.0,0.01478385642587143,48.0,0.0,7.18935546875,0.26953125,0.2188800151092185,0.3269969187120816,0.33984375,0.28457152593543,0.39985142807598195,0.390625,0.33289789371255574,0.45158607488060365,0.0,0.0,0.01478385642587143,-0.004469129456130318,0.0021164287915360334,87,100,69,0.27734375,0.22610219451112512,0.3351687415535207,0.34765625,0.29196088318828545,0.40785607306647226,0.375,0.31795501653541774,0.43574094757105014,0.0,0.0,0.01478385642587143,-0.003163110779082199,0.002233775259626337,89,96,71
assurance,mainland,0.0,0.5,0.3,neutral,40,a0.5_d0.9,0.9,lifetime,lifetime,256,201,0.21484375,0.16894358808976334,0.26917533002811644,37.13671875,1.2425773171720873,7.18935546875,0.20703125,0.16190727728556475,0.2608176385889693,0.19140625,0.14791734057779737,0.24401957081004516,0.38671875,0.3291562242738866,0.4476307431975999,0.21484375,0.16894358808976334,0.26917533002811644,8.674111297073246e-06,0.0021642978209116446,49,99,53,0.24609375,0.19734067215723067,0.3023542549340322,0.2109375,0.16542210475657976,0.26499981223962715,0.328125,0.2735197547273731,0.38781219591902016,0.21484375,0.16894358808976334,0.26917533002811644,0.001856211363845877,0.002349002645371382,54,84,63
assurance,mainland,0.0,0.5,0.3,neutral,50,a0.5_d0.0,0.0,lifetime,lifetime,256,256,0.0,0.0,0.01478385642587143,48.0,0.0,7.036875,0.3203125,0.26617385334096993,0.3797640950620776,0.34375,0.28826407712322777,0.403855878009857,0.3359375,0.280883264256863,0.395842688632876,0.0,0.0,0.01478385642587143,-0.0017207926193316156,0.002660181969208102,88,86,82,0.33203125,0.2771993280647148,0.3918296237033514,0.33203125,0.2771993280647148,0.3918296237033514,0.3359375,0.280883264256863,0.395842688632876,0.0,0.0,0.01478385642587143,0.0012065161245742222,0.002443070265845996,85,86,85
assurance,mainland,0.0,0.5,0.3,neutral,50,a0.5_d0.5,0.5,lifetime,lifetime,256,256,0.0,0.0,0.01478385642587143,48.0,0.0,7.036875,0.296875,0.24424521529493903,0.35551072637807124,0.390625,0.33289789371255574,0.45158607488060365,0.3125,0.2588458887858718,0.37169805737383,0.0,0.0,0.01478385642587143,-0.005583908447544479,0.002437375625015705,100,80,76,0.27734375,0.22610219451112512,0.3351687415535207,0.33984375,0.28457152593543,0.39985142807598195,0.3828125,0.3254185065983358,0.4436714597514778,0.0,0.0,0.01478385642587143,-0.002370635854010747,0.0024478284098983544,87,98,71
assurance,mainland,0.0,0.5,0.3,neutral,50,a0.5_d0.9,0.9,lifetime,lifetime,256,192,0.25,0.20091686568173925,0.3064750625311965,35.546875,1.3077437016305649,7.036875,0.22265625,0.17600601030365376,0.27750691005757183,0.2421875,0.19377015335079256,0.2982277726187974,0.28515625,0.23334463740263667,0.3433203009053549,0.25,0.20091686568173925,0.3064750625311965,-0.000979173868751676,0.0024795224830328833,62,73,57,0.25390625,0.20449864653192884,0.31059028280267975,0.2109375,0.16542210475657976,0.26499981223962715,0.28515625,0.23334463740263667,0.3433203009053549,0.25,0.20091686568173925,0.3064750625311965,0.001408388666365279,0.002543141698329849,54,73,65
assurance,mainland,0.0,0.5,0.3,neutral,100,a0.5_d0.0,0.0,lifetime,lifetime,256,256,0.0,0.0,0.01478385642587143,48.0,0.0,6.67265625,0.3359375,0.280883264256863,0.395842688632876,0.3984375,0.3403930035879241,0.459484967248581,0.265625,0.21527669094275786,0.3229032417568694,0.0,0.0,0.01478385642587143,-0.0031812398364924077,0.0032013002497730063,102,68,86,0.375,0.31795501653541774,0.43574094757105014,0.34765625,0.29196088318828545,0.40785607306647226,0.27734375,0.22610219451112512,0.3351687415535207,0.0,0.0,0.01478385642587143,0.0012445433398894905,0.002899601109367097,89,71,96
assurance,mainland,0.0,0.5,0.3,neutral,100,a0.5_d0.5,0.5,lifetime,lifetime,256,256,0.0,0.0,0.01478385642587143,48.0,0.0,6.67265625,0.3359375,0.280883264256863,0.395842688632876,0.3984375,0.3403930035879241,0.459484967248581,0.265625,0.21527669094275786,0.3229032417568694,0.0,0.0,0.01478385642587143,-0.004405322118420573,0.0030284190765648635,102,68,86,0.32421875,0.2698445830530154,0.38379036647170506,0.35546875,0.29936712788953435,0.4158438306085691,0.3203125,0.26617385334096993,0.3797640950620776,0.0,0.0,0.01478385642587143,-0.0011264178269631598,0.0029877917305012208,91,82,83
assurance,mainland,0.0,0.5,0.3,neutral,100,a0.5_d0.9,0.9,lifetime,lifetime,256,143,0.44140625,0.38189072167350635,0.5026542615014005,26.1875,1.4813743535954023,6.67265625,0.17578125,0.13404604842154846,0.22710285847960257,0.23046875,0.183093576056734,0.28581334654783735,0.15234375,0.11348877125313496,0.20147812891797878,0.44140625,0.38189072167350635,0.5026542615014005,-0.0033684845667884982,0.0036492582678217095,59,39,45,0.21484375,0.16894358808976334,0.26917533002811644,0.19140625,0.14791734057779737,0.24401957081004516,0.15234375,0.11348877125313496,0.20147812891797878,0.44140625,0.38189072167350635,0.5026542615014005,0.004510393143186963,0.003830761050696073,49,39,55
assurance,mainland,0.0,0.5,0.3,neutral,200,a0.5_d0.0,0.0,lifetime,lifetime,256,256,0.0,0.0,0.01478385642587143,48.0,0.0,6.3741796875,0.359375,0.30307650360756977,0.4198314560122066,0.4453125,0.38568587527356124,0.5065561090230184,0.1953125,0.15140411996625466,0.24822979254326075,0.0,0.0,0.01478385642587143,-0.004473458634355268,0.003676783932022331,114,50,92,0.375,0.31795501653541774,0.43574094757105014,0.3515625,0.295661910800322,0.41185204657610863,0.2734375,0.22248853918114145,0.33108539576183155,0.0,0.0,0.01478385642587143,-0.0004129537468488963,0.0032961289321286726,90,70,96
assurance,mainland,0.0,0.5,0.3,neutral,200,a0.5_d0.5,0.5,lifetime,lifetime,256,256,0.0,0.0,0.01478385642587143,48.0,0.0,6.3741796875,0.3671875,0.3105076134241139,0.4277943484390082,0.4296875,0.37052769163836163,0.4909262881715265,0.203125,0.15839924133131683,0.25662867342154433,0.0,0.0,0.01478385642587143,-0.005495411490552401,0.00341578336344332,110,52,94,0.3984375,0.3403930035879241,0.459484967248581,0.3828125,0.3254185065983358,0.4436714597514778,0.21875,0.1724715978199255,0.27334432141962717,0.0,0.0,0.01478385642587143,0.0017147303010238437,0.0034775403639015767,98,56,102
assurance,mainland,0.0,0.5,0.3,neutral,200,a0.5_d0.9,0.9,lifetime,lifetime,256,63,0.75390625,0.6976457450659678,0.8026593278427693,11.67578125,1.2869423992658076,6.3741796875,0.08984375,0.06061336726621258,0.1312015149581351,0.0859375,0.05743557903626671,0.12668230206640807,0.0703125,0.04493554746197091,0.10839432915401236,0.75390625,0.6976457450659678,0.8026593278427693,0.0027562672363676773,0.006606658353238871,22,18,23,0.0859375,0.05743557903626671,0.12668230206640807,0.1015625,0.07025498422463894,0.14465090136472736,0.05859375,0.03582660763317509,0.09441226561778955,0.75390625,0.6976457450659678,0.8026593278427693,-0.0008506922309150291,0.007224125394201127,26,15,22
assurance,mainland,0.0,0.5,0.3,neutral,400,a0.5_d0.0,0.0,lifetime,lifetime,256,256,0.0,0.0,0.01478385642587143,48.0,0.0,6.144931640625,0.35546875,0.29936712788953435,0.4158438306085691,0.45703125,0.3970936285540288,0.5182393591075696,0.1875,0.14443796573655726,0.2398019445296124,0.0,0.0,0.01478385642587143,-0.005012234999282396,0.003777153625143115,117,48,91,0.375,0.31795501653541774,0.43574094757105014,0.37109375,0.3142292916101357,0.43176967137465927,0.25390625,0.20449864653192884,0.31059028280267975,0.0,0.0,0.01478385642587143,-0.0013018911730233707,0.003428480112054171,95,65,96
assurance,mainland,0.0,0.5,0.3,neutral,400,a0.5_d0.5,0.5,lifetime,lifetime,256,256,0.0,0.0,0.01478385642587143,48.0,0.0,6.144931640625,0.37890625,0.32168476294187087,0.43970820228626983,0.43359375,0.37431161888417475,0.4948393620473863,0.1875,0.14443796573655726,0.2398019445296124,0.0,0.0,0.01478385642587143,-0.005423363987901913,0.0035839084459536557,111,48,97,0.421875,0.36297114591343,0.4830888316531124,0.3984375,0.3403930035879241,0.459484967248581,0.1796875,0.13750213221413665,0.23134377580868726,0.0,0.0,0.01478385642587143,0.001891413850758194,0.0036612944293409264,102,46,108
assurance,mainland,0.0,0.5,0.3,neutral,400,a0.5_d0.9,0.9,lifetime,lifetime,256,18,0.9296875,0.8916056708459876,0.9550644525380292,3.359375,0.7651146258077937,6.144931640625,0.03515625,0.018604096092635542,0.0654527704282918,0.01953125,0.008370729784579391,0.04489813224965644,0.015625,0.006092598203366294,0.039479262709196654,0.9296875,0.8916056708459876,0.9550644525380292,0.008647722301186772,0.01358092557580306,5,4,9,0.03515625,0.018604096092635542,0.0654527704282918,0.03125,0.015918258891511296,0.06044160650774316,0.00390625,0.0006898821669617927,0.021790975380582514,0.9296875,0.8916056708459876,0.9550644525380292,-0.0010251954901864813,0.01662855534103274,8,1,9
assurance,mainland,0.0,0.5,0.3,selected,10,a0.5_d0.0,0.0,lifetime,lifetime,256,256,0.0,0.0,0.01478385642587143,48.0,0.0,8.490234375,0.1953125,0.15140411996625466,0.24822979254326075,0.19140625,0.14791734057779737,0.24401957081004516,0.61328125,0.5523692568024001,0.6708437757261134,0.0,0.0,0.01478385642587143,-0.0006510628243546555,0.0014297206719563872,49,157,50,0.19140625,0.14791734057779737,0.24401957081004516,0.14453125,0.10671067600593546,0.1928622219218325,0.6640625,0.6041573113671239,0.719116735743137,0.0,0.0,0.01478385642587143,0.0015548148401662285,0.001250837939858188,37,170,49
assurance,mainland,0.0,0.5,0.3,selected,10,a0.5_d0.5,0.5,lifetime,lifetime,256,256,0.0,0.0,0.01478385642587143,48.0,0.0,8.490234375,0.19140625,0.14791734057779737,0.24401957081004516,0.2265625,0.1795467073799799,0.28166321410291856,0.58203125,0.5208355774699231,0.6408014460852074,0.0,0.0,0.01478385642587143,-0.0004884498300956712,0.001469561260500285,58,149,49,0.2265625,0.1795467073799799,0.28166321410291856,0.078125,0.05114064056843023,0.11758323829089878,0.6953125,0.6363862715072103,0.7484637845764336,0.0,0.0,0.01478385642587143,0.005402798007133344,0.001138216720383426,20,178,58
assurance,mainland,0.0,0.5,0.3,selected,10,a0.5_d0.9,0.9,lifetime,lifetime,256,248,0.03125,0.015918258891511296,0.06044160650774316,45.46875,0.6120940781768891,8.490234375,0.2265625,0.1795467073799799,0.28166321410291856,0.27734375,0.22610219451112512,0.3351687415535207,0.46484375,0.4047172917918608,0.5260096981130833,0.03125,0.015918258891511296,0.06044160650774316,-0.0014609229385082302,0.002002658954918048,71,119,58,0.42578125,0.36674752969705376,0.48700944899116155,0.03515625,0.018604096092635542,0.0654527704282918,0.5078125,0.44690987163300716,0.5684841306103388,0.03125,0.015918258891511296,0.06044160650774316,0.0151255617825302,0.0013128660204785893,9,130,109
assurance,mainland,0.0,0.5,0.3,selected,40,a0.5_d0.0,0.0,lifetime,lifetime,256,256,0.0,0.0,0.01478385642587143,48.0,0.0,7.18935546875,0.3515625,0.295661910800322,0.41185204657610863,0.328125,0.2735197547273731,0.38781219591902016,0.3203125,0.26617385334096993,0.3797640950620776,0.0,0.0,0.01478385642587143,-0.00043992881935935035,0.002662956143677366,84,82,90,0.328125,0.2735197547273731,0.38781219591902016,0.234375,0.1866465082202543,0.2899574155059899,0.4375,0.37809929934301556,0.4987486827102183,0.0,0.0,0.01478385642587143,0.0042450234898111314,0.002230841194779087,60,112,84
assurance,mainland,0.0,0.5,0.3,selected,40,a0.5_d0.5,0.5,lifetime,lifetime,256,256,0.0,0.0,0.01478385642587143,48.0,0.0,7.18935546875,0.4140625,0.3554297681158383,0.4752362072073583,0.41015625,0.3516648037328092,0.47130417046871464,0.17578125,0.13404604842154846,0.22710285847960257,0.0,0.0,0.01478385642587143,0.0013288557884284322,0.0031204307699827945,105,45,106,0.51171875,0.45076751333371007,0.5723234900313086,0.12890625,0.09328077992555084,0.17550411351552564,0.359375,0.30307650360756977,0.4198314560122066,0.0,0.0,0.01478385642587143,0.019557799952839287,0.002202578494883203,33,92,131
assurance,mainland,0.0,0.5,0.3,selected,40,a0.5_d0.9,0.9,lifetime,lifetime,256,211,0.17578125,0.13404604842154846,0.22710285847960257,38.9140625,1.1672362232920437,7.18935546875,0.29296875,0.240606845197983,0.3514520953533543,0.3515625,0.295661910800322,0.41185204657610863,0.1796875,0.13750213221413665,0.23134377580868726,0.17578125,0.13404604842154846,0.22710285847960257,-0.0026884051997294635,0.0036074705374438865,90,46,75,0.66015625,0.600148571924018,0.71542847406457,0.0078125,0.002145090367681419,0.028032768301535768,0.15625,0.11689244351430939,0.20577145777847722,0.17578125,0.13404604842154846,0.22710285847960257,0.04062416772050562,0.0017247247347413103,2,40,169
assurance,mainland,0.0,0.5,0.3,selected,50,a0.5_d0.0,0.0,lifetime,lifetime,256,256,0.0,0.0,0.01478385642587143,48.0,0.0,7.036875,0.359375,0.30307650360756977,0.4198314560122066,0.3359375,0.280883264256863,0.395842688632876,0.3046875,0.25153621542356636,0.36361372849278967,0.0,0.0,0.01478385642587143,0.0001018034921293539,0.0029569852040006645,86,78,92,0.36328125,0.3067900082905613,0.4238149524508879,0.27734375,0.22610219451112512,0.3351687415535207,0.359375,0.30307650360756977,0.4198314560122066,0.0,0.0,0.01478385642587143,0.004949045710343931,0.0024154590707175638,71,92,93
assurance,mainland,0.0,0.5,0.3,selected,50,a0.5_d0.5,0.5,lifetime,lifetime,256,256,0.0,0.0,0.01478385642587143,48.0,0.0,7.036875,0.44921875,0.389484750270348,0.5104542351479046,0.390625,0.33289789371255574,0.45158607488060365,0.16015625,0.12030547683153675,0.21005542558292273,0.0,0.0,0.01478385642587143,0.0015479194586181287,0.0033398572329607374,100,41,115,0.56640625,0.5051606379526138,0.6256883811158253,0.14453125,0.10671067600593546,0.1928622219218325,0.2890625,0.2369733003711826,0.34738863905848194,0.0,0.0,0.01478385642587143,0.022609759235443738,0.002326879329399835,37,74,145
assurance,mainland,0.0,0.5,0.3,selected,50,a0.5_d0.9,0.9,lifetime,lifetime,256,204,0.203125,0.15839924133131683,0.25662867342154433,37.8515625,1.2195328642937526,7.036875,0.30859375,0.2551887425019035,0.36765820253612547,0.34375,0.28826407712322777,0.403855878009857,0.14453125,0.10671067600593546,0.1928622219218325,0.203125,0.15839924133131683,0.25662867342154433,-0.001878136967576059,0.003960068368745026,88,37,79,0.66796875,0.6081703762966486,0.7228006719352853,0.00390625,0.0006898821669617927,0.021790975380582514,0.125,0.08995183318684266,0.17113605913256094,0.203125,0.15839924133131683,0.25662867342154433,0.045954450577277484,0.001745360552404694,1,32,171
assurance,mainland,0.0,0.5,0.3,selected,100,a0.5_d0.0,0.0,lifetime,lifetime,256,256,0.0,0.0,0.01478385642587143,48.0,0.0,6.67265625,0.39453125,0.33664349360941154,0.45553747610542067,0.37890625,0.32168476294187087,0.43970820228626983,0.2265625,0.1795467073799799,0.28166321410291856,0.0,0.0,0.01478385642587143,-0.0006224536322111847,0.003332137685122748,97,58,101,0.38671875,0.3291562242738866,0.4476307431975999,0.2890625,0.2369733003711826,0.34738863905848194,0.32421875,0.2698445830530154,0.38379036647170506,0.0,0.0,0.01478385642587143,0.005640462657362412,0.002947841621970587,74,83,99
assurance,mainland,0.0,0.5,0.3,selected,100,a0.5_d0.5,0.5,lifetime,lifetime,256,256,0.0,0.0,0.01478385642587143,48.0,0.0,6.67265625,0.41015625,0.3516648037328092,0.47130417046871464,0.4375,0.37809929934301556,0.4987486827102183,0.15234375,0.11348877125313496,0.20147812891797878,0.0,0.0,0.01478385642587143,-6.137341492547374e-05,0.0036775890185806025,112,39,105,0.6640625,0.6041573113671239,0.719116735743137,0.13671875,0.09997371828318014,0.1842051774012421,0.19921875,0.15489813913670408,0.2524327744944842,0.0,0.0,0.01478385642587143,0.03287670003722514,0.002676357761643722,35,51,170
assurance,mainland,0.0,0.5,0.3,selected,100,a0.5_d0.9,0.9,lifetime,lifetime,256,163,0.36328125,0.3067900082905613,0.4238149524508879,29.76953125,1.4460657110951058,6.67265625,0.25,0.20091686568173925,0.3064750625311965,0.27734375,0.22610219451112512,0.3351687415535207,0.109375,0.07676405306596229,0.15353583476674978,0.36328125,0.3067900082905613,0.4238149524508879,-0.0007806145355059123,0.004818776197910781,71,28,64,0.57421875,0.5129905510088384,0.6332524703029463,0.0,0.0,0.01478385642587143,0.0625,0.03883364112851165,0.09910223324412587,0.36328125,0.3067900082905613,0.4238149524508879,0.05788653705484659,0.0018996717770756529,0,16,147
assurance,mainland,0.0,0.5,0.3,selected,200,a0.5_d0.0,0.0,lifetime,lifetime,256,256,0.0,0.0,0.01478385642587143,48.0,0.0,6.3741796875,0.40234375,0.3441464041785611,0.46342856777961694,0.390625,0.33289789371255574,0.45158607488060365,0.20703125,0.16190727728556475,0.2608176385889693,0.0,0.0,0.01478385642587143,-0.00013113892297206275,0.0034878124705498823,100,53,103,0.4375,0.37809929934301556,0.4987486827102183,0.3515625,0.295661910800322,0.41185204657610863,0.2109375,0.16542210475657976,0.26499981223962715,0.0,0.0,0.01478385642587143,0.004300032698040433,0.0034364048895320623,90,54,112
assurance,mainland,0.0,0.5,0.3,selected,200,a0.5_d0.5,0.5,lifetime,lifetime,256,256,0.0,0.0,0.01478385642587143,48.0,0.0,6.3741796875,0.40625,0.34790367679855766,0.4673682962812932,0.43359375,0.37431161888417475,0.4948393620473863,0.16015625,0.12030547683153675,0.21005542558292273,0.0,0.0,0.01478385642587143,-0.0013370755418083266,0.003761962459151046,111,41,104,0.6953125,0.6363862715072103,0.7484637845764336,0.1328125,0.09662155083903351,0.17986034372371584,0.171875,0.13059812036467136,0.2228537854148068,0.0,0.0,0.01478385642587143,0.038750122517676414,0.002879097916028047,34,44,178
assurance,mainland,0.0,0.5,0.3,selected,200,a0.5_d0.9,0.9,lifetime,lifetime,256,75,0.70703125,0.6485479046466456,0.759393154802017,13.9296875,1.3615582640782506,6.3741796875,0.12890625,0.09328077992555084,0.17550411351552564,0.1171875,0.08333128838163656,0.16236260169442127,0.046875,0.027014851001628076,0.0801330188843179,0.70703125,0.6485479046466456,0.759393154802017,0.004055083203281853,0.007436035352649897,30,12,33,0.2890625,0.2369733003711826,0.34738863905848194,0.0,0.0,0.01478385642587143,0.00390625,0.0006898821669617927,0.021790975380582514,0.70703125,0.6485479046466456,0.759393154802017,0.0693187032169686,0.0021857827800903975,0,1,74
assurance,mainland,0.0,0.5,0.3,selected,400,a0.5_d0.0,0.0,lifetime,lifetime,256,256,0.0,0.0,0.01478385642587143,48.0,0.0,6.144931640625,0.40234375,0.3441464041785611,0.46342856777961694,0.40234375,0.3441464041785611,0.46342856777961694,0.1953125,0.15140411996625466,0.24822979254326075,0.0,0.0,0.01478385642587143,-0.0009686184698081627,0.003544973926615131,103,50,103,0.4453125,0.38568587527356124,0.5065561090230184,0.359375,0.30307650360756977,0.4198314560122066,0.1953125,0.15140411996625466,0.24822979254326075,0.0,0.0,0.01478385642587143,0.004513578566318854,0.003549168707450269,92,50,114
assurance,mainland,0.0,0.5,0.3,selected,400,a0.5_d0.5,0.5,lifetime,lifetime,256,256,0.0,0.0,0.01478385642587143,48.0,0.0,6.144931640625,0.40234375,0.3441464041785611,0.46342856777961694,0.4375,0.37809929934301556,0.4987486827102183,0.16015625,0.12030547683153675,0.21005542558292273,0.0,0.0,0.01478385642587143,-0.0012768961614403637,0.0037884320175064217,112,41,103,0.703125,0.6444892736219288,0.755754784705061,0.13671875,0.09997371828318014,0.1842051774012421,0.16015625,0.12030547683153675,0.21005542558292273,0.0,0.0,0.01478385642587143,0.040194160508178645,0.002923219856233477,35,41,180
assurance,mainland,0.0,0.5,0.3,selected,400,a0.5_d0.9,0.9,lifetime,lifetime,256,20,0.921875,0.8824167617091012,0.9488593594315697,3.734375,0.8034653947899685,6.144931640625,0.05078125,0.029913811386553534,0.08493105962106533,0.01953125,0.008370729784579391,0.04489813224965644,0.0078125,0.002145090367681419,0.028032768301535768,0.921875,0.8824167617091012,0.9488593594315697,0.02285172473849312,0.01391003397633374,5,2,13,0.07421875,0.048026107191811204,0.11300077054584494,0.0,0.0,0.01478385642587143,0.00390625,0.0006898821669617927,0.021790975380582514,0.921875,0.8824167617091012,0.9488593594315697,0.06845212849393642,0.005594640216298784,0,1,19
assurance,mainland,0.0,0.5,0.7,neutral,10,a0.5_d0.0,0.0,lifetime,lifetime,256,256,0.0,0.0,0.01478385642587143,48.0,0.0,8.490234375,0.20703125,0.16190727728556475,0.2608176385889693,0.1796875,0.13750213221413665,0.23134377580868726,0.61328125,0.5523692568024001,0.6708437757261134,0.0,0.0,0.01478385642587143,0.0010145772637479094,0.0013046275358229334,46,157,53,0.16796875,0.12715856241588983,0.2185963422419154,0.12890625,0.09328077992555084,0.17550411351552564,0.703125,0.6444892736219288,0.755754784705061,0.0,0.0,0.01478385642587143,0.0012550954387596034,0.0011738751567157745,33,180,43
assurance,mainland,0.0,0.5,0.7,neutral,10,a0.5_d0.5,0.5,lifetime,lifetime,256,256,0.0,0.0,0.01478385642587143,48.0,0.0,8.490234375,0.17578125,0.13404604842154846,0.22710285847960257,0.16015625,0.12030547683153675,0.21005542558292273,0.6640625,0.6041573113671239,0.719116735743137,0.0,0.0,0.01478385642587143,0.0008353601028752715,0.001342716501229516,41,170,45,0.16015625,0.12030547683153675,0.21005542558292273,0.12109375,0.08663517067416432,0.1667557205235664,0.71875,0.6607529778983319,0.7702790849153494,0.0,0.0,0.01478385642587143,0.0010108226039266014,0.0011801766595695867,31,184,41
assurance,mainland,0.0,0.5,0.7,neutral,10,a0.5_d0.9,0.9,lifetime,lifetime,256,254,0.0078125,0.002145090367681419,0.028032768301535768,46.8515625,0.4363668689846039,8.490234375,0.15234375,0.11348877125313496,0.20147812891797878,0.1640625,0.12372760124959209,0.21433030228654026,0.67578125,0.6162096335282949,0.7301554169469846,0.0078125,0.002145090367681419,0.028032768301535768,-0.00040294676071995887,0.001218044542950921,42,173,39,0.16796875,0.12715856241588983,0.2185963422419154,0.12109375,0.08663517067416432,0.1667557205235664,0.703125,0.6444892736219288,0.755754784705061,0.0078125,0.002145090367681419,0.028032768301535768,0.0019776622145531715,0.0011964049138480453,31,180,43
assurance,mainland,0.0,0.5,0.7,neutral,40,a0.5_d0.0,0.0,lifetime,lifetime,256,256,0.0,0.0,0.01478385642587143,48.0,0.0,7.18935546875,0.30859375,0.2551887425019035,0.36765820253612547,0.34375,0.28826407712322777,0.403855878009857,0.34765625,0.29196088318828545,0.40785607306647226,0.0,0.0,0.01478385642587143,-0.00035998479242643246,0.0024139399561559378,88,89,79,0.30859375,0.2551887425019035,0.36765820253612547,0.30078125,0.24788835618653265,0.35956458660815055,0.390625,0.33289789371255574,0.45158607488060365,0.0,0.0,0.01478385642587143,0.0006219709296810981,0.0021977119079938687,77,100,79
assurance,mainland,0.0,0.5,0.7,neutral,40,a0.5_d0.5,0.5,lifetime,lifetime,256,256,0.0,0.0,0.01478385642587143,48.0,0.0,7.18935546875,0.30859375,0.2551887425019035,0.36765820253612547,0.265625,0.21527669094275786,0.3229032417568694,0.42578125,0.36674752969705376,0.48700944899116155,0.0,0.0,0.01478385642587143,0.0023453631131830142,0.0022208863504813285,68,109,79,0.31640625,0.26250760743602425,0.37573333984535046,0.33984375,0.28457152593543,0.39985142807598195,0.34375,0.28826407712322777,0.403855878009857,0.0,0.0,0.01478385642587143,0.00011771356610051345,0.0023146526988934183,87,88,81
assurance,mainland,0.0,0.5,0.7,neutral,40,a0.5_d0.9,0.9,lifetime,lifetime,256,228,0.109375,0.07676405306596229,0.15353583476674978,41.921875,0.9731571754727083,7.18935546875,0.21875,0.1724715978199255,0.27334432141962717,0.2734375,0.22248853918114145,0.33108539576183155,0.3984375,0.3403930035879241,0.459484967248581,0.109375,0.07676405306596229,0.15353583476674978,-0.0028520220716034953,0.0022677168344125607,70,102,56,0.32421875,0.2698445830530154,0.38379036647170506,0.21875,0.1724715978199255,0.27334432141962717,0.34765625,0.29196088318828545,0.40785607306647226,0.109375,0.07676405306596229,0.15353583476674978,0.0050927819465711385,0.0023002249818526973,56,89,83
assurance,mainland,0.0,0.5,0.7,neutral,50,a0.5_d0.0,0.0,lifetime,lifetime,256,256,0.0,0.0,0.01478385642587143,48.0,0.0,7.036875,0.3203125,0.26617385334096993,0.3797640950620776,0.3125,0.2588458887858718,0.37169805737383,0.3671875,0.3105076134241139,0.4277943484390082,0.0,0.0,0.01478385642587143,-0.0001987877960439033,0.0025208601241265027,80,94,82,0.34375,0.28826407712322777,0.403855878009857,0.3125,0.2588458887858718,0.37169805737383,0.34375,0.28826407712322777,0.403855878009857,0.0,0.0,0.01478385642587143,0.0019338132942089015,0.002421691427500806,80,88,88
assurance,mainland,0.0,0.5,0.7,neutral,50,a0.5_d0.5,0.5,lifetime,lifetime,256,256,0.0,0.0,0.01478385642587143,48.0,0.0,7.036875,0.32421875,0.2698445830530154,0.38379036647170506,0.32421875,0.2698445830530154,0.38379036647170506,0.3515625,0.295661910800322,0.41185204657610863,0.0,0.0,0.01478385642587143,0.0024711430563172615,0.0024358057044746094,83,90,83,0.33984375,0.28457152593543,0.39985142807598195,0.359375,0.30307650360756977,0.4198314560122066,0.30078125,0.24788835618653265,0.35956458660815055,0.0,0.0,0.01478385642587143,-0.0003856456881873396,0.002551714828403802,92,77,87
assurance,mainland,0.0,0.5,0.7,neutral,50,a0.5_d0.9,0.9,lifetime,lifetime,256,214,0.1640625,0.12372760124959209,0.21433030228654026,39.56640625,1.1358873446107698,7.036875,0.21484375,0.16894358808976334,0.26917533002811644,0.25,0.20091686568173925,0.3064750625311965,0.37109375,0.3142292916101357,0.43176967137465927,0.1640625,0.12372760124959209,0.21433030228654026,-0.0027890141243927307,0.0025081466305154607,64,95,55,0.296875,0.24424521529493903,0.35551072637807124,0.21875,0.1724715978199255,0.27334432141962717,0.3203125,0.26617385334096993,0.3797640950620776,0.1640625,0.12372760124959209,0.21433030228654026,0.004375896826167962,0.0025688164472268712,56,82,76
assurance,mainland,0.0,0.5,0.7,neutral,100,a0.5_d0.0,0.0,lifetime,lifetime,256,256,0.0,0.0,0.01478385642587143,48.0,0.0,6.67265625,0.3515625,0.295661910800322,0.41185204657610863,0.34765625,0.29196088318828545,0.40785607306647226,0.30078125,0.24788835618653265,0.35956458660815055,0.0,0.0,0.01478385642587143,5.899134967924779e-05,0.0030258091537812373,89,77,90,0.36328125,0.3067900082905613,0.4238149524508879,0.35546875,0.29936712788953435,0.4158438306085691,0.28125,0.2297209150846507,0.33924702210166807,0.0,0.0,0.01478385642587143,0.0022135808839690175,0.0029639118021729145,91,72,93
assurance,mainland,0.0,0.5,0.7,neutral,100,a0.5_d0.5,0.5,lifetime,lifetime,256,256,0.0,0.0,0.01478385642587143,48.0,0.0,6.67265625,0.3671875,0.3105076134241139,0.4277943484390082,0.359375,0.30307650360756977,0.4198314560122066,0.2734375,0.22248853918114145,0.33108539576183155,0.0,0.0,0.01478385642587143,0.0006586012920321333,0.003062438605079496,92,70,94,0.359375,0.30307650360756977,0.4198314560122066,0.41015625,0.3516648037328092,0.47130417046871464,0.23046875,0.183093576056734,0.28581334654783735,0.0,0.0,0.01478385642587143,-0.00015631728606374257,0.003087299714048767,105,59,92
assurance,mainland,0.0,0.5,0.7,neutral,100,a0.5_d0.9,0.9,lifetime,lifetime,256,162,0.3671875,0.3105076134241139,0.4277943484390082,29.60546875,1.4547249775018434,6.67265625,0.19921875,0.15489813913670408,0.2524327744944842,0.2265625,0.1795467073799799,0.28166321410291856,0.20703125,0.16190727728556475,0.2608176385889693,0.3671875,0.3105076134241139,0.4277943484390082,-0.0010423021548610196,0.0035903461563908004,58,53,51,0.25390625,0.20449864653192884,0.31059028280267975,0.21484375,0.16894358808976334,0.26917533002811644,0.1640625,0.12372760124959209,0.21433030228654026,0.3671875,0.3105076134241139,0.4277943484390082,0.00372736403722902,0.0036839610036932926,55,42,65
assurance,mainland,0.0,0.5,0.7,neutral,200,a0.5_d0.0,0.0,lifetime,lifetime,256,256,0.0,0.0,0.01478385642587143,48.0,0.0,6.3741796875,0.390625,0.33289789371255574,0.45158607488060365,0.359375,0.30307650360756977,0.4198314560122066,0.25,0.20091686568173925,0.3064750625311965,0.0,0.0,0.01478385642587143,0.0028903950422648574,0.003381507364907456,92,64,100,0.38671875,0.3291562242738866,0.4476307431975999,0.36328125,0.3067900082905613,0.4238149524508879,0.25,0.20091686568173925,0.3064750625311965,0.0,0.0,0.01478385642587143,0.001517257637002449,0.003344503437829189,93,64,99
assurance,mainland,0.0,0.5,0.7,neutral,200,a0.5_d0.5,0.5,lifetime,lifetime,256,256,0.0,0.0,0.01478385642587143,48.0,0.0,6.3741796875,0.37890625,0.32168476294187087,0.43970820228626983,0.40625,0.34790367679855766,0.4673682962812932,0.21484375,0.16894358808976334,0.26917533002811644,0.0,0.0,0.01478385642587143,-0.0018650480228265156,0.0034446981657169887,104,55,97,0.421875,0.36297114591343,0.4830888316531124,0.41015625,0.3516648037328092,0.47130417046871464,0.16796875,0.12715856241588983,0.2185963422419154,0.0,0.0,0.01478385642587143,0.001270928864493974,0.0035305741884864,105,43,108
assurance,mainland,0.0,0.5,0.7,neutral,200,a0.5_d0.9,0.9,lifetime,lifetime,256,89,0.65234375,0.5921439269335277,0.7080391168117145,16.0234375,1.4074483422186739,6.3741796875,0.14453125,0.10671067600593546,0.1928622219218325,0.10546875,0.07350191137657121,0.14910097533446798,0.09765625,0.06702402222215342,0.14018486224554,0.65234375,0.5921439269335277,0.7080391168117145,0.0062845441071019146,0.0056524165197133006,27,25,37,0.17578125,0.13404604842154846,0.22710285847960257,0.109375,0.07676405306596229,0.15353583476674978,0.0625,0.03883364112851165,0.09910223324412587,0.65234375,0.5921439269335277,0.7080391168117145,0.016621409118068562,0.005620271092899025,28,16,45
assurance,mainland,0.0,0.5,0.7,neutral,400,a0.5_d0.0,0.0,lifetime,lifetime,256,256,0.0,0.0,0.01478385642587143,48.0,0.0,6.144931640625,0.41015625,0.3516648037328092,0.47130417046871464,0.37109375,0.3142292916101357,0.43176967137465927,0.21875,0.1724715978199255,0.27334432141962717,0.0,0.0,0.01478385642587143,0.0036830066403501357,0.003505409818290108,95,56,105,0.41015625,0.3516648037328092,0.47130417046871464,0.37890625,0.32168476294187087,0.43970820228626983,0.2109375,0.16542210475657976,0.26499981223962715,0.0,0.0,0.01478385642587143,7.247203972949299e-05,0.003453426664271,97,54,105
assurance,mainland,0.0,0.5,0.7,neutral,400,a0.5_d0.5,0.5,lifetime,lifetime,256,256,0.0,0.0,0.01478385642587143,48.0,0.0,6.144931640625,0.390625,0.33289789371255574,0.45158607488060365,0.4140625,0.3554297681158383,0.4752362072073583,0.1953125,0.15140411996625466,0.24822979254326075,0.0,0.0,0.01478385642587143,-0.0017580641100685716,0.0035665487264029193,106,50,100,0.41796875,0.35919855391479266,0.4791644225300769,0.421875,0.36297114591343,0.4830888316531124,0.16015625,0.12030547683153675,0.21005542558292273,0.0,0.0,0.01478385642587143,0.0015082638531158494,0.0036019194825374964,108,41,107
assurance,mainland,0.0,0.5,0.7,neutral,400,a0.5_d0.9,0.9,lifetime,lifetime,256,17,0.93359375,0.896237847364858,0.9581292771408316,3.1875,0.7484358689961352,6.144931640625,0.03125,0.015918258891511296,0.06044160650774316,0.0234375,0.010784867555857603,0.0501809956000511,0.01171875,0.003993287123007758,0.033881572667882304,0.93359375,0.896237847364858,0.9581292771408316,0.010494287539516952,0.01594197632785925,6,3,8,0.03125,0.015918258891511296,0.06044160650774316,0.01953125,0.008370729784579391,0.04489813224965644,0.015625,0.006092598203366294,0.039479262709196654,0.93359375,0.896237847364858,0.9581292771408316,0.015619363781900306,0.014739189591218595,5,4,8
assurance,mainland,0.0,0.5,0.7,selected,10,a0.5_d0.0,0.0,lifetime,lifetime,256,256,0.0,0.0,0.01478385642587143,48.0,0.0,8.490234375,0.15234375,0.11348877125313496,0.20147812891797878,0.2109375,0.16542210475657976,0.26499981223962715,0.63671875,0.576185047549112,0.6932099917094386,0.0,0.0,0.01478385642587143,-0.0016020171712542823,0.0013310959245026752,54,163,39,0.1796875,0.13750213221413665,0.23134377580868726,0.171875,0.13059812036467136,0.2228537854148068,0.6484375,0.5881479534238914,0.704338089199678,0.0,0.0,0.01478385642587143,0.0008941102186877292,0.0013504374103874258,44,166,46
assurance,mainland,0.0,0.5,0.7,selected,10,a0.5_d0.5,0.5,lifetime,lifetime,256,256,0.0,0.0,0.01478385642587143,48.0,0.0,8.490234375,0.26171875,0.21167863808724405,0.31880429349071027,0.21875,0.1724715978199255,0.27334432141962717,0.51953125,0.4584937753463775,0.5799912302619868,0.0,0.0,0.01478385642587143,0.0014329023859632967,0.0015920465399899995,56,133,67,0.234375,0.1866465082202543,0.2899574155059899,0.06640625,0.04187072285916844,0.10376215263514196,0.69921875,0.6404354133918495,0.7521116438134674,0.0,0.0,0.01478385642587143,0.00665661183008188,0.001150191450047772,17,179,60
assurance,mainland,0.0,0.5,0.7,selected,10,a0.5_d0.9,0.9,lifetime,lifetime,256,256,0.0,0.0,0.01478385642587143,47.2109375,0.35507976387027684,8.490234375,0.2734375,0.22248853918114145,0.33108539576183155,0.2109375,0.16542210475657976,0.26499981223962715,0.515625,0.4546288138005892,0.5761591906861023,0.0,0.0,0.01478385642587143,0.002351610980218087,0.0017848941648469121,54,132,70,0.375,0.31795501653541774,0.43574094757105014,0.03515625,0.018604096092635542,0.0654527704282918,0.58984375,0.5286958295312854,0.6483351962671908,0.0,0.0,0.01478385642587143,0.013381189177707323,0.001105991564639164,9,151,96
assurance,mainland,0.0,0.5,0.7,selected,40,a0.5_d0.0,0.0,lifetime,lifetime,256,256,0.0,0.0,0.01478385642587143,48.0,0.0,7.18935546875,0.375,0.31795501653541774,0.43574094757105014,0.33203125,0.2771993280647148,0.3918296237033514,0.29296875,0.240606845197983,0.3514520953533543,0.0,0.0,0.01478385642587143,0.0024951567843420996,0.002600093198024215,85,75,96,0.3125,0.2588458887858718,0.37169805737383,0.296875,0.24424521529493903,0.35551072637807124,0.390625,0.33289789371255574,0.45158607488060365,0.0,0.0,0.01478385642587143,-0.00015801824002597653,0.002354106391277604,76,100,80
assurance,mainland,0.0,0.5,0.7,selected,40,a0.5_d0.5,0.5,lifetime,lifetime,256,256,0.0,0.0,0.01478385642587143,48.0,0.0,7.18935546875,0.39453125,0.33664349360941154,0.45553747610542067,0.3515625,0.295661910800322,0.41185204657610863,0.25390625,0.20449864653192884,0.31059028280267975,0.0,0.0,0.01478385642587143,0.0022536712124072104,0.002955201919629657,90,65,101,0.546875,0.4856513509710702,0.6067126624890042,0.11328125,0.0800407222974869,0.15795616665689804,0.33984375,0.28457152593543,0.39985142807598195,0.0,0.0,0.01478385642587143,0.022753075678749957,0.0020327456708958236,29,87,140
assurance,mainland,0.0,0.5,0.7,selected,40,a0.5_d0.9,0.9,lifetime,lifetime,256,228,0.109375,0.07676405306596229,0.15353583476674978,42.2578125,0.9578348904237686,7.18935546875,0.359375,0.30307650360756977,0.4198314560122066,0.34765625,0.29196088318828545,0.40785607306647226,0.18359375,0.14096616877647156,0.23557674036802523,0.109375,0.07676405306596229,0.15353583476674978,-0.0010170827620836847,0.00350004512484052,89,47,92,0.71484375,0.6566796990946451,0.7666553625973633,0.00390625,0.0006898821669617927,0.021790975380582514,0.171875,0.13059812036467136,0.2228537854148068,0.109375,0.07676405306596229,0.15353583476674978,0.042592435321246236,0.0016160832458926978,1,44,183
assurance,mainland,0.0,0.5,0.7,selected,50,a0.5_d0.0,0.0,lifetime,lifetime,256,256,0.0,0.0,0.01478385642587143,48.0,0.0,7.036875,0.35546875,0.29936712788953435,0.4158438306085691,0.359375,0.30307650360756977,0.4198314560122066,0.28515625,0.23334463740263667,0.3433203009053549,0.0,0.0,0.01478385642587143,0.0015736405887945685,0.002782414538258013,92,73,91,0.328125,0.2735197547273731,0.38781219591902016,0.3046875,0.25153621542356636,0.36361372849278967,0.3671875,0.3105076134241139,0.4277943484390082,0.0,0.0,0.01478385642587143,0.001090450582937528,0.0024284717754494557,78,94,84
assurance,mainland,0.0,0.5,0.7,selected,50,a0.5_d0.5,0.5,lifetime,lifetime,256,256,0.0,0.0,0.01478385642587143,48.0,0.0,7.036875,0.46484375,0.4047172917918608,0.5260096981130833,0.34765625,0.29196088318828545,0.40785607306647226,0.1875,0.14443796573655726,0.2398019445296124,0.0,0.0,0.01478385642587143,0.004844819735369588,0.0031716071004792845,89,48,119,0.58984375,0.5286958295312854,0.6483351962671908,0.10546875,0.07350191137657121,0.14910097533446798,0.3046875,0.25153621542356636,0.36361372849278967,0.0,0.0,0.01478385642587143,0.027555202332225068,0.0021252198091404064,27,78,151
assurance,mainland,0.0,0.5,0.7,selected,50,a0.5_d0.9,0.9,lifetime,lifetime,256,218,0.1484375,0.1100947469586396,0.19717515209080125,40.35546875,1.0965678152321603,7.036875,0.359375,0.30307650360756977,0.4198314560122066,0.34765625,0.29196088318828545,0.40785607306647226,0.14453125,0.10671067600593546,0.1928622219218325,0.1484375,0.1100947469586396,0.19717515209080125,-0.001498951273131022,0.003755207074954107,89,37,92,0.69921875,0.6404354133918495,0.7521116438134674,0.015625,0.006092598203366294,0.039479262709196654,0.13671875,0.09997371828318014,0.1842051774012421,0.1484375,0.1100947469586396,0.19717515209080125,0.047894047275182546,0.001883136491441954,4,35,179
assurance,mainland,0.0,0.5,0.7,selected,100,a0.5_d0.0,0.0,lifetime,lifetime,256,256,0.0,0.0,0.01478385642587143,48.0,0.0,6.67265625,0.3671875,0.3105076134241139,0.4277943484390082,0.3984375,0.3403930035879241,0.459484967248581,0.234375,0.1866465082202543,0.2899574155059899,0.0,0.0,0.01478385642587143,4.928580803145949e-05,0.0032119763029142597,102,60,94,0.3515625,0.295661910800322,0.41185204657610863,0.35546875,0.29936712788953435,0.4158438306085691,0.29296875,0.240606845197983,0.3514520953533543,0.0,0.0,0.01478385642587143,-0.00046547045333602296,0.003015690751456539,91,75,90
assurance,mainland,0.0,0.5,0.7,selected,100,a0.5_d0.5,0.5,lifetime,lifetime,256,256,0.0,0.0,0.01478385642587143,48.0,0.0,6.67265625,0.4375,0.37809929934301556,0.4987486827102183,0.38671875,0.3291562242738866,0.4476307431975999,0.17578125,0.13404604842154846,0.22710285847960257,0.0,0.0,0.01478385642587143,0.0030590689410387962,0.0035133191680380687,99,45,112,0.71875,0.6607529778983319,0.7702790849153494,0.08984375,0.06061336726621258,0.1312015149581351,0.19140625,0.14791734057779737,0.24401957081004516,0.0,0.0,0.01478385642587143,0.04027026967765382,0.0024691444852562314,23,49,184
assurance,mainland,0.0,0.5,0.7,selected,100,a0.5_d0.9,0.9,lifetime,lifetime,256,173,0.32421875,0.2698445830530154,0.38379036647170506,31.62890625,1.4098184359233832,6.67265625,0.29296875,0.240606845197983,0.3514520953533543,0.27734375,0.22610219451112512,0.3351687415535207,0.10546875,0.07350191137657121,0.14910097533446798,0.32421875,0.2698445830530154,0.38379036647170506,0.0007017147424195468,0.004473861371298348,71,27,75,0.625,0.5642590524289499,0.6820449834645823,0.00390625,0.0006898821669617927,0.021790975380582514,0.046875,0.027014851001628076,0.0801330188843179,0.32421875,0.2698445830530154,0.38379036647170506,0.06384466843248189,0.0019290750544477232,1,12,160
assurance,mainland,0.0,0.5,0.7,selected,200,a0.5_d0.0,0.0,lifetime,lifetime,256,256,0.0,0.0,0.01478385642587143,48.0,0.0,6.3741796875,0.37890625,0.32168476294187087,0.43970820228626983,0.39453125,0.33664349360941154,0.45553747610542067,0.2265625,0.1795467073799799,0.28166321410291856,0.0,0.0,0.01478385642587143,0.0011078355735346821,0.003385993697508317,101,58,97,0.37890625,0.32168476294187087,0.43970820228626983,0.3671875,0.3105076134241139,0.4277943484390082,0.25390625,0.20449864653192884,0.31059028280267975,0.0,0.0,0.01478385642587143,0.0007121654723016028,0.0033773360411279607,94,65,97
assurance,mainland,0.0,0.5,0.7,selected,200,a0.5_d0.5,0.5,lifetime,lifetime,256,256,0.0,0.0,0.01478385642587143,48.0,0.0,6.3741796875,0.40234375,0.3441464041785611,0.46342856777961694,0.390625,0.33289789371255574,0.45158607488060365,0.20703125,0.16190727728556475,0.2608176385889693,0.0,0.0,0.01478385642587143,0.0017293457772946195,0.0036408029823156492,100,53,103,0.72265625,0.6648312584464792,0.7738978054888749,0.09765625,0.06702402222215342,0.14018486224554,0.1796875,0.13750213221413665,0.23134377580868726,0.0,0.0,0.01478385642587143,0.0444644680348569,0.0026396500538987803,25,46,185
assurance,mainland,0.0,0.5,0.7,selected,200,a0.5_d0.9,0.9,lifetime,lifetime,256,94,0.6328125,0.5722056515609918,0.6894923865758861,17.45703125,1.4448688334341993,6.3741796875,0.140625,0.10333688392273097,0.18853901288336414,0.140625,0.10333688392273097,0.18853901288336414,0.0859375,0.05743557903626671,0.12668230206640807,0.6328125,0.5722056515609918,0.6894923865758861,-0.0017458588757112998,0.006144067507871721,36,22,36,0.3359375,0.280883264256863,0.395842688632876,0.00390625,0.0006898821669617927,0.021790975380582514,0.02734375,0.013307156355121155,0.05535570792246043,0.6328125,0.5722056515609918,0.6894923865758861,0.06669144698962491,0.0027662513606232096,1,7,86
assurance,mainland,0.0,0.5,0.7,selected,400,a0.5_d0.0,0.0,lifetime,lifetime,256,256,0.0,0.0,0.01478385642587143,48.0,0.0,6.144931640625,0.38671875,0.3291562242738866,0.4476307431975999,0.3828125,0.3254185065983358,0.4436714597514778,0.23046875,0.183093576056734,0.28581334654783735,0.0,0.0,0.01478385642587143,0.0015331640370034902,0.003430548903528606,98,59,99,0.390625,0.33289789371255574,0.45158607488060365,0.37109375,0.3142292916101357,0.43176967137465927,0.23828125,0.1902054003663705,0.2940955244815466,0.0,0.0,0.01478385642587143,0.000554496464719118,0.0035246114677230807,95,61,100
assurance,mainland,0.0,0.5,0.7,selected,400,a0.5_d0.5,0.5,lifetime,lifetime,256,256,0.0,0.0,0.01478385642587143,48.0,0.0,6.144931640625,0.41015625,0.3516648037328092,0.47130417046871464,0.39453125,0.33664349360941154,0.45553747610542067,0.1953125,0.15140411996625466,0.24822979254326075,0.0,0.0,0.01478385642587143,0.001519114794574057,0.0036690240053773356,101,50,105,0.7578125,0.7017722273812026,0.8062298466492075,0.08203125,0.05427759190690546,0.12214328807409647,0.16015625,0.12030547683153675,0.21005542558292273,0.0,0.0,0.01478385642587143,0.04707793054850381,0.0026094513654624546,21,41,194
assurance,mainland,0.0,0.5,0.7,selected,400,a0.5_d0.9,0.9,lifetime,lifetime,256,24,0.90625,0.8642979648370562,0.9361901518169232,4.5,0.8761547002804524,6.144931640625,0.0390625,0.0213540358427329,0.07039983179986732,0.03515625,0.018604096092635542,0.0654527704282918,0.01953125,0.008370729784579391,0.04489813224965644,0.90625,0.8642979648370562,0.9361901518169232,-0.004272121351552106,0.013459705346494771,9,5,10,0.0859375,0.05743557903626671,0.12668230206640807,0.00390625,0.0006898821669617927,0.021790975380582514,0.00390625,0.0006898821669617927,0.021790975380582514,0.90625,0.8642979648370562,0.9361901518169232,0.0678474171981876,0.0066657440821638264,1,1,22
assurance,mainland,0.75,0.1,0.3,neutral,10,a0.1_d0.0,0.0,lifetime,lifetime,256,256,0.0,0.0,0.01478385642587143,45.2265625,0.3856903382177019,8.490234375,0.07421875,0.048026107191811204,0.11300077054584494,0.04296875,0.024159813300607562,0.07529105546366555,0.8828125,0.8376373983055787,0.9166687116183634,0.0,0.0,0.01478385642587143,0.0014109408153548109,0.0008478582619747137,11,226,19,0.0859375,0.05743557903626671,0.12668230206640807,0.0625,0.03883364112851165,0.09910223324412587,0.8515625,0.8028248479091987,0.8899052530413604,0.0,0.0,0.01478385642587143,0.0008798259447732491,0.0008658044351322967,16,218,22
assurance,mainland,0.75,0.1,0.3,neutral,10,a0.1_d0.5,0.5,lifetime,lifetime,256,256,0.0,0.0,0.01478385642587143,36.70703125,0.8568051133146047,8.490234375,0.08203125,0.05427759190690546,0.12214328807409647,0.10546875,0.07350191137657121,0.14910097533446798,0.8125,0.7601980554703877,0.8555620342634428,0.0,0.0,0.01478385642587143,4.632060658080455e-05,0.0009814706106717557,27,208,21,0.06640625,0.04187072285916844,0.10376215263514196,0.0625,0.03883364112851165,0.09910223324412587,0.87109375,0.8244958864844745,0.9067192200744492,0.0,0.0,0.01478385642587143,-0.00025699474182303873,0.0008783502320567505,16,223,17
assurance,mainland,0.75,0.1,0.3,neutral,10,a0.1_d0.9,0.9,lifetime,lifetime,256,256,0.0,0.0,0.01478385642587143,25.359375,1.060695826202328,8.490234375,0.12109375,0.08663517067416432,0.1667557205235664,0.109375,0.07676405306596229,0.15353583476674978,0.76953125,0.7141866534521627,0.8169064239432661,0.0,0.0,0.01478385642587143,0.0002862067010722107,0.0010734550700077087,28,197,31,0.10546875,0.07350191137657121,0.14910097533446798,0.078125,0.05114064056843023,0.11758323829089878,0.81640625,0.7644232596319748,0.8590338312235285,0.0,0.0,0.01478385642587143,0.0004923083057436846,0.00098297254594681,20,209,27
assurance,mainland,0.75,0.1,0.3,neutral,40,a0.1_d0.0,0.0,lifetime,lifetime,256,251,0.01953125,0.008370729784579391,0.04489813224965644,39.609375,0.8748681404497592,7.18935546875,0.2109375,0.16542210475657976,0.26499981223962715,0.24609375,0.19734067215723067,0.3023542549340322,0.5234375,0.46236240094817116,0.5838196057818662,0.01953125,0.008370729784579391,0.04489813224965644,0.0010039246853782967,0.0016491100049903428,63,134,54,0.2265625,0.1795467073799799,0.28166321410291856,0.2109375,0.16542210475657976,0.26499981223962715,0.54296875,0.4817606408924305,0.6029063714459713,0.01953125,0.008370729784579391,0.04489813224965644,9.196575874493139e-05,0.0017823675052958605,54,139,58
assurance,mainland,0.75,0.1,0.3,neutral,40,a0.1_d0.5,0.5,lifetime,lifetime,256,158,0.3828125,0.3254185065983358,0.4436714597514778,19.375,1.3310834264745746,7.18935546875,0.171875,0.13059812036467136,0.2228537854148068,0.15234375,0.11348877125313496,0.20147812891797878,0.29296875,0.240606845197983,0.3514520953533543,0.3828125,0.3254185065983358,0.4436714597514778,-9.182095224979609e-05,0.0026233617976213655,39,75,44,0.1484375,0.1100947469586396,0.19717515209080125,0.140625,0.10333688392273097,0.18853901288336414,0.328125,0.2735197547273731,0.38781219591902016,0.3828125,0.3254185065983358,0.4436714597514778,-0.0004503622386285521,0.0023694471393717375,36,84,38
assurance,mainland,0.75,0.1,0.3,neutral,40,a0.1_d0.9,0.9,lifetime,lifetime,256,61,0.76171875,0.7059044755184534,0.8097945996336295,5.1796875,0.8064322295106421,7.18935546875,0.0703125,0.04493554746197091,0.10839432915401236,0.06640625,0.04187072285916844,0.10376215263514196,0.1015625,0.07025498422463894,0.14465090136472736,0.76171875,0.7059044755184534,0.8097945996336295,0.0009604150930069491,0.004349638207252473,17,26,18,0.06640625,0.04187072285916844,0.10376215263514196,0.0625,0.03883364112851165,0.09910223324412587,0.109375,0.07676405306596229,0.15353583476674978,0.76171875,0.7059044755184534,0.8097945996336295,0.0013848896521554037,0.004409261335311739,16,28,17
assurance,mainland,0.75,0.1,0.3,neutral,50,a0.1_d0.0,0.0,lifetime,lifetime,256,248,0.03125,0.015918258891511296,0.06044160650774316,38.671875,0.9587257095818571,7.036875,0.2734375,0.22248853918114145,0.33108539576183155,0.26171875,0.21167863808724405,0.31880429349071027,0.43359375,0.37431161888417475,0.4948393620473863,0.03125,0.015918258891511296,0.06044160650774316,0.0005777904803315022,0.0019319797573084745,67,111,70,0.25,0.20091686568173925,0.3064750625311965,0.25390625,0.20449864653192884,0.31059028280267975,0.46484375,0.4047172917918608,0.5260096981130833,0.03125,0.015918258891511296,0.06044160650774316,-0.00018810808300127231,0.0019765778540885206,65,119,64
assurance,mainland,0.75,0.1,0.3,neutral,50,a0.1_d0.5,0.5,lifetime,lifetime,256,135,0.47265625,0.4123556863984164,0.5337653057498734,16.05078125,1.2850975815770147,7.036875,0.14453125,0.10671067600593546,0.1928622219218325,0.16015625,0.12030547683153675,0.21005542558292273,0.22265625,0.17600601030365376,0.27750691005757183,0.47265625,0.4123556863984164,0.5337653057498734,-0.0007287209861997322,0.0027356411577386143,41,57,37,0.15234375,0.11348877125313496,0.20147812891797878,0.09765625,0.06702402222215342,0.14018486224554,0.27734375,0.22610219451112512,0.3351687415535207,0.47265625,0.4123556863984164,0.5337653057498734,0.004196923914379937,0.0028807737110622387,25,71,39
assurance,mainland,0.75,0.1,0.3,neutral,50,a0.1_d0.9,0.9,lifetime,lifetime,256,40,0.84375,0.7942285422215228,0.8831075564856906,3.1953125,0.6451201910431452,7.036875,0.04296875,0.024159813300607562,0.07529105546366555,0.046875,0.027014851001628076,0.0801330188843179,0.06640625,0.04187072285916844,0.10376215263514196,0.84375,0.7942285422215228,0.8831075564856906,-0.002885462494259673,0.006028637283738173,12,17,11,0.046875,0.027014851001628076,0.0801330188843179,0.04296875,0.024159813300607562,0.07529105546366555,0.06640625,0.04187072285916844,0.10376215263514196,0.84375,0.7942285422215228,0.8831075564856906,0.0004941450543042112,0.0059732353340113615,11,17,12
assurance,mainland,0.75,0.1,0.3,neutral,100,a0.1_d0.0,0.0,lifetime,lifetime,256,203,0.20703125,0.16190727728556475,0.2608176385889693,32.21875,1.270902139731659,6.67265625,0.30078125,0.24788835618653265,0.35956458660815055,0.26171875,0.21167863808724405,0.31880429349071027,0.23046875,0.183093576056734,0.28581334654783735,0.20703125,0.16190727728556475,0.2608176385889693,0.0036123110450111875,0.0029614688273199704,67,59,77,0.22265625,0.17600601030365376,0.27750691005757183,0.2578125,0.20808593083982155,0.31469999961646,0.3125,0.2588458887858718,0.37169805737383,0.20703125,0.16190727728556475,0.2608176385889693,-0.0036949849140472156,0.0028456292516445816,66,80,57
assurance,mainland,0.75,0.1,0.3,neutral,100,a0.1_d0.5,0.5,lifetime,lifetime,256,49,0.80859375,0.7559804291899548,0.8520826594222026,6.38671875,0.961520022852702,6.67265625,0.04296875,0.024159813300607562,0.07529105546366555,0.0703125,0.04493554746197091,0.10839432915401236,0.078125,0.05114064056843023,0.11758323829089878,0.80859375,0.7559804291899548,0.8520826594222026,-0.005513825307091314,0.005110108055550775,18,20,11,0.0625,0.03883364112851165,0.09910223324412587,0.03515625,0.018604096092635542,0.0654527704282918,0.09375,0.0638098481830768,0.13570203516294374,0.80859375,0.7559804291899548,0.8520826594222026,0.004562842740007208,0.004908542741500104,9,24,16
assurance,mainland,0.75,0.1,0.3,neutral,100,a0.1_d0.9,0.9,lifetime,lifetime,256,3,0.98828125,0.9661184273321177,0.9960067128769923,0.359375,0.25125108220916087,6.67265625,0.00390625,0.0006898821669617927,0.021790975380582514,0.0,0.0,0.01478385642587143,0.0078125,0.002145090367681419,0.028032768301535768,0.98828125,0.9661184273321177,0.9960067128769923,0.013464688627705982,0.01566950653998638,0,2,1,0.00390625,0.0006898821669617927,0.021790975380582514,0.00390625,0.0006898821669617927,0.021790975380582514,0.00390625,0.0006898821669617927,0.021790975380582514,0.98828125,0.9661184273321177,0.9960067128769923,-0.010681394059598984,0.026036581012667682,1,1,1
assurance,mainland,0.75,0.1,0.3,neutral,200,a0.1_d0.0,0.0,lifetime,lifetime,256,126,0.5078125,0.44690987163300716,0.5684841306103388,20.3671875,1.4126826424896513,6.3741796875,0.203125,0.15839924133131683,0.25662867342154433,0.1796875,0.13750213221413665,0.23134377580868726,0.109375,0.07676405306596229,0.15353583476674978,0.5078125,0.44690987163300716,0.5684841306103388,0.001700535426171861,0.004741398751866484,46,28,52,0.19140625,0.14791734057779737,0.24401957081004516,0.1640625,0.12372760124959209,0.21433030228654026,0.13671875,0.09997371828318014,0.1842051774012421,0.5078125,0.44690987163300716,0.5684841306103388,0.0009294089583911792,0.004532672367486486,42,35,49
assurance,mainland,0.75,0.1,0.3,neutral,200,a0.1_d0.5,0.5,lifetime,lifetime,256,6,0.9765625,0.9498190043999489,0.9892151324441424,0.8515625,0.3798372526031031,6.3741796875,0.0078125,0.002145090367681419,0.028032768301535768,0.00390625,0.0006898821669617927,0.021790975380582514,0.01171875,0.003993287123007758,0.033881572667882304,0.9765625,0.9498190043999489,0.9892151324441424,-0.0037426342653604228,0.014427763937422584,1,3,2,0.0078125,0.002145090367681419,0.028032768301535768,0.0078125,0.002145090367681419,0.028032768301535768,0.0078125,0.002145090367681419,0.028032768301535768,0.9765625,0.9498190043999489,0.9892151324441424,0.005617838612441445,0.020600684191990997,2,2,2
assurance,mainland,0.75,0.1,0.3,neutral,200,a0.1_d0.9,0.9,lifetime,lifetime,256,0,1.0,0.9852161435741286,1.0,0.0,0.0,6.3741796875,0.0,0.0,0.01478385642587143,0.0,0.0,0.01478385642587143,0.0,0.0,0.01478385642587143,1.0,0.9852161435741286,1.0,,,0,0,0,0.0,0.0,0.01478385642587143,0.0,0.0,0.01478385642587143,0.0,0.0,0.01478385642587143,1.0,0.9852161435741286,1.0,,,0,0,0
assurance,mainland,0.75,0.1,0.3,neutral,400,a0.1_d0.0,0.0,lifetime,lifetime,256,64,0.75,0.6935249374688035,0.7990831343182607,9.19921875,1.1176834509940963,6.144931640625,0.125,0.08995183318684266,0.17113605913256094,0.06640625,0.04187072285916844,0.10376215263514196,0.05859375,0.03582660763317509,0.09441226561778955,0.75,0.6935249374688035,0.7990831343182607,0.01070554638100321,0.007125438722030996,17,15,32,0.109375,0.07676405306596229,0.15353583476674978,0.0625,0.03883364112851165,0.09910223324412587,0.078125,0.05114064056843023,0.11758323829089878,0.75,0.6935249374688035,0.7990831343182607,0.006788639516160301,0.0065158232893872394,16,20,28
assurance,mainland,0.75,0.1,0.3,neutral,400,a0.1_d0.5,0.5,lifetime,lifetime,256,0,1.0,0.9852161435741286,1.0,0.0,0.0,6.144931640625,0.0,0.0,0.01478385642587143,0.0,0.0,0.01478385642587143,0.0,0.0,0.01478385642587143,1.0,0.9852161435741286,1.0,,,0,0,0,0.0,0.0,0.01478385642587143,0.0,0.0,0.01478385642587143,0.0,0.0,0.01478385642587143,1.0,0.9852161435741286,1.0,,,0,0,0
assurance,mainland,0.75,0.1,0.3,neutral,400,a0.1_d0.9,0.9,lifetime,lifetime,256,0,1.0,0.9852161435741286,1.0,0.0,0.0,6.144931640625,0.0,0.0,0.01478385642587143,0.0,0.0,0.01478385642587143,0.0,0.0,0.01478385642587143,1.0,0.9852161435741286,1.0,,,0,0,0,0.0,0.0,0.01478385642587143,0.0,0.0,0.01478385642587143,0.0,0.0,0.01478385642587143,1.0,0.9852161435741286,1.0,,,0,0,0
assurance,mainland,0.75,0.1,0.3,selected,10,a0.1_d0.0,0.0,lifetime,lifetime,256,256,0.0,0.0,0.01478385642587143,45.234375,0.36848793238215344,8.490234375,0.0859375,0.05743557903626671,0.12668230206640807,0.06640625,0.04187072285916844,0.10376215263514196,0.84765625,0.7985218710820212,0.886511228746865,0.0,0.0,0.01478385642587143,0.00010621437550434386,0.0008791319842193978,17,217,22,0.09375,0.0638098481830768,0.13570203516294374,0.05078125,0.029913811386553534,0.08493105962106533,0.85546875,0.8071377780781674,0.8932893239940645,0.0,0.0,0.01478385642587143,0.001541788207641542,0.0008461061438459946,13,219,24
assurance,mainland,0.75,0.1,0.3,selected,10,a0.1_d0.5,0.5,lifetime,lifetime,256,256,0.0,0.0,0.01478385642587143,36.609375,0.8380223851878781,8.490234375,0.078125,0.05114064056843023,0.11758323829089878,0.08203125,0.05427759190690546,0.12214328807409647,0.83984375,0.7899445744170772,0.8796945231684632,0.0,0.0,0.01478385642587143,0.00047085619813180455,0.0008759487169143251,21,215,20,0.06640625,0.04187072285916844,0.10376215263514196,0.0625,0.03883364112851165,0.09910223324412587,0.87109375,0.8244958864844745,0.9067192200744492,0.0,0.0,0.01478385642587143,0.0022035425444409144,0.0008493292007570946,16,223,17
assurance,mainland,0.75,0.1,0.3,selected,10,a0.1_d0.9,0.9,lifetime,lifetime,256,256,0.0,0.0,0.01478385642587143,25.04296875,1.0463414271183253,8.490234375,0.1171875,0.08333128838163656,0.16236260169442127,0.11328125,0.0800407222974869,0.15795616665689804,0.76953125,0.7141866534521627,0.8169064239432661,0.0,0.0,0.01478385642587143,0.0003044213593641342,0.0010716212970345498,29,197,30,0.14453125,0.10671067600593546,0.1928622219218325,0.0546875,0.03285229140400938,0.08968958072528235,0.80078125,0.7475672255055158,0.845101860863296,0.0,0.0,0.01478385642587143,0.004428716877630386,0.0009915234041487826,14,205,37
assurance,mainland,0.75,0.1,0.3,selected,40,a0.1_d0.0,0.0,lifetime,lifetime,256,250,0.0234375,0.010784867555857603,0.0501809956000511,40.375,0.8649811569975292,7.18935546875,0.2578125,0.20808593083982155,0.31469999961646,0.32421875,0.2698445830530154,0.38379036647170506,0.39453125,0.33664349360941154,0.45553747610542067,0.0234375,0.010784867555857603,0.0501809956000511,-0.003235812218572132,0.0021390132268244203,83,101,66,0.32421875,0.2698445830530154,0.38379036647170506,0.1796875,0.13750213221413665,0.23134377580868726,0.47265625,0.4123556863984164,0.5337653057498734,0.0234375,0.010784867555857603,0.0501809956000511,0.007103231455990182,0.0019432766847783357,46,121,83
assurance,mainland,0.75,0.1,0.3,selected,40,a0.1_d0.5,0.5,lifetime,lifetime,256,166,0.3515625,0.295661910800322,0.41185204657610863,19.87890625,1.3200543921558106,7.18935546875,0.19140625,0.14791734057779737,0.24401957081004516,0.16015625,0.12030547683153675,0.21005542558292273,0.296875,0.24424521529493903,0.35551072637807124,0.3515625,0.295661910800322,0.41185204657610863,0.00020489323258343243,0.002358344532850277,41,76,49,0.24609375,0.19734067215723067,0.3023542549340322,0.08984375,0.06061336726621258,0.1312015149581351,0.3125,0.2588458887858718,0.37169805737383,0.3515625,0.295661910800322,0.41185204657610863,0.009477125147599847,0.0024941966364340758,23,80,63
assurance,mainland,0.75,0.1,0.3,selected,40,a0.1_d0.9,0.9,lifetime,lifetime,256,58,0.7734375,0.7183367858970815,0.8204532926200201,5.9375,0.9016851734174097,7.18935546875,0.07421875,0.048026107191811204,0.11300077054584494,0.07421875,0.048026107191811204,0.11300077054584494,0.078125,0.05114064056843023,0.11758323829089878,0.7734375,0.7183367858970815,0.8204532926200201,-0.0016154359720667085,0.004791382667126277,19,20,19,0.0703125,0.04493554746197091,0.10839432915401236,0.03125,0.015918258891511296,0.06044160650774316,0.125,0.08995183318684266,0.17113605913256094,0.7734375,0.7183367858970815,0.8204532926200201,0.010215875232374863,0.0040012645155636465,8,32,18
assurance,mainland,0.75,0.1,0.3,selected,50,a0.1_d0.0,0.0,lifetime,lifetime,256,245,0.04296875,0.024159813300607562,0.07529105546366555,39.1640625,0.969408847551007,7.036875,0.25,0.20091686568173925,0.3064750625311965,0.31640625,0.26250760743602425,0.37573333984535046,0.390625,0.33289789371255574,0.45158607488060365,0.04296875,0.024159813300607562,0.07529105546366555,-0.004574250944305532,0.0023012850205477164,81,100,64,0.38671875,0.3291562242738866,0.4476307431975999,0.171875,0.13059812036467136,0.2228537854148068,0.3984375,0.3403930035879241,0.459484967248581,0.04296875,0.024159813300607562,0.07529105546366555,0.009187769021626125,0.0020450695033568944,44,102,99
assurance,mainland,0.75,0.1,0.3,selected,50,a0.1_d0.5,0.5,lifetime,lifetime,256,135,0.47265625,0.4123556863984164,0.5337653057498734,16.7109375,1.302456962325501,7.036875,0.14453125,0.10671067600593546,0.1928622219218325,0.1640625,0.12372760124959209,0.21433030228654026,0.21875,0.1724715978199255,0.27334432141962717,0.47265625,0.4123556863984164,0.5337653057498734,0.0004225591705661391,0.0028687996583754735,42,56,37,0.2265625,0.1795467073799799,0.28166321410291856,0.10546875,0.07350191137657121,0.14910097533446798,0.1953125,0.15140411996625466,0.24822979254326075,0.47265625,0.4123556863984164,0.5337653057498734,0.011180328777979663,0.002911699873707057,27,50,58
assurance,mainland,0.75,0.1,0.3,selected,50,a0.1_d0.9,0.9,lifetime,lifetime,256,42,0.8359375,0.7856696977134597,0.8762723987504079,4.23828125,0.7839191154652109,7.036875,0.0625,0.03883364112851165,0.09910223324412587,0.05859375,0.03582660763317509,0.09441226561778955,0.04296875,0.024159813300607562,0.07529105546366555,0.8359375,0.7856696977134597,0.8762723987504079,0.0024020060515350084,0.006161721049876231,15,11,16,0.08984375,0.06061336726621258,0.1312015149581351,0.03125,0.015918258891511296,0.06044160650774316,0.04296875,0.024159813300607562,0.07529105546366555,0.8359375,0.7856696977134597,0.8762723987504079,0.012122153316099468,0.005276116891972716,8,11,23
assurance,mainland,0.75,0.1,0.3,selected,100,a0.1_d0.0,0.0,lifetime,lifetime,256,208,0.1875,0.14443796573655726,0.2398019445296124,32.8828125,1.2501500178054612,6.67265625,0.26171875,0.21167863808724405,0.31880429349071027,0.35546875,0.29936712788953435,0.4158438306085691,0.1953125,0.15140411996625466,0.24822979254326075,0.1875,0.14443796573655726,0.2398019445296124,-0.005033109472294365,0.003188835289836039,91,50,67,0.38671875,0.3291562242738866,0.4476307431975999,0.16796875,0.12715856241588983,0.2185963422419154,0.2578125,0.20808593083982155,0.31469999961646,0.1875,0.14443796573655726,0.2398019445296124,0.014696375110629859,0.002837624357036527,43,66,99
assurance,mainland,0.75,0.1,0.3,selected,100,a0.1_d0.5,0.5,lifetime,lifetime,256,48,0.8125,0.7601980554703877,0.8555620342634428,6.30859375,0.9666673620297586,6.67265625,0.0703125,0.04493554746197091,0.10839432915401236,0.05859375,0.03582660763317509,0.09441226561778955,0.05859375,0.03582660763317509,0.09441226561778955,0.8125,0.7601980554703877,0.8555620342634428,-0.002819409308952254,0.006456310468818253,15,15,18,0.12109375,0.08663517067416432,0.1667557205235664,0.0078125,0.002145090367681419,0.028032768301535768,0.05859375,0.03582660763317509,0.09441226561778955,0.8125,0.7601980554703877,0.8555620342634428,0.035798710527270815,0.0047388672166718895,2,15,31
assurance,mainland,0.75,0.1,0.3,selected,100,a0.1_d0.9,0.9,lifetime,lifetime,256,6,0.9765625,0.9498190043999489,0.9892151324441424,0.609375,0.305458348043896,6.67265625,0.015625,0.006092598203366294,0.039479262709196654,0.0078125,0.002145090367681419,0.028032768301535768,0.0,0.0,0.01478385642587143,0.9765625,0.9498190043999489,0.9892151324441424,0.02547764931431666,0.022078702747304543,2,0,4,0.01953125,0.008370729784579391,0.04489813224965644,0.0,0.0,0.01478385642587143,0.00390625,0.0006898821669617927,0.021790975380582514,0.9765625,0.9498190043999489,0.9892151324441424,0.0403454762647964,0.011444825383271337,0,1,5
assurance,mainland,0.75,0.1,0.3,selected,200,a0.1_d0.0,0.0,lifetime,lifetime,256,141,0.44921875,0.389484750270348,0.5104542351479046,22.8125,1.4254825894219467,6.3741796875,0.1796875,0.13750213221413665,0.23134377580868726,0.265625,0.21527669094275786,0.3229032417568694,0.10546875,0.07350191137657121,0.14910097533446798,0.44921875,0.389484750270348,0.5104542351479046,-0.010760287831261851,0.004624618955153578,68,27,46,0.32421875,0.2698445830530154,0.38379036647170506,0.09765625,0.06702402222215342,0.14018486224554,0.12890625,0.09328077992555084,0.17550411351552564,0.44921875,0.389484750270348,0.5104542351479046,0.02466640680669682,0.003647126537288676,25,33,83
assurance,mainland,0.75,0.1,0.3,selected,200,a0.1_d0.5,0.5,lifetime,lifetime,256,7,0.97265625,0.9446442920775396,0.9866928436448789,1.2578125,0.4725132334067325,6.3741796875,0.01171875,0.003993287123007758,0.033881572667882304,0.015625,0.006092598203366294,0.039479262709196654,0.0,0.0,0.01478385642587143,0.97265625,0.9446442920775396,0.9866928436448789,-0.022275900080391924,0.022568416124705445,4,0,3,0.02734375,0.013307156355121155,0.05535570792246043,0.0,0.0,0.01478385642587143,0.0,0.0,0.01478385642587143,0.97265625,0.9446442920775396,0.9866928436448789,0.05211628088187462,0.006266909267845593,0,0,7
assurance,mainland,0.75,0.1,0.3,selected,200,a0.1_d0.9,0.9,lifetime,lifetime,256,0,1.0,0.9852161435741286,1.0,0.0,0.0,6.3741796875,0.0,0.0,0.01478385642587143,0.0,0.0,0.01478385642587143,0.0,0.0,0.01478385642587143,1.0,0.9852161435741286,1.0,,,0,0,0,0.0,0.0,0.01478385642587143,0.0,0.0,0.01478385642587143,0.0,0.0,0.01478385642587143,1.0,0.9852161435741286,1.0,,,0,0,0
assurance,mainland,0.75,0.1,0.3,selected,400,a0.1_d0.0,0.0,lifetime,lifetime,256,72,0.71875,0.6607529778983319,0.7702790849153494,12.03125,1.2670754669594815,6.144931640625,0.08203125,0.05427759190690546,0.12214328807409647,0.140625,0.10333688392273097,0.18853901288336414,0.05859375,0.03582660763317509,0.09441226561778955,0.71875,0.6607529778983319,0.7702790849153494,-0.014797180979130202,0.006960603748607465,36,15,21,0.20703125,0.16190727728556475,0.2608176385889693,0.03515625,0.018604096092635542,0.0654527704282918,0.0390625,0.0213540358427329,0.07039983179986732,0.71875,0.6607529778983319,0.7702790849153494,0.04128931287969298,0.005327626723836599,9,10,53
assurance,mainland,0.75,0.1,0.3,selected,400,a0.1_d0.5,0.5,lifetime,lifetime,256,0,1.0,0.9852161435741286,1.0,0.0,0.0,6.144931640625,0.0,0.0,0.01478385642587143,0.0,0.0,0.01478385642587143,0.0,0.0,0.01478385642587143,1.0,0.9852161435741286,1.0,,,0,0,0,0.0,0.0,0.01478385642587143,0.0,0.0,0.01478385642587143,0.0,0.0,0.01478385642587143,1.0,0.9852161435741286,1.0,,,0,0,0
assurance,mainland,0.75,0.1,0.3,selected,400,a0.1_d0.9,0.9,lifetime,lifetime,256,0,1.0,0.9852161435741286,1.0,0.0,0.0,6.144931640625,0.0,0.0,0.01478385642587143,0.0,0.0,0.01478385642587143,0.0,0.0,0.01478385642587143,1.0,0.9852161435741286,1.0,,,0,0,0,0.0,0.0,0.01478385642587143,0.0,0.0,0.01478385642587143,0.0,0.0,0.01478385642587143,1.0,0.9852161435741286,1.0,,,0,0,0
assurance,mainland,0.75,0.1,0.7,neutral,10,a0.1_d0.0,0.0,lifetime,lifetime,256,256,0.0,0.0,0.01478385642587143,46.2265625,0.2795320454714731,8.490234375,0.0625,0.03883364112851165,0.09910223324412587,0.0703125,0.04493554746197091,0.10839432915401236,0.8671875,0.8201396562762842,0.9033784491609664,0.0,0.0,0.01478385642587143,-0.0002710732716098732,0.0008641525498280325,18,222,16,0.0625,0.03883364112851165,0.09910223324412587,0.06640625,0.04187072285916844,0.10376215263514196,0.87109375,0.8244958864844745,0.9067192200744492,0.0,0.0,0.01478385642587143,-0.0004789091720842423,0.0007748783278509657,17,223,16
assurance,mainland,0.75,0.1,0.7,neutral,10,a0.1_d0.5,0.5,lifetime,lifetime,256,256,0.0,0.0,0.01478385642587143,38.390625,0.7869662202416763,8.490234375,0.078125,0.05114064056843023,0.11758323829089878,0.0703125,0.04493554746197091,0.10839432915401236,0.8515625,0.8028248479091987,0.8899052530413604,0.0,0.0,0.01478385642587143,0.00015690778584049204,0.0009000497762691541,18,218,20,0.0625,0.03883364112851165,0.09910223324412587,0.0703125,0.04493554746197091,0.10839432915401236,0.8671875,0.8201396562762842,0.9033784491609664,0.0,0.0,0.01478385642587143,0.00017832176576636498,0.0008581399622061163,18,222,16
assurance,mainland,0.75,0.1,0.7,neutral,10,a0.1_d0.9,0.9,lifetime,lifetime,256,256,0.0,0.0,0.01478385642587143,27.2890625,0.9935808785597594,8.490234375,0.109375,0.07676405306596229,0.15353583476674978,0.09375,0.0638098481830768,0.13570203516294374,0.796875,0.7433713265784556,0.8416007586686831,0.0,0.0,0.01478385642587143,0.00011906111608522233,0.0010063707602101808,24,204,28,0.06640625,0.04187072285916844,0.10376215263514196,0.09765625,0.06702402222215342,0.14018486224554,0.8359375,0.7856696977134597,0.8762723987504079,0.0,0.0,0.01478385642587143,-0.0011459402065214768,0.0009547771354486348,25,214,17
assurance,mainland,0.75,0.1,0.7,neutral,40,a0.1_d0.0,0.0,lifetime,lifetime,256,253,0.01171875,0.003993287123007758,0.033881572667882304,41.7109375,0.740261626700367,7.18935546875,0.2109375,0.16542210475657976,0.26499981223962715,0.2109375,0.16542210475657976,0.26499981223962715,0.56640625,0.5051606379526138,0.6256883811158253,0.01171875,0.003993287123007758,0.033881572667882304,0.0015635563389334189,0.001700159613086539,54,145,54,0.20703125,0.16190727728556475,0.2608176385889693,0.27734375,0.22610219451112512,0.3351687415535207,0.50390625,0.4430558870480185,0.5646411140736544,0.01171875,0.003993287123007758,0.033881572667882304,-0.0010642104391453923,0.0017180161218717208,71,129,53
assurance,mainland,0.75,0.1,0.7,neutral,40,a0.1_d0.5,0.5,lifetime,lifetime,256,183,0.28515625,0.23334463740263667,0.3433203009053549,21.10546875,1.28826333943661,7.18935546875,0.1875,0.14443796573655726,0.2398019445296124,0.18359375,0.14096616877647156,0.23557674036802523,0.34375,0.28826407712322777,0.403855878009857,0.28515625,0.23334463740263667,0.3433203009053549,0.0001610162254307483,0.0022498090556078688,47,88,48,0.23828125,0.1902054003663705,0.2940955244815466,0.14453125,0.10671067600593546,0.1928622219218325,0.33203125,0.2771993280647148,0.3918296237033514,0.28515625,0.23334463740263667,0.3433203009053549,0.004085167405144126,0.002377215380323235,37,85,61
assurance,mainland,0.75,0.1,0.7,neutral,40,a0.1_d0.9,0.9,lifetime,lifetime,256,67,0.73828125,0.6811957065092896,0.7883213619127559,6.3671875,0.888580572973579,7.18935546875,0.05859375,0.03582660763317509,0.09441226561778955,0.078125,0.05114064056843023,0.11758323829089878,0.125,0.08995183318684266,0.17113605913256094,0.73828125,0.6811957065092896,0.7883213619127559,0.00023988899887026914,0.003069213552706787,20,32,15,0.07421875,0.048026107191811204,0.11300077054584494,0.0546875,0.03285229140400938,0.08968958072528235,0.1328125,0.09662155083903351,0.17986034372371584,0.73828125,0.6811957065092896,0.7883213619127559,0.003141185388505932,0.003647398593324055,14,34,19
assurance,mainland,0.75,0.1,0.7,neutral,50,a0.1_d0.0,0.0,lifetime,lifetime,256,251,0.01953125,0.008370729784579391,0.04489813224965644,40.390625,0.869511299770694,7.036875,0.2578125,0.20808593083982155,0.31469999961646,0.25,0.20091686568173925,0.3064750625311965,0.47265625,0.4123556863984164,0.5337653057498734,0.01953125,0.008370729784579391,0.04489813224965644,0.00011016434329214639,0.0019237583789640529,64,121,66,0.2734375,0.22248853918114145,0.33108539576183155,0.296875,0.24424521529493903,0.35551072637807124,0.41015625,0.3516648037328092,0.47130417046871464,0.01953125,0.008370729784579391,0.04489813224965644,-0.0019873671559207232,0.001958421498680453,76,105,70
assurance,mainland,0.75,0.1,0.7,neutral,50,a0.1_d0.5,0.5,lifetime,lifetime,256,151,0.41015625,0.3516648037328092,0.47130417046871464,17.7734375,1.3082439126683147,7.036875,0.171875,0.13059812036467136,0.2228537854148068,0.15625,0.11689244351430939,0.20577145777847722,0.26171875,0.21167863808724405,0.31880429349071027,0.41015625,0.3516648037328092,0.47130417046871464,0.0006409291422408657,0.0026107803788586862,40,67,44,0.21484375,0.16894358808976334,0.26917533002811644,0.1328125,0.09662155083903351,0.17986034372371584,0.2421875,0.19377015335079256,0.2982277726187974,0.41015625,0.3516648037328092,0.47130417046871464,0.006574352480658849,0.0026626274629112947,34,62,55
assurance,mainland,0.75,0.1,0.7,neutral,50,a0.1_d0.9,0.9,lifetime,lifetime,256,44,0.828125,0.7771462145851933,0.8694018796353287,3.87109375,0.7333188441404022,7.036875,0.03125,0.015918258891511296,0.06044160650774316,0.0390625,0.0213540358427329,0.07039983179986732,0.1015625,0.07025498422463894,0.14465090136472736,0.828125,0.7771462145851933,0.8694018796353287,-0.0014631089582663964,0.003722101130990267,10,26,8,0.04296875,0.024159813300607562,0.07529105546366555,0.046875,0.027014851001628076,0.0801330188843179,0.08203125,0.05427759190690546,0.12214328807409647,0.828125,0.7771462145851933,0.8694018796353287,0.0005206813395003787,0.0046895401202135195,12,21,11
assurance,mainland,0.75,0.1,0.7,neutral,100,a0.1_d0.0,0.0,lifetime,lifetime,256,221,0.13671875,0.09997371828318014,0.1842051774012421,34.62890625,1.218309976459211,6.67265625,0.25390625,0.20449864653192884,0.31059028280267975,0.29296875,0.240606845197983,0.3514520953533543,0.31640625,0.26250760743602425,0.37573333984535046,0.13671875,0.09997371828318014,0.1842051774012421,-0.001152443743559463,0.0026208847973645177,75,81,65,0.25,0.20091686568173925,0.3064750625311965,0.31640625,0.26250760743602425,0.37573333984535046,0.296875,0.24424521529493903,0.35551072637807124,0.13671875,0.09997371828318014,0.1842051774012421,-0.00363690818897353,0.002514448858342541,81,76,64
assurance,mainland,0.75,0.1,0.7,neutral,100,a0.1_d0.5,0.5,lifetime,lifetime,256,60,0.765625,0.71004258449401,0.8133534917797457,6.7421875,0.9831062620140063,6.67265625,0.07421875,0.048026107191811204,0.11300077054584494,0.05078125,0.029913811386553534,0.08493105962106533,0.109375,0.07676405306596229,0.15353583476674978,0.765625,0.71004258449401,0.8133534917797457,0.003225192686290268,0.004150897100748317,13,28,19,0.078125,0.05114064056843023,0.11758323829089878,0.08203125,0.05427759190690546,0.12214328807409647,0.07421875,0.048026107191811204,0.11300077054584494,0.765625,0.71004258449401,0.8133534917797457,-0.0015302449151008526,0.005701074935718055,21,19,20
assurance,mainland,0.75,0.1,0.7,neutral,100,a0.1_d0.9,0.9,lifetime,lifetime,256,10,0.9609375,0.9296001682001327,0.9786459641572671,1.0234375,0.4030722125911345,6.67265625,0.0078125,0.002145090367681419,0.028032768301535768,0.01953125,0.008370729784579391,0.04489813224965644,0.01171875,0.003993287123007758,0.033881572667882304,0.9609375,0.9296001682001327,0.9786459641572671,-0.013550132262386804,0.012129725832412468,5,3,2,0.0234375,0.010784867555857603,0.0501809956000511,0.0,0.0,0.01478385642587143,0.015625,0.006092598203366294,0.039479262709196654,0.9609375,0.9296001682001327,0.9786459641572671,0.029571389425293526,0.008758380467368043,0,4,6
assurance,mainland,0.75,0.1,0.7,neutral,200,a0.1_d0.0,0.0,lifetime,lifetime,256,150,0.4140625,0.3554297681158383,0.4752362072073583,22.66015625,1.4056490196955018,6.3741796875,0.2265625,0.1795467073799799,0.28166321410291856,0.20703125,0.16190727728556475,0.2608176385889693,0.15234375,0.11348877125313496,0.20147812891797878,0.4140625,0.3554297681158383,0.4752362072073583,0.00032623701731527546,0.0040472747452693246,53,39,58,0.21484375,0.16894358808976334,0.26917533002811644,0.2265625,0.1795467073799799,0.28166321410291856,0.14453125,0.10671067600593546,0.1928622219218325,0.4140625,0.3554297681158383,0.4752362072073583,-0.0008766065996887877,0.004139881068674405,58,37,55
assurance,mainland,0.75,0.1,0.7,neutral,200,a0.1_d0.5,0.5,lifetime,lifetime,256,4,0.984375,0.9605207372908033,0.9939074017966336,0.53125,0.29770748861006135,6.3741796875,0.00390625,0.0006898821669617927,0.021790975380582514,0.0078125,0.002145090367681419,0.028032768301535768,0.00390625,0.0006898821669617927,0.021790975380582514,0.984375,0.9605207372908033,0.9939074017966336,-0.016184786964620057,0.022604138067489662,2,1,1,0.0078125,0.002145090367681419,0.028032768301535768,0.0,0.0,0.01478385642587143,0.0078125,0.002145090367681419,0.028032768301535768,0.984375,0.9605207372908033,0.9939074017966336,0.01811032529263104,0.004887080177801296,0,2,2
assurance,mainland,0.75,0.1,0.7,neutral,200,a0.1_d0.9,0.9,lifetime,lifetime,256,1,0.99609375,0.9782090246194175,0.9993101178330381,0.015625,0.015625,6.3741796875,0.0,0.0,0.01478385642587143,0.00390625,0.0006898821669617927,0.021790975380582514,0.0,0.0,0.01478385642587143,0.99609375,0.9782090246194175,0.9993101178330381,-0.07162071262953484,,1,0,0,0.0,0.0,0.01478385642587143,0.0,0.0,0.01478385642587143,0.00390625,0.0006898821669617927,0.021790975380582514,0.99609375,0.9782090246194175,0.9993101178330381,-0.013602206212978307,,0,1,0
assurance,mainland,0.75,0.1,0.7,neutral,400,a0.1_d0.0,0.0,lifetime,lifetime,256,69,0.73046875,0.6730030812879184,0.7811199848907815,10.8203125,1.1988667441401775,6.144931640625,0.1171875,0.08333128838163656,0.16236260169442127,0.1015625,0.07025498422463894,0.14465090136472736,0.05078125,0.029913811386553534,0.08493105962106533,0.73046875,0.6730030812879184,0.7811199848907815,0.001924076923193689,0.007078603444806517,26,13,30,0.109375,0.07676405306596229,0.15353583476674978,0.10546875,0.07350191137657121,0.14910097533446798,0.0546875,0.03285229140400938,0.08968958072528235,0.73046875,0.6730030812879184,0.7811199848907815,0.0037567802726288613,0.0066022110367095575,27,14,28
assurance,mainland,0.75,0.1,0.7,neutral,400,a0.1_d0.5,0.5,lifetime,lifetime,256,0,1.0,0.9852161435741286,1.0,0.0,0.0,6.144931640625,0.0,0.0,0.01478385642587143,0.0,0.0,0.01478385642587143,0.0,0.0,0.01478385642587143,1.0,0.9852161435741286,1.0,,,0,0,0,0.0,0.0,0.01478385642587143,0.0,0.0,0.01478385642587143,0.0,0.0,0.01478385642587143,1.0,0.9852161435741286,1.0,,,0,0,0
assurance,mainland,0.75,0.1,0.7,neutral,400,a0.1_d0.9,0.9,lifetime,lifetime,256,0,1.0,0.9852161435741286,1.0,0.0,0.0,6.144931640625,0.0,0.0,0.01478385642587143,0.0,0.0,0.01478385642587143,0.0,0.0,0.01478385642587143,1.0,0.9852161435741286,1.0,,,0,0,0,0.0,0.0,0.01478385642587143,0.0,0.0,0.01478385642587143,0.0,0.0,0.01478385642587143,1.0,0.9852161435741286,1.0,,,0,0,0
assurance,mainland,0.75,0.1,0.7,selected,10,a0.1_d0.0,0.0,lifetime,lifetime,256,256,0.0,0.0,0.01478385642587143,46.16796875,0.3071796450123215,8.490234375,0.1015625,0.07025498422463894,0.14465090136472736,0.08203125,0.05427759190690546,0.12214328807409647,0.81640625,0.7644232596319748,0.8590338312235285,0.0,0.0,0.01478385642587143,0.0007370543316754705,0.0009105581312397204,21,209,26,0.10546875,0.07350191137657121,0.14910097533446798,0.03125,0.015918258891511296,0.06044160650774316,0.86328125,0.8157948225987579,0.9000262817168199,0.0,0.0,0.01478385642587143,0.0019004306667281352,0.000816740183482135,8,221,27
assurance,mainland,0.75,0.1,0.7,selected,10,a0.1_d0.5,0.5,lifetime,lifetime,256,256,0.0,0.0,0.01478385642587143,38.76171875,0.7608535024173696,8.490234375,0.06640625,0.04187072285916844,0.10376215263514196,0.09375,0.0638098481830768,0.13570203516294374,0.83984375,0.7899445744170772,0.8796945231684632,0.0,0.0,0.01478385642587143,-0.00013406742534557634,0.0008492917723191137,24,215,17,0.10546875,0.07350191137657121,0.14910097533446798,0.0390625,0.0213540358427329,0.07039983179986732,0.85546875,0.8071377780781674,0.8932893239940645,0.0,0.0,0.01478385642587143,0.0029587718596819058,0.0008769547367713686,10,219,27
assurance,mainland,0.75,0.1,0.7,selected,10,a0.1_d0.9,0.9,lifetime,lifetime,256,256,0.0,0.0,0.01478385642587143,27.234375,0.9985125081140918,8.490234375,0.09765625,0.06702402222215342,0.14018486224554,0.11328125,0.0800407222974869,0.15795616665689804,0.7890625,0.7350001877603728,0.8345778952434203,0.0,0.0,0.01478385642587143,-0.0011913692268254276,0.001035867046851246,29,202,25,0.12890625,0.09328077992555084,0.17550411351552564,0.08203125,0.05427759190690546,0.12214328807409647,0.7890625,0.7350001877603728,0.8345778952434203,0.0,0.0,0.01478385642587143,0.0013019391192892007,0.0010214118144094295,21,202,33
assurance,mainland,0.75,0.1,0.7,selected,40,a0.1_d0.0,0.0,lifetime,lifetime,256,250,0.0234375,0.010784867555857603,0.0501809956000511,42.2265625,0.760817206238273,7.18935546875,0.24609375,0.19734067215723067,0.3023542549340322,0.26171875,0.21167863808724405,0.31880429349071027,0.46875,0.4085346505933857,0.5298893404332313,0.0234375,0.010784867555857603,0.0501809956000511,0.0011069089169283247,0.001897911298620896,67,120,63,0.3203125,0.26617385334096993,0.3797640950620776,0.15234375,0.11348877125313496,0.20147812891797878,0.50390625,0.4430558870480185,0.5646411140736544,0.0234375,0.010784867555857603,0.0501809956000511,0.007014063549793415,0.0017808185704224053,39,129,82
assurance,mainland,0.75,0.1,0.7,selected,40,a0.1_d0.5,0.5,lifetime,lifetime,256,194,0.2421875,0.19377015335079256,0.2982277726187974,23.5078125,1.3353690669474756,7.18935546875,0.20703125,0.16190727728556475,0.2608176385889693,0.1953125,0.15140411996625466,0.24822979254326075,0.35546875,0.29936712788953435,0.4158438306085691,0.2421875,0.19377015335079256,0.2982277726187974,-0.00014484769450341304,0.0024228733789578346,50,91,53,0.29296875,0.240606845197983,0.3514520953533543,0.13671875,0.09997371828318014,0.1842051774012421,0.328125,0.2735197547273731,0.38781219591902016,0.2421875,0.19377015335079256,0.2982277726187974,0.0082725411890328,0.0023693398014840625,35,84,75
assurance,mainland,0.75,0.1,0.7,selected,40,a0.1_d0.9,0.9,lifetime,lifetime,256,86,0.6640625,0.6041573113671239,0.719116735743137,8.27734375,1.0252877151323512,7.18935546875,0.1015625,0.07025498422463894,0.14465090136472736,0.10546875,0.07350191137657121,0.14910097533446798,0.12890625,0.09328077992555084,0.17550411351552564,0.6640625,0.6041573113671239,0.719116735743137,-0.0008189274188993432,0.003679368007618941,27,33,26,0.10546875,0.07350191137657121,0.14910097533446798,0.05859375,0.03582660763317509,0.09441226561778955,0.171875,0.13059812036467136,0.2228537854148068,0.6640625,0.6041573113671239,0.719116735743137,0.011163372069904313,0.003521232481505766,15,44,27
assurance,mainland,0.75,0.1,0.7,selected,50,a0.1_d0.0,0.0,lifetime,lifetime,256,248,0.03125,0.015918258891511296,0.06044160650774316,40.91796875,0.8453418837880721,7.036875,0.28125,0.2297209150846507,0.33924702210166807,0.2734375,0.22248853918114145,0.33108539576183155,0.4140625,0.3554297681158383,0.4752362072073583,0.03125,0.015918258891511296,0.06044160650774316,-9.554538886235784e-05,0.0020906085072086313,70,106,72,0.3515625,0.295661910800322,0.41185204657610863,0.1875,0.14443796573655726,0.2398019445296124,0.4296875,0.37052769163836163,0.4909262881715265,0.03125,0.015918258891511296,0.06044160650774316,0.0076730065051120325,0.0019825514577856878,48,110,90
assurance,mainland,0.75,0.1,0.7,selected,50,a0.1_d0.5,0.5,lifetime,lifetime,256,157,0.38671875,0.3291562242738866,0.4476307431975999,19.53125,1.3482454443410052,7.036875,0.17578125,0.13404604842154846,0.22710285847960257,0.1953125,0.15140411996625466,0.24822979254326075,0.2421875,0.19377015335079256,0.2982277726187974,0.38671875,0.3291562242738866,0.4476307431975999,0.0002095755562144369,0.002872680725268258,50,62,45,0.2421875,0.19377015335079256,0.2982277726187974,0.10546875,0.07350191137657121,0.14910097533446798,0.265625,0.21527669094275786,0.3229032417568694,0.38671875,0.3291562242738866,0.4476307431975999,0.011948983510962937,0.0026814194361670486,27,68,62
assurance,mainland,0.75,0.1,0.7,selected,50,a0.1_d0.9,0.9,lifetime,lifetime,256,54,0.7890625,0.7350001877603728,0.8345778952434203,5.67578125,0.8888788122964805,7.036875,0.046875,0.027014851001628076,0.0801330188843179,0.07421875,0.048026107191811204,0.11300077054584494,0.08984375,0.06061336726621258,0.1312015149581351,0.7890625,0.7350001877603728,0.8345778952434203,-0.005614757455845875,0.004615948338963388,19,23,12,0.1015625,0.07025498422463894,0.14465090136472736,0.01953125,0.008370729784579391,0.04489813224965644,0.08984375,0.06061336726621258,0.1312015149581351,0.7890625,0.7350001877603728,0.8345778952434203,0.019436975174755178,0.00379217850948796,5,23,26
assurance,mainland,0.75,0.1,0.7,selected,100,a0.1_d0.0,0.0,lifetime,lifetime,256,221,0.13671875,0.09997371828318014,0.1842051774012421,35.3359375,1.2009309436254985,6.67265625,0.31640625,0.26250760743602425,0.37573333984535046,0.29296875,0.240606845197983,0.3514520953533543,0.25390625,0.20449864653192884,0.31059028280267975,0.13671875,0.09997371828318014,0.1842051774012421,0.0017031378585298396,0.0027986940048238275,75,65,81,0.3671875,0.3105076134241139,0.4277943484390082,0.19140625,0.14791734057779737,0.24401957081004516,0.3046875,0.25153621542356636,0.36361372849278967,0.13671875,0.09997371828318014,0.1842051774012421,0.011275380901636002,0.0026383462804278894,49,78,94
assurance,mainland,0.75,0.1,0.7,selected,100,a0.1_d0.5,0.5,lifetime,lifetime,256,72,0.71875,0.6607529778983319,0.7702790849153494,9.015625,1.1068521091841457,6.67265625,0.06640625,0.04187072285916844,0.10376215263514196,0.10546875,0.07350191137657121,0.14910097533446798,0.109375,0.07676405306596229,0.15353583476674978,0.71875,0.6607529778983319,0.7702790849153494,-0.0057490582110174306,0.00449036941171677,27,28,17,0.15625,0.11689244351430939,0.20577145777847722,0.03515625,0.018604096092635542,0.0654527704282918,0.08984375,0.06061336726621258,0.1312015149581351,0.71875,0.6607529778983319,0.7702790849153494,0.023768402359628807,0.004183338009131419,9,23,40
assurance,mainland,0.75,0.1,0.7,selected,100,a0.1_d0.9,0.9,lifetime,lifetime,256,8,0.96875,0.9395583934922568,0.9840817411084887,0.73828125,0.3384442320666871,6.67265625,0.0078125,0.002145090367681419,0.028032768301535768,0.00390625,0.0006898821669617927,0.021790975380582514,0.01953125,0.008370729784579391,0.04489813224965644,0.96875,0.9395583934922568,0.9840817411084887,0.008506646595937403,0.010000386456743698,1,5,2,0.0234375,0.010784867555857603,0.0501809956000511,0.0,0.0,0.01478385642587143,0.0078125,0.002145090367681419,0.028032768301535768,0.96875,0.9395583934922568,0.9840817411084887,0.03125606596796386,0.008838929396828805,0,2,6
assurance,mainland,0.75,0.1,0.7,selected,200,a0.1_d0.0,0.0,lifetime,lifetime,256,167,0.34765625,0.29196088318828545,0.40785607306647226,25.23046875,1.3912112657332218,6.3741796875,0.2421875,0.19377015335079256,0.2982277726187974,0.2421875,0.19377015335079256,0.2982277726187974,0.16796875,0.12715856241588983,0.2185963422419154,0.34765625,0.29196088318828545,0.40785607306647226,0.00017632795640852897,0.003764783440656556,62,43,62,0.35546875,0.29936712788953435,0.4158438306085691,0.1171875,0.08333128838163656,0.16236260169442127,0.1796875,0.13750213221413665,0.23134377580868726,0.34765625,0.29196088318828545,0.40785607306647226,0.02039151742794254,0.003526129831318585,30,46,91
assurance,mainland,0.75,0.1,0.7,selected,200,a0.1_d0.5,0.5,lifetime,lifetime,256,11,0.95703125,0.9247089445363343,0.9758401866993924,1.1875,0.4353589064794476,6.3741796875,0.01171875,0.003993287123007758,0.033881572667882304,0.015625,0.006092598203366294,0.039479262709196654,0.015625,0.006092598203366294,0.039479262709196654,0.95703125,0.9247089445363343,0.9758401866993924,0.0037210072862503855,0.012137730860605355,4,4,3,0.03125,0.015918258891511296,0.06044160650774316,0.00390625,0.0006898821669617927,0.021790975380582514,0.0078125,0.002145090367681419,0.028032768301535768,0.95703125,0.9247089445363343,0.9758401866993924,0.04382922220026997,0.012693298605050403,1,2,8
assurance,mainland,0.75,0.1,0.7,selected,200,a0.1_d0.9,0.9,lifetime,lifetime,256,0,1.0,0.9852161435741286,1.0,0.0,0.0,6.3741796875,0.0,0.0,0.01478385642587143,0.0,0.0,0.01478385642587143,0.0,0.0,0.01478385642587143,1.0,0.9852161435741286,1.0,,,0,0,0,0.0,0.0,0.01478385642587143,0.0,0.0,0.01478385642587143,0.0,0.0,0.01478385642587143,1.0,0.9852161435741286,1.0,,,0,0,0
assurance,mainland,0.75,0.1,0.7,selected,400,a0.1_d0.0,0.0,lifetime,lifetime,256,82,0.6796875,0.6202359049379224,0.73382614665903,13.171875,1.2830701293387945,6.144931640625,0.13671875,0.09997371828318014,0.1842051774012421,0.13671875,0.09997371828318014,0.1842051774012421,0.046875,0.027014851001628076,0.0801330188843179,0.6796875,0.6202359049379224,0.73382614665903,-0.0016197577544063092,0.005896010862237334,35,12,35,0.203125,0.15839924133131683,0.25662867342154433,0.04296875,0.024159813300607562,0.07529105546366555,0.07421875,0.048026107191811204,0.11300077054584494,0.6796875,0.6202359049379224,0.73382614665903,0.03228617128717501,0.005125068877290656,11,19,52
assurance,mainland,0.75,0.1,0.7,selected,400,a0.1_d0.5,0.5,lifetime,lifetime,256,0,1.0,0.9852161435741286,1.0,0.0,0.0,6.144931640625,0.0,0.0,0.01478385642587143,0.0,0.0,0.01478385642587143,0.0,0.0,0.01478385642587143,1.0,0.9852161435741286,1.0,,,0,0,0,0.0,0.0,0.01478385642587143,0.0,0.0,0.01478385642587143,0.0,0.0,0.01478385642587143,1.0,0.9852161435741286,1.0,,,0,0,0
assurance,mainland,0.75,0.1,0.7,selected,400,a0.1_d0.9,0.9,lifetime,lifetime,256,0,1.0,0.9852161435741286,1.0,0.0,0.0,6.144931640625,0.0,0.0,0.01478385642587143,0.0,0.0,0.01478385642587143,0.0,0.0,0.01478385642587143,1.0,0.9852161435741286,1.0,,,0,0,0,0.0,0.0,0.01478385642587143,0.0,0.0,0.01478385642587143,0.0,0.0,0.01478385642587143,1.0,0.9852161435741286,1.0,,,0,0,0
assurance,mainland,0.75,0.5,0.3,neutral,10,a0.5_d0.0,0.0,lifetime,lifetime,256,256,0.0,0.0,0.01478385642587143,48.0,0.0,8.490234375,0.11328125,0.0800407222974869,0.15795616665689804,0.09765625,0.06702402222215342,0.14018486224554,0.7890625,0.7350001877603728,0.8345778952434203,0.0,0.0,0.01478385642587143,0.0003123063213580353,0.0009303805016796598,25,202,29,0.078125,0.05114064056843023,0.11758323829089878,0.0703125,0.04493554746197091,0.10839432915401236,0.8515625,0.8028248479091987,0.8899052530413604,0.0,0.0,0.01478385642587143,0.0008008109799643084,0.0008682662726356948,18,218,20
assurance,mainland,0.75,0.5,0.3,neutral,10,a0.5_d0.5,0.5,lifetime,lifetime,256,256,0.0,0.0,0.01478385642587143,47.98828125,0.008720928377104037,8.490234375,0.09765625,0.06702402222215342,0.14018486224554,0.09765625,0.06702402222215342,0.14018486224554,0.8046875,0.7517702074567393,0.8485958800337453,0.0,0.0,0.01478385642587143,-0.000978490719016754,0.0008968128082806969,25,206,25,0.08203125,0.05427759190690546,0.12214328807409647,0.08984375,0.06061336726621258,0.1312015149581351,0.828125,0.7771462145851933,0.8694018796353287,0.0,0.0,0.01478385642587143,1.3596043598781754e-05,0.0009177798030907951,23,212,21
assurance,mainland,0.75,0.5,0.3,neutral,10,a0.5_d0.9,0.9,lifetime,lifetime,256,256,0.0,0.0,0.01478385642587143,36.70703125,0.8568051133146047,8.490234375,0.08203125,0.05427759190690546,0.12214328807409647,0.10546875,0.07350191137657121,0.14910097533446798,0.8125,0.7601980554703877,0.8555620342634428,0.0,0.0,0.01478385642587143,4.632060658080455e-05,0.0009814706106717557,27,208,21,0.06640625,0.04187072285916844,0.10376215263514196,0.0625,0.03883364112851165,0.09910223324412587,0.87109375,0.8244958864844745,0.9067192200744492,0.0,0.0,0.01478385642587143,-0.00025699474182303873,0.0008783502320567505,16,223,17
assurance,mainland,0.75,0.5,0.3,neutral,40,a0.5_d0.0,0.0,lifetime,lifetime,256,256,0.0,0.0,0.01478385642587143,48.0,0.0,7.18935546875,0.23828125,0.1902054003663705,0.2940955244815466,0.2734375,0.22248853918114145,0.33108539576183155,0.48828125,0.4276765099686914,0.5492324866662899,0.0,0.0,0.01478385642587143,-0.0014676514625839685,0.0017944553225891016,70,125,61,0.24609375,0.19734067215723067,0.3023542549340322,0.27734375,0.22610219451112512,0.3351687415535207,0.4765625,0.41618039421813385,0.5376375990518288,0.0,0.0,0.01478385642587143,-0.002167539507654902,0.0017881653078608345,71,122,63
assurance,mainland,0.75,0.5,0.3,neutral,40,a0.5_d0.5,0.5,lifetime,lifetime,256,256,0.0,0.0,0.01478385642587143,47.99609375,0.00390625,7.18935546875,0.2109375,0.16542210475657976,0.26499981223962715,0.3046875,0.25153621542356636,0.36361372849278967,0.484375,0.4238408093138977,0.5453711861994108,0.0,0.0,0.01478385642587143,-0.004476884694977252,0.001774096883621588,78,124,54,0.2421875,0.19377015335079256,0.2982277726187974,0.26171875,0.21167863808724405,0.31880429349071027,0.49609375,0.43535888592634564,0.5569441129519814,0.0,0.0,0.01478385642587143,0.0006954359735327892,0.0017943258433428064,67,127,62
assurance,mainland,0.75,0.5,0.3,neutral,40,a0.5_d0.9,0.9,lifetime,lifetime,256,158,0.3828125,0.3254185065983358,0.4436714597514778,19.375,1.3310834264745746,7.18935546875,0.171875,0.13059812036467136,0.2228537854148068,0.15234375,0.11348877125313496,0.20147812891797878,0.29296875,0.240606845197983,0.3514520953533543,0.3828125,0.3254185065983358,0.4436714597514778,-9.182095224979609e-05,0.0026233617976213655,39,75,44,0.1484375,0.1100947469586396,0.19717515209080125,0.140625,0.10333688392273097,0.18853901288336414,0.328125,0.2735197547273731,0.38781219591902016,0.3828125,0.3254185065983358,0.4436714597514778,-0.0004503622386285521,0.0023694471393717375,36,84,38
assurance,mainland,0.75,0.5,0.3,neutral,50,a0.5_d0.0,0.0,lifetime,lifetime,256,256,0.0,0.0,0.01478385642587143,48.0,0.0,7.036875,0.2421875,0.19377015335079256,0.2982277726187974,0.30078125,0.24788835618653265,0.35956458660815055,0.45703125,0.3970936285540288,0.5182393591075696,0.0,0.0,0.01478385642587143,-0.0022672197941834265,0.0018966544471215813,77,117,62,0.2734375,0.22248853918114145,0.33108539576183155,0.27734375,0.22610219451112512,0.3351687415535207,0.44921875,0.389484750270348,0.5104542351479046,0.0,0.0,0.01478385642587143,-0.000984312293936134,0.002000188678608842,71,115,70
assurance,mainland,0.75,0.5,0.3,neutral,50,a0.5_d0.5,0.5,lifetime,lifetime,256,256,0.0,0.0,0.01478385642587143,48.0,0.0,7.036875,0.21484375,0.16894358808976334,0.26917533002811644,0.32421875,0.2698445830530154,0.38379036647170506,0.4609375,0.40090361566150806,0.5221263731217632,0.0,0.0,0.01478385642587143,-0.0047558091441999035,0.0019491885685104455,83,118,55,0.27734375,0.22610219451112512,0.3351687415535207,0.26171875,0.21167863808724405,0.31880429349071027,0.4609375,0.40090361566150806,0.5221263731217632,0.0,0.0,0.01478385642587143,0.0006645881809747638,0.0018764743210301891,67,118,71
assurance,mainland,0.75,0.5,0.3,neutral,50,a0.5_d0.9,0.9,lifetime,lifetime,256,135,0.47265625,0.4123556863984164,0.5337653057498734,16.05078125,1.2850975815770147,7.036875,0.14453125,0.10671067600593546,0.1928622219218325,0.16015625,0.12030547683153675,0.21005542558292273,0.22265625,0.17600601030365376,0.27750691005757183,0.47265625,0.4123556863984164,0.5337653057498734,-0.0007287209861997322,0.0027356411577386143,41,57,37,0.15234375,0.11348877125313496,0.20147812891797878,0.09765625,0.06702402222215342,0.14018486224554,0.27734375,0.22610219451112512,0.3351687415535207,0.47265625,0.4123556863984164,0.5337653057498734,0.004196923914379937,0.0028807737110622387,25,71,39
assurance,mainland,0.75,0.5,0.3,neutral,100,a0.5_d0.0,0.0,lifetime,lifetime,256,256,0.0,0.0,0.01478385642587143,48.0,0.0,6.67265625,0.27734375,0.22610219451112512,0.3351687415535207,0.375,0.31795501653541774,0.43574094757105014,0.34765625,0.29196088318828545,0.40785607306647226,0.0,0.0,0.01478385642587143,-0.004556494675278234,0.0025218307904780624,96,89,71,0.32421875,0.2698445830530154,0.38379036647170506,0.328125,0.2735197547273731,0.38781219591902016,0.34765625,0.29196088318828545,0.40785607306647226,0.0,0.0,0.01478385642587143,-0.0006948452554745702,0.0026334503479736996,84,89,83
assurance,mainland,0.75,0.5,0.3,neutral,100,a0.5_d0.5,0.5,lifetime,lifetime,256,256,0.0,0.0,0.01478385642587143,47.984375,0.015625,6.67265625,0.3046875,0.25153621542356636,0.36361372849278967,0.4140625,0.3554297681158383,0.4752362072073583,0.28125,0.2297209150846507,0.33924702210166807,0.0,0.0,0.01478385642587143,-0.005522334113025539,0.0024783635380809803,106,72,78,0.26953125,0.2188800151092185,0.3269969187120816,0.35546875,0.29936712788953435,0.4158438306085691,0.375,0.31795501653541774,0.43574094757105014,0.0,0.0,0.01478385642587143,-0.00327966187652482,0.002424593433405278,91,96,69
assurance,mainland,0.75,0.5,0.3,neutral,100,a0.5_d0.9,0.9,lifetime,lifetime,256,49,0.80859375,0.7559804291899548,0.8520826594222026,6.38671875,0.961520022852702,6.67265625,0.04296875,0.024159813300607562,0.07529105546366555,0.0703125,0.04493554746197091,0.10839432915401236,0.078125,0.05114064056843023,0.11758323829089878,0.80859375,0.7559804291899548,0.8520826594222026,-0.005513825307091314,0.005110108055550775,18,20,11,0.0625,0.03883364112851165,0.09910223324412587,0.03515625,0.018604096092635542,0.0654527704282918,0.09375,0.0638098481830768,0.13570203516294374,0.80859375,0.7559804291899548,0.8520826594222026,0.004562842740007208,0.004908542741500104,9,24,16
assurance,mainland,0.75,0.5,0.3,neutral,200,a0.5_d0.0,0.0,lifetime,lifetime,256,256,0.0,0.0,0.01478385642587143,48.0,0.0,6.3741796875,0.328125,0.2735197547273731,0.38781219591902016,0.44140625,0.38189072167350635,0.5026542615014005,0.23046875,0.183093576056734,0.28581334654783735,0.0,0.0,0.01478385642587143,-0.0049783101839237,0.003121196510963052,113,59,84,0.3515625,0.295661910800322,0.41185204657610863,0.40625,0.34790367679855766,0.4673682962812932,0.2421875,0.19377015335079256,0.2982277726187974,0.0,0.0,0.01478385642587143,-0.0032332005653393633,0.003256485536824654,104,62,90
assurance,mainland,0.75,0.5,0.3,neutral,200,a0.5_d0.5,0.5,lifetime,lifetime,256,256,0.0,0.0,0.01478385642587143,48.0,0.0,6.3741796875,0.2890625,0.2369733003711826,0.34738863905848194,0.44921875,0.389484750270348,0.5104542351479046,0.26171875,0.21167863808724405,0.31880429349071027,0.0,0.0,0.01478385642587143,-0.009091694323864582,0.0029388824027139354,115,67,74,0.375,0.31795501653541774,0.43574094757105014,0.38671875,0.3291562242738866,0.4476307431975999,0.23828125,0.1902054003663705,0.2940955244815466,0.0,0.0,0.01478385642587143,-0.0018218581433700957,0.0030559583424538636,99,61,96
assurance,mainland,0.75,0.5,0.3,neutral,200,a0.5_d0.9,0.9,lifetime,lifetime,256,6,0.9765625,0.9498190043999489,0.9892151324441424,0.8515625,0.3798372526031031,6.3741796875,0.0078125,0.002145090367681419,0.028032768301535768,0.00390625,0.0006898821669617927,0.021790975380582514,0.01171875,0.003993287123007758,0.033881572667882304,0.9765625,0.9498190043999489,0.9892151324441424,-0.0037426342653604228,0.014427763937422584,1,3,2,0.0078125,0.002145090367681419,0.028032768301535768,0.0078125,0.002145090367681419,0.028032768301535768,0.0078125,0.002145090367681419,0.028032768301535768,0.9765625,0.9498190043999489,0.9892151324441424,0.005617838612441445,0.020600684191990997,2,2,2
assurance,mainland,0.75,0.5,0.3,neutral,400,a0.5_d0.0,0.0,lifetime,lifetime,256,256,0.0,0.0,0.01478385642587143,48.0,0.0,6.144931640625,0.40234375,0.3441464041785611,0.46342856777961694,0.421875,0.36297114591343,0.4830888316531124,0.17578125,0.13404604842154846,0.22710285847960257,0.0,0.0,0.01478385642587143,-0.00011609253100842445,0.00341791782613625,108,45,103,0.3671875,0.3105076134241139,0.4277943484390082,0.4140625,0.3554297681158383,0.4752362072073583,0.21875,0.1724715978199255,0.27334432141962717,0.0,0.0,0.01478385642587143,-0.004228730199223232,0.003595819183328232,106,56,94
assurance,mainland,0.75,0.5,0.3,neutral,400,a0.5_d0.5,0.5,lifetime,lifetime,256,256,0.0,0.0,0.01478385642587143,47.99609375,0.00390625,6.144931640625,0.29296875,0.240606845197983,0.3514520953533543,0.484375,0.4238408093138977,0.5453711861994108,0.22265625,0.17600601030365376,0.27750691005757183,0.0,0.0,0.01478385642587143,-0.012637795568650462,0.003394379077403852,124,57,75,0.359375,0.30307650360756977,0.4198314560122066,0.43359375,0.37431161888417475,0.4948393620473863,0.20703125,0.16190727728556475,0.2608176385889693,0.0,0.0,0.01478385642587143,-0.004461361922248112,0.003467015190085808,111,53,92
assurance,mainland,0.75,0.5,0.3,neutral,400,a0.5_d0.9,0.9,lifetime,lifetime,256,0,1.0,0.9852161435741286,1.0,0.0,0.0,6.144931640625,0.0,0.0,0.01478385642587143,0.0,0.0,0.01478385642587143,0.0,0.0,0.01478385642587143,1.0,0.9852161435741286,1.0,,,0,0,0,0.0,0.0,0.01478385642587143,0.0,0.0,0.01478385642587143,0.0,0.0,0.01478385642587143,1.0,0.9852161435741286,1.0,,,0,0,0
assurance,mainland,0.75,0.5,0.3,selected,10,a0.5_d0.0,0.0,lifetime,lifetime,256,256,0.0,0.0,0.01478385642587143,48.0,0.0,8.490234375,0.07421875,0.048026107191811204,0.11300077054584494,0.0703125,0.04493554746197091,0.10839432915401236,0.85546875,0.8071377780781674,0.8932893239940645,0.0,0.0,0.01478385642587143,0.0010901304254045448,0.0008886267432227988,18,219,19,0.06640625,0.04187072285916844,0.10376215263514196,0.08203125,0.05427759190690546,0.12214328807409647,0.8515625,0.8028248479091987,0.8899052530413604,0.0,0.0,0.01478385642587143,-0.0010244539122819748,0.0008829122018997095,21,218,17
assurance,mainland,0.75,0.5,0.3,selected,10,a0.5_d0.5,0.5,lifetime,lifetime,256,256,0.0,0.0,0.01478385642587143,47.9765625,0.017441856754208073,8.490234375,0.08984375,0.06061336726621258,0.1312015149581351,0.09375,0.0638098481830768,0.13570203516294374,0.81640625,0.7644232596319748,0.8590338312235285,0.0,0.0,0.01478385642587143,-0.0005271050283510233,0.0009155609762058366,24,209,23,0.0703125,0.04493554746197091,0.10839432915401236,0.07421875,0.048026107191811204,0.11300077054584494,0.85546875,0.8071377780781674,0.8932893239940645,0.0,0.0,0.01478385642587143,-0.0005528287031030066,0.0007974250066009541,19,219,18
assurance,mainland,0.75,0.5,0.3,selected,10,a0.5_d0.9,0.9,lifetime,lifetime,256,256,0.0,0.0,0.01478385642587143,36.609375,0.8380223851878781,8.490234375,0.078125,0.05114064056843023,0.11758323829089878,0.08203125,0.05427759190690546,0.12214328807409647,0.83984375,0.7899445744170772,0.8796945231684632,0.0,0.0,0.01478385642587143,0.00047085619813180455,0.0008759487169143251,21,215,20,0.06640625,0.04187072285916844,0.10376215263514196,0.0625,0.03883364112851165,0.09910223324412587,0.87109375,0.8244958864844745,0.9067192200744492,0.0,0.0,0.01478385642587143,0.0022035425444409144,0.0008493292007570946,16,223,17
assurance,mainland,0.75,0.5,0.3,selected,40,a0.5_d0.0,0.0,lifetime,lifetime,256,256,0.0,0.0,0.01478385642587143,48.0,0.0,7.18935546875,0.234375,0.1866465082202543,0.2899574155059899,0.28515625,0.23334463740263667,0.3433203009053549,0.48046875,0.4200087697380131,0.5415062246536225,0.0,0.0,0.01478385642587143,-0.0006984194335659936,0.0017595192049445214,73,123,60,0.20703125,0.16190727728556475,0.2608176385889693,0.30078125,0.24788835618653265,0.35956458660815055,0.4921875,0.43151586938966136,0.5530901283669929,0.0,0.0,0.01478385642587143,-0.005461053884674376,0.00171971081325046,77,126,53
assurance,mainland,0.75,0.5,0.3,selected,40,a0.5_d0.5,0.5,lifetime,lifetime,256,256,0.0,0.0,0.01478385642587143,47.98828125,0.008720928377104037,7.18935546875,0.2109375,0.16542210475657976,0.26499981223962715,0.3046875,0.25153621542356636,0.36361372849278967,0.484375,0.4238408093138977,0.5453711861994108,0.0,0.0,0.01478385642587143,-0.002537186072697507,0.001878597081799431,78,124,54,0.23828125,0.1902054003663705,0.2940955244815466,0.2265625,0.1795467073799799,0.28166321410291856,0.53515625,0.4739903018869167,0.5952827082081391,0.0,0.0,0.01478385642587143,0.00048346818585283564,0.001749329433603035,58,137,61
assurance,mainland,0.75,0.5,0.3,selected,40,a0.5_d0.9,0.9,lifetime,lifetime,256,166,0.3515625,0.295661910800322,0.41185204657610863,19.87890625,1.3200543921558106,7.18935546875,0.19140625,0.14791734057779737,0.24401957081004516,0.16015625,0.12030547683153675,0.21005542558292273,0.296875,0.24424521529493903,0.35551072637807124,0.3515625,0.295661910800322,0.41185204657610863,0.00020489323258343243,0.002358344532850277,41,76,49,0.24609375,0.19734067215723067,0.3023542549340322,0.08984375,0.06061336726621258,0.1312015149581351,0.3125,0.2588458887858718,0.37169805737383,0.3515625,0.295661910800322,0.41185204657610863,0.009477125147599847,0.0024941966364340758,23,80,63
assurance,mainland,0.75,0.5,0.3,selected,50,a0.5_d0.0,0.0,lifetime,lifetime,256,256,0.0,0.0,0.01478385642587143,48.0,0.0,7.036875,0.24609375,0.19734067215723067,0.3023542549340322,0.29296875,0.240606845197983,0.3514520953533543,0.4609375,0.40090361566150806,0.5221263731217632,0.0,0.0,0.01478385642587143,-0.0013926571756924231,0.0019999154411939578,75,118,63,0.1953125,0.15140411996625466,0.24822979254326075,0.36328125,0.3067900082905613,0.4238149524508879,0.44140625,0.38189072167350635,0.5026542615014005,0.0,0.0,0.01478385642587143,-0.007260471883812111,0.001927402747047276,93,113,50
assurance,mainland,0.75,0.5,0.3,selected,50,a0.5_d0.5,0.5,lifetime,lifetime,256,256,0.0,0.0,0.01478385642587143,48.0,0.0,7.036875,0.25390625,0.20449864653192884,0.31059028280267975,0.3203125,0.26617385334096993,0.3797640950620776,0.42578125,0.36674752969705376,0.48700944899116155,0.0,0.0,0.01478385642587143,-0.002400860485468738,0.002136264649350271,82,109,65,0.26171875,0.21167863808724405,0.31880429349071027,0.2890625,0.2369733003711826,0.34738863905848194,0.44921875,0.389484750270348,0.5104542351479046,0.0,0.0,0.01478385642587143,0.0002104974087418273,0.0019381675060889446,74,115,67
assurance,mainland,0.75,0.5,0.3,selected,50,a0.5_d0.9,0.9,lifetime,lifetime,256,135,0.47265625,0.4123556863984164,0.5337653057498734,16.7109375,1.302456962325501,7.036875,0.14453125,0.10671067600593546,0.1928622219218325,0.1640625,0.12372760124959209,0.21433030228654026,0.21875,0.1724715978199255,0.27334432141962717,0.47265625,0.4123556863984164,0.5337653057498734,0.0004225591705661391,0.0028687996583754735,42,56,37,0.2265625,0.1795467073799799,0.28166321410291856,0.10546875,0.07350191137657121,0.14910097533446798,0.1953125,0.15140411996625466,0.24822979254326075,0.47265625,0.4123556863984164,0.5337653057498734,0.011180328777979663,0.002911699873707057,27,50,58
assurance,mainland,0.75,0.5,0.3,selected,100,a0.5_d0.0,0.0,lifetime,lifetime,256,256,0.0,0.0,0.01478385642587143,48.0,0.0,6.67265625,0.3359375,0.280883264256863,0.395842688632876,0.34375,0.28826407712322777,0.403855878009857,0.3203125,0.26617385334096993,0.3797640950620776,0.0,0.0,0.01478385642587143,-0.0015264295835729531,0.002659919791537936,88,82,86,0.1796875,0.13750213221413665,0.23134377580868726,0.46875,0.4085346505933857,0.5298893404332313,0.3515625,0.295661910800322,0.41185204657610863,0.0,0.0,0.01478385642587143,-0.016576824846108798,0.0024156212170678136,120,90,46
assurance,mainland,0.75,0.5,0.3,selected,100,a0.5_d0.5,0.5,lifetime,lifetime,256,256,0.0,0.0,0.01478385642587143,47.984375,0.015625,6.67265625,0.30078125,0.24788835618653265,0.35956458660815055,0.328125,0.2735197547273731,0.38781219591902016,0.37109375,0.3142292916101357,0.43176967137465927,0.0,0.0,0.01478385642587143,-0.0015412493191299835,0.002677120117701991,84,95,77,0.29296875,0.240606845197983,0.3514520953533543,0.3515625,0.295661910800322,0.41185204657610863,0.35546875,0.29936712788953435,0.4158438306085691,0.0,0.0,0.01478385642587143,-0.002606665300831629,0.0025511706979716633,90,91,75
assurance,mainland,0.75,0.5,0.3,selected,100,a0.5_d0.9,0.9,lifetime,lifetime,256,48,0.8125,0.7601980554703877,0.8555620342634428,6.30859375,0.9666673620297586,6.67265625,0.0703125,0.04493554746197091,0.10839432915401236,0.05859375,0.03582660763317509,0.09441226561778955,0.05859375,0.03582660763317509,0.09441226561778955,0.8125,0.7601980554703877,0.8555620342634428,-0.002819409308952254,0.006456310468818253,15,15,18,0.12109375,0.08663517067416432,0.1667557205235664,0.0078125,0.002145090367681419,0.028032768301535768,0.05859375,0.03582660763317509,0.09441226561778955,0.8125,0.7601980554703877,0.8555620342634428,0.035798710527270815,0.0047388672166718895,2,15,31
assurance,mainland,0.75,0.5,0.3,selected,200,a0.5_d0.0,0.0,lifetime,lifetime,256,256,0.0,0.0,0.01478385642587143,48.0,0.0,6.3741796875,0.37890625,0.32168476294187087,0.43970820228626983,0.37890625,0.32168476294187087,0.43970820228626983,0.2421875,0.19377015335079256,0.2982277726187974,0.0,0.0,0.01478385642587143,-0.00041835429726473996,0.0031807122522782886,97,62,97,0.1875,0.14443796573655726,0.2398019445296124,0.5390625,0.47787362687823687,0.599096384338492,0.2734375,0.22248853918114145,0.33108539576183155,0.0,0.0,0.01478385642587143,-0.025583587731888197,0.0028291149780531105,138,70,48
assurance,mainland,0.75,0.5,0.3,selected,200,a0.5_d0.5,0.5,lifetime,lifetime,256,256,0.0,0.0,0.01478385642587143,48.0,0.0,6.3741796875,0.359375,0.30307650360756977,0.4198314560122066,0.390625,0.33289789371255574,0.45158607488060365,0.25,0.20091686568173925,0.3064750625311965,0.0,0.0,0.01478385642587143,-0.002237264640985619,0.003302898548351407,100,64,92,0.33203125,0.2771993280647148,0.3918296237033514,0.41015625,0.3516648037328092,0.47130417046871464,0.2578125,0.20808593083982155,0.31469999961646,0.0,0.0,0.01478385642587143,-0.004031877733388894,0.0032113804887708586,105,66,85
assurance,mainland,0.75,0.5,0.3,selected,200,a0.5_d0.9,0.9,lifetime,lifetime,256,7,0.97265625,0.9446442920775396,0.9866928436448789,1.2578125,0.4725132334067325,6.3741796875,0.01171875,0.003993287123007758,0.033881572667882304,0.015625,0.006092598203366294,0.039479262709196654,0.0,0.0,0.01478385642587143,0.97265625,0.9446442920775396,0.9866928436448789,-0.022275900080391924,0.022568416124705445,4,0,3,0.02734375,0.013307156355121155,0.05535570792246043,0.0,0.0,0.01478385642587143,0.0,0.0,0.01478385642587143,0.97265625,0.9446442920775396,0.9866928436448789,0.05211628088187462,0.006266909267845593,0,0,7
assurance,mainland,0.75,0.5,0.3,selected,400,a0.5_d0.0,0.0,lifetime,lifetime,256,256,0.0,0.0,0.01478385642587143,48.0,0.0,6.144931640625,0.4296875,0.37052769163836163,0.4909262881715265,0.36328125,0.3067900082905613,0.4238149524508879,0.20703125,0.16190727728556475,0.2608176385889693,0.0,0.0,0.01478385642587143,0.003221203537032123,0.0034378759397048304,93,53,110,0.19921875,0.15489813913670408,0.2524327744944842,0.609375,0.5484139251193965,0.6671021062874443,0.19140625,0.14791734057779737,0.24401957081004516,0.0,0.0,0.01478385642587143,-0.028441512128527312,0.0030598752006873687,156,49,51
assurance,mainland,0.75,0.5,0.3,selected,400,a0.5_d0.5,0.5,lifetime,lifetime,256,256,0.0,0.0,0.01478385642587143,47.98046875,0.014058669821527757,6.144931640625,0.390625,0.33289789371255574,0.45158607488060365,0.37109375,0.3142292916101357,0.43176967137465927,0.23828125,0.1902054003663705,0.2940955244815466,0.0,0.0,0.01478385642587143,0.0013116308735964353,0.003526941984597069,95,61,100,0.34375,0.28826407712322777,0.403855878009857,0.421875,0.36297114591343,0.4830888316531124,0.234375,0.1866465082202543,0.2899574155059899,0.0,0.0,0.01478385642587143,-0.004645649254131948,0.003417146156871007,108,60,88
assurance,mainland,0.75,0.5,0.3,selected,400,a0.5_d0.9,0.9,lifetime,lifetime,256,0,1.0,0.9852161435741286,1.0,0.0,0.0,6.144931640625,0.0,0.0,0.01478385642587143,0.0,0.0,0.01478385642587143,0.0,0.0,0.01478385642587143,1.0,0.9852161435741286,1.0,,,0,0,0,0.0,0.0,0.01478385642587143,0.0,0.0,0.01478385642587143,0.0,0.0,0.01478385642587143,1.0,0.9852161435741286,1.0,,,0,0,0
assurance,mainland,0.75,0.5,0.7,neutral,10,a0.5_d0.0,0.0,lifetime,lifetime,256,256,0.0,0.0,0.01478385642587143,48.0,0.0,8.490234375,0.0703125,0.04493554746197091,0.10839432915401236,0.09375,0.0638098481830768,0.13570203516294374,0.8359375,0.7856696977134597,0.8762723987504079,0.0,0.0,0.01478385642587143,-0.0007859077879719999,0.0008632106135286357,24,214,18,0.08984375,0.06061336726621258,0.1312015149581351,0.078125,0.05114064056843023,0.11758323829089878,0.83203125,0.7814036577580846,0.8728414375841101,0.0,0.0,0.01478385642587143,0.0014982472960024494,0.0009061762975705602,20,213,23
assurance,mainland,0.75,0.5,0.7,neutral,10,a0.5_d0.5,0.5,lifetime,lifetime,256,256,0.0,0.0,0.01478385642587143,48.0,0.0,8.490234375,0.0703125,0.04493554746197091,0.10839432915401236,0.05859375,0.03582660763317509,0.09441226561778955,0.87109375,0.8244958864844745,0.9067192200744492,0.0,0.0,0.01478385642587143,0.00038014271934368703,0.000825874970176698,15,223,18,0.0625,0.03883364112851165,0.09910223324412587,0.08203125,0.05427759190690546,0.12214328807409647,0.85546875,0.8071377780781674,0.8932893239940645,0.0,0.0,0.01478385642587143,0.0004231648566439903,0.0008771003729853403,21,219,16
assurance,mainland,0.75,0.5,0.7,neutral,10,a0.5_d0.9,0.9,lifetime,lifetime,256,256,0.0,0.0,0.01478385642587143,38.390625,0.7869662202416763,8.490234375,0.078125,0.05114064056843023,0.11758323829089878,0.0703125,0.04493554746197091,0.10839432915401236,0.8515625,0.8028248479091987,0.8899052530413604,0.0,0.0,0.01478385642587143,0.00015690778584049204,0.0009000497762691541,18,218,20,0.0625,0.03883364112851165,0.09910223324412587,0.0703125,0.04493554746197091,0.10839432915401236,0.8671875,0.8201396562762842,0.9033784491609664,0.0,0.0,0.01478385642587143,0.00017832176576636498,0.0008581399622061163,18,222,16
assurance,mainland,0.75,0.5,0.7,neutral,40,a0.5_d0.0,0.0,lifetime,lifetime,256,256,0.0,0.0,0.01478385642587143,48.0,0.0,7.18935546875,0.25,0.20091686568173925,0.3064750625311965,0.30859375,0.2551887425019035,0.36765820253612547,0.44140625,0.38189072167350635,0.5026542615014005,0.0,0.0,0.01478385642587143,-0.0024640312915338494,0.0018248126647523186,79,113,64,0.29296875,0.240606845197983,0.3514520953533543,0.21875,0.1724715978199255,0.27334432141962717,0.48828125,0.4276765099686914,0.5492324866662899,0.0,0.0,0.01478385642587143,0.0026214037926979876,0.0018229543564329544,56,125,75
assurance,mainland,0.75,0.5,0.7,neutral,40,a0.5_d0.5,0.5,lifetime,lifetime,256,256,0.0,0.0,0.01478385642587143,47.98828125,0.008720928377104037,7.18935546875,0.24609375,0.19734067215723067,0.3023542549340322,0.234375,0.1866465082202543,0.2899574155059899,0.51953125,0.4584937753463775,0.5799912302619868,0.0,0.0,0.01478385642587143,6.765654041920432e-05,0.001675076844177138,60,133,63,0.19921875,0.15489813913670408,0.2524327744944842,0.2421875,0.19377015335079256,0.2982277726187974,0.55859375,0.49734573849859953,0.6181092783264936,0.0,0.0,0.01478385642587143,-0.0012523061591059495,0.001626078969498253,62,143,51
assurance,mainland,0.75,0.5,0.7,neutral,40,a0.5_d0.9,0.9,lifetime,lifetime,256,183,0.28515625,0.23334463740263667,0.3433203009053549,21.10546875,1.28826333943661,7.18935546875,0.1875,0.14443796573655726,0.2398019445296124,0.18359375,0.14096616877647156,0.23557674036802523,0.34375,0.28826407712322777,0.403855878009857,0.28515625,0.23334463740263667,0.3433203009053549,0.0001610162254307483,0.0022498090556078688,47,88,48,0.23828125,0.1902054003663705,0.2940955244815466,0.14453125,0.10671067600593546,0.1928622219218325,0.33203125,0.2771993280647148,0.3918296237033514,0.28515625,0.23334463740263667,0.3433203009053549,0.004085167405144126,0.002377215380323235,37,85,61
assurance,mainland,0.75,0.5,0.7,neutral,50,a0.5_d0.0,0.0,lifetime,lifetime,256,256,0.0,0.0,0.01478385642587143,48.0,0.0,7.036875,0.23046875,0.183093576056734,0.28581334654783735,0.31640625,0.26250760743602425,0.37573333984535046,0.453125,0.3932873375109957,0.5143486490289297,0.0,0.0,0.01478385642587143,-0.002955953238603395,0.001994288098728973,81,116,59,0.296875,0.24424521529493903,0.35551072637807124,0.2421875,0.19377015335079256,0.2982277726187974,0.4609375,0.40090361566150806,0.5221263731217632,0.0,0.0,0.01478385642587143,0.002472286331670936,0.0020002254871540315,62,118,76
assurance,mainland,0.75,0.5,0.7,neutral,50,a0.5_d0.5,0.5,lifetime,lifetime,256,256,0.0,0.0,0.01478385642587143,47.96875,0.022737714847156216,7.036875,0.26953125,0.2188800151092185,0.3269969187120816,0.25390625,0.20449864653192884,0.31059028280267975,0.4765625,0.41618039421813385,0.5376375990518288,0.0,0.0,0.01478385642587143,-0.0007403808036964814,0.001830267974105002,65,122,69,0.2265625,0.1795467073799799,0.28166321410291856,0.265625,0.21527669094275786,0.3229032417568694,0.5078125,0.44690987163300716,0.5684841306103388,0.0,0.0,0.01478385642587143,-0.0005673750578412222,0.0018074500925940396,68,130,58
assurance,mainland,0.75,0.5,0.7,neutral,50,a0.5_d0.9,0.9,lifetime,lifetime,256,151,0.41015625,0.3516648037328092,0.47130417046871464,17.7734375,1.3082439126683147,7.036875,0.171875,0.13059812036467136,0.2228537854148068,0.15625,0.11689244351430939,0.20577145777847722,0.26171875,0.21167863808724405,0.31880429349071027,0.41015625,0.3516648037328092,0.47130417046871464,0.0006409291422408657,0.0026107803788586862,40,67,44,0.21484375,0.16894358808976334,0.26917533002811644,0.1328125,0.09662155083903351,0.17986034372371584,0.2421875,0.19377015335079256,0.2982277726187974,0.41015625,0.3516648037328092,0.47130417046871464,0.006574352480658849,0.0026626274629112947,34,62,55
assurance,mainland,0.75,0.5,0.7,neutral,100,a0.5_d0.0,0.0,lifetime,lifetime,256,256,0.0,0.0,0.01478385642587143,48.0,0.0,6.67265625,0.30859375,0.2551887425019035,0.36765820253612547,0.36328125,0.3067900082905613,0.4238149524508879,0.328125,0.2735197547273731,0.38781219591902016,0.0,0.0,0.01478385642587143,-0.0028477045374250814,0.0025108134533649504,93,84,79,0.35546875,0.29936712788953435,0.4158438306085691,0.328125,0.2735197547273731,0.38781219591902016,0.31640625,0.26250760743602425,0.37573333984535046,0.0,0.0,0.01478385642587143,0.0013103821334950068,0.0026077985844748745,84,81,91
assurance,mainland,0.75,0.5,0.7,neutral,100,a0.5_d0.5,0.5,lifetime,lifetime,256,256,0.0,0.0,0.01478385642587143,48.0,0.0,6.67265625,0.328125,0.2735197547273731,0.38781219591902016,0.3203125,0.26617385334096993,0.3797640950620776,0.3515625,0.295661910800322,0.41185204657610863,0.0,0.0,0.01478385642587143,0.001435854102049881,0.0025365122248697685,82,90,84,0.30078125,0.24788835618653265,0.35956458660815055,0.30078125,0.24788835618653265,0.35956458660815055,0.3984375,0.3403930035879241,0.459484967248581,0.0,0.0,0.01478385642587143,-0.00018184022843584333,0.0024251471356346844,77,102,77
assurance,mainland,0.75,0.5,0.7,neutral,100,a0.5_d0.9,0.9,lifetime,lifetime,256,60,0.765625,0.71004258449401,0.8133534917797457,6.7421875,0.9831062620140063,6.67265625,0.07421875,0.048026107191811204,0.11300077054584494,0.05078125,0.029913811386553534,0.08493105962106533,0.109375,0.07676405306596229,0.15353583476674978,0.765625,0.71004258449401,0.8133534917797457,0.003225192686290268,0.004150897100748317,13,28,19,0.078125,0.05114064056843023,0.11758323829089878,0.08203125,0.05427759190690546,0.12214328807409647,0.07421875,0.048026107191811204,0.11300077054584494,0.765625,0.71004258449401,0.8133534917797457,-0.0015302449151008526,0.005701074935718055,21,19,20
assurance,mainland,0.75,0.5,0.7,neutral,200,a0.5_d0.0,0.0,lifetime,lifetime,256,256,0.0,0.0,0.01478385642587143,48.0,0.0,6.3741796875,0.36328125,0.3067900082905613,0.4238149524508879,0.375,0.31795501653541774,0.43574094757105014,0.26171875,0.21167863808724405,0.31880429349071027,0.0,0.0,0.01478385642587143,0.00047407414351647355,0.002994869861695614,96,67,93,0.3984375,0.3403930035879241,0.459484967248581,0.35546875,0.29936712788953435,0.4158438306085691,0.24609375,0.19734067215723067,0.3023542549340322,0.0,0.0,0.01478385642587143,0.0015811030894330152,0.0030596698356925296,91,63,102
assurance,mainland,0.75,0.5,0.7,neutral,200,a0.5_d0.5,0.5,lifetime,lifetime,256,256,0.0,0.0,0.01478385642587143,48.0,0.0,6.3741796875,0.39453125,0.33664349360941154,0.45553747610542067,0.31640625,0.26250760743602425,0.37573333984535046,0.2890625,0.2369733003711826,0.34738863905848194,0.0,0.0,0.01478385642587143,0.005022101758836179,0.003007949925918384,81,74,101,0.34765625,0.29196088318828545,0.40785607306647226,0.3515625,0.295661910800322,0.41185204657610863,0.30078125,0.24788835618653265,0.35956458660815055,0.0,0.0,0.01478385642587143,-0.0018884145504891809,0.0030128984727121654,90,77,89
assurance,mainland,0.75,0.5,0.7,neutral,200,a0.5_d0.9,0.9,lifetime,lifetime,256,4,0.984375,0.9605207372908033,0.9939074017966336,0.53125,0.29770748861006135,6.3741796875,0.00390625,0.0006898821669617927,0.021790975380582514,0.0078125,0.002145090367681419,0.028032768301535768,0.00390625,0.0006898821669617927,0.021790975380582514,0.984375,0.9605207372908033,0.9939074017966336,-0.016184786964620057,0.022604138067489662,2,1,1,0.0078125,0.002145090367681419,0.028032768301535768,0.0,0.0,0.01478385642587143,0.0078125,0.002145090367681419,0.028032768301535768,0.984375,0.9605207372908033,0.9939074017966336,0.01811032529263104,0.004887080177801296,0,2,2
assurance,mainland,0.75,0.5,0.7,neutral,400,a0.5_d0.0,0.0,lifetime,lifetime,256,256,0.0,0.0,0.01478385642587143,48.0,0.0,6.144931640625,0.3828125,0.3254185065983358,0.4436714597514778,0.37890625,0.32168476294187087,0.43970820228626983,0.23828125,0.1902054003663705,0.2940955244815466,0.0,0.0,0.01478385642587143,-0.00032786216636514426,0.0032106595673785715,97,61,98,0.421875,0.36297114591343,0.4830888316531124,0.3671875,0.3105076134241139,0.4277943484390082,0.2109375,0.16542210475657976,0.26499981223962715,0.0,0.0,0.01478385642587143,0.003715902394312698,0.0034474528076176374,94,54,108
assurance,mainland,0.75,0.5,0.7,neutral,400,a0.5_d0.5,0.5,lifetime,lifetime,256,256,0.0,0.0,0.01478385642587143,47.96484375,0.02496431084615164,6.144931640625,0.45703125,0.3970936285540288,0.5182393591075696,0.3359375,0.280883264256863,0.395842688632876,0.20703125,0.16190727728556475,0.2608176385889693,0.0,0.0,0.01478385642587143,0.006859509387095347,0.0034567761408116427,86,53,117,0.35546875,0.29936712788953435,0.4158438306085691,0.37109375,0.3142292916101357,0.43176967137465927,0.2734375,0.22248853918114145,0.33108539576183155,0.0,0.0,0.01478385642587143,-0.0014637311165612596,0.0033536565525899118,95,70,91
assurance,mainland,0.75,0.5,0.7,neutral,400,a0.5_d0.9,0.9,lifetime,lifetime,256,0,1.0,0.9852161435741286,1.0,0.0,0.0,6.144931640625,0.0,0.0,0.01478385642587143,0.0,0.0,0.01478385642587143,0.0,0.0,0.01478385642587143,1.0,0.9852161435741286,1.0,,,0,0,0,0.0,0.0,0.01478385642587143,0.0,0.0,0.01478385642587143,0.0,0.0,0.01478385642587143,1.0,0.9852161435741286,1.0,,,0,0,0
assurance,mainland,0.75,0.5,0.7,selected,10,a0.5_d0.0,0.0,lifetime,lifetime,256,256,0.0,0.0,0.01478385642587143,48.0,0.0,8.490234375,0.0703125,0.04493554746197091,0.10839432915401236,0.078125,0.05114064056843023,0.11758323829089878,0.8515625,0.8028248479091987,0.8899052530413604,0.0,0.0,0.01478385642587143,-0.0001518787652854377,0.0009051702437008698,20,218,18,0.0625,0.03883364112851165,0.09910223324412587,0.0859375,0.05743557903626671,0.12668230206640807,0.8515625,0.8028248479091987,0.8899052530413604,0.0,0.0,0.01478385642587143,-0.0009275335000407839,0.0008974656966553167,22,218,16
assurance,mainland,0.75,0.5,0.7,selected,10,a0.5_d0.5,0.5,lifetime,lifetime,256,256,0.0,0.0,0.01478385642587143,48.0,0.0,8.490234375,0.08203125,0.05427759190690546,0.12214328807409647,0.08203125,0.05427759190690546,0.12214328807409647,0.8359375,0.7856696977134597,0.8762723987504079,0.0,0.0,0.01478385642587143,-6.651307829749504e-05,0.0008645452893500835,21,214,21,0.06640625,0.04187072285916844,0.10376215263514196,0.0625,0.03883364112851165,0.09910223324412587,0.87109375,0.8244958864844745,0.9067192200744492,0.0,0.0,0.01478385642587143,-0.0002325350081197042,0.0008496154110748653,16,223,17
assurance,mainland,0.75,0.5,0.7,selected,10,a0.5_d0.9,0.9,lifetime,lifetime,256,256,0.0,0.0,0.01478385642587143,38.76171875,0.7608535024173696,8.490234375,0.06640625,0.04187072285916844,0.10376215263514196,0.09375,0.0638098481830768,0.13570203516294374,0.83984375,0.7899445744170772,0.8796945231684632,0.0,0.0,0.01478385642587143,-0.00013406742534557634,0.0008492917723191137,24,215,17,0.10546875,0.07350191137657121,0.14910097533446798,0.0390625,0.0213540358427329,0.07039983179986732,0.85546875,0.8071377780781674,0.8932893239940645,0.0,0.0,0.01478385642587143,0.0029587718596819058,0.0008769547367713686,10,219,27
assurance,mainland,0.75,0.5,0.7,selected,40,a0.5_d0.0,0.0,lifetime,lifetime,256,256,0.0,0.0,0.01478385642587143,48.0,0.0,7.18935546875,0.2421875,0.19377015335079256,0.2982277726187974,0.22265625,0.17600601030365376,0.27750691005757183,0.53515625,0.4739903018869167,0.5952827082081391,0.0,0.0,0.01478385642587143,0.0016146180591226035,0.001693252835775136,57,137,62,0.14453125,0.10671067600593546,0.1928622219218325,0.31640625,0.26250760743602425,0.37573333984535046,0.5390625,0.47787362687823687,0.599096384338492,0.0,0.0,0.01478385642587143,-0.0066810456255239825,0.0017233088372819597,81,138,37
assurance,mainland,0.75,0.5,0.7,selected,40,a0.5_d0.5,0.5,lifetime,lifetime,256,256,0.0,0.0,0.01478385642587143,47.98046875,0.012923193964681274,7.18935546875,0.2578125,0.20808593083982155,0.31469999961646,0.2421875,0.19377015335079256,0.2982277726187974,0.5,0.43920555858906296,0.560794441410937,0.0,0.0,0.01478385642587143,0.0016898520604359934,0.0017660160429317717,62,128,66,0.1953125,0.15140411996625466,0.24822979254326075,0.2265625,0.1795467073799799,0.28166321410291856,0.578125,0.5169111683468876,0.63702885408657,0.0,0.0,0.01478385642587143,-0.0011827631825585667,0.001603824253174303,58,148,50
assurance,mainland,0.75,0.5,0.7,selected,40,a0.5_d0.9,0.9,lifetime,lifetime,256,194,0.2421875,0.19377015335079256,0.2982277726187974,23.5078125,1.3353690669474756,7.18935546875,0.20703125,0.16190727728556475,0.2608176385889693,0.1953125,0.15140411996625466,0.24822979254326075,0.35546875,0.29936712788953435,0.4158438306085691,0.2421875,0.19377015335079256,0.2982277726187974,-0.00014484769450341304,0.0024228733789578346,50,91,53,0.29296875,0.240606845197983,0.3514520953533543,0.13671875,0.09997371828318014,0.1842051774012421,0.328125,0.2735197547273731,0.38781219591902016,0.2421875,0.19377015335079256,0.2982277726187974,0.0082725411890328,0.0023693398014840625,35,84,75
assurance,mainland,0.75,0.5,0.7,selected,50,a0.5_d0.0,0.0,lifetime,lifetime,256,256,0.0,0.0,0.01478385642587143,48.0,0.0,7.036875,0.26953125,0.2188800151092185,0.3269969187120816,0.27734375,0.22610219451112512,0.3351687415535207,0.453125,0.3932873375109957,0.5143486490289297,0.0,0.0,0.01478385642587143,-0.00035243947067249096,0.0019404450967080511,71,116,69,0.1875,0.14443796573655726,0.2398019445296124,0.33984375,0.28457152593543,0.39985142807598195,0.47265625,0.4123556863984164,0.5337653057498734,0.0,0.0,0.01478385642587143,-0.006699934017885739,0.001954631702955057,87,121,48
assurance,mainland,0.75,0.5,0.7,selected,50,a0.5_d0.5,0.5,lifetime,lifetime,256,256,0.0,0.0,0.01478385642587143,48.0,0.0,7.036875,0.28125,0.2297209150846507,0.33924702210166807,0.2578125,0.20808593083982155,0.31469999961646,0.4609375,0.40090361566150806,0.5221263731217632,0.0,0.0,0.01478385642587143,0.001981723086207433,0.00194182888285985,66,118,72,0.23046875,0.183093576056734,0.28581334654783735,0.25,0.20091686568173925,0.3064750625311965,0.51953125,0.4584937753463775,0.5799912302619868,0.0,0.0,0.01478385642587143,-0.0015214772129204992,0.0018132781683758402,64,133,59
assurance,mainland,0.75,0.5,0.7,selected,50,a0.5_d0.9,0.9,lifetime,lifetime,256,157,0.38671875,0.3291562242738866,0.4476307431975999,19.53125,1.3482454443410052,7.036875,0.17578125,0.13404604842154846,0.22710285847960257,0.1953125,0.15140411996625466,0.24822979254326075,0.2421875,0.19377015335079256,0.2982277726187974,0.38671875,0.3291562242738866,0.4476307431975999,0.0002095755562144369,0.002872680725268258,50,62,45,0.2421875,0.19377015335079256,0.2982277726187974,0.10546875,0.07350191137657121,0.14910097533446798,0.265625,0.21527669094275786,0.3229032417568694,0.38671875,0.3291562242738866,0.4476307431975999,0.011948983510962937,0.0026814194361670486,27,68,62
assurance,mainland,0.75,0.5,0.7,selected,100,a0.5_d0.0,0.0,lifetime,lifetime,256,256,0.0,0.0,0.01478385642587143,48.0,0.0,6.67265625,0.3203125,0.26617385334096993,0.3797640950620776,0.30859375,0.2551887425019035,0.36765820253612547,0.37109375,0.3142292916101357,0.43176967137465927,0.0,0.0,0.01478385642587143,-0.0006010434214427092,0.0025573807199296924,79,95,82,0.23828125,0.1902054003663705,0.2940955244815466,0.421875,0.36297114591343,0.4830888316531124,0.33984375,0.28457152593543,0.39985142807598195,0.0,0.0,0.01478385642587143,-0.009483674357640408,0.0026157517633006917,108,87,61
assurance,mainland,0.75,0.5,0.7,selected,100,a0.5_d0.5,0.5,lifetime,lifetime,256,256,0.0,0.0,0.01478385642587143,47.98828125,0.01171875,6.67265625,0.31640625,0.26250760743602425,0.37573333984535046,0.36328125,0.3067900082905613,0.4238149524508879,0.3203125,0.26617385334096993,0.3797640950620776,0.0,0.0,0.01478385642587143,-0.001295876234972479,0.0025653340897023374,93,82,81,0.296875,0.24424521529493903,0.35551072637807124,0.3046875,0.25153621542356636,0.36361372849278967,0.3984375,0.3403930035879241,0.459484967248581,0.0,0.0,0.01478385642587143,-0.0029363788579557476,0.0024718440402947094,78,102,76
assurance,mainland,0.75,0.5,0.7,selected,100,a0.5_d0.9,0.9,lifetime,lifetime,256,72,0.71875,0.6607529778983319,0.7702790849153494,9.015625,1.1068521091841457,6.67265625,0.06640625,0.04187072285916844,0.10376215263514196,0.10546875,0.07350191137657121,0.14910097533446798,0.109375,0.07676405306596229,0.15353583476674978,0.71875,0.6607529778983319,0.7702790849153494,-0.0057490582110174306,0.00449036941171677,27,28,17,0.15625,0.11689244351430939,0.20577145777847722,0.03515625,0.018604096092635542,0.0654527704282918,0.08984375,0.06061336726621258,0.1312015149581351,0.71875,0.6607529778983319,0.7702790849153494,0.023768402359628807,0.004183338009131419,9,23,40
assurance,mainland,0.75,0.5,0.7,selected,200,a0.5_d0.0,0.0,lifetime,lifetime,256,256,0.0,0.0,0.01478385642587143,48.0,0.0,6.3741796875,0.3515625,0.295661910800322,0.41185204657610863,0.359375,0.30307650360756977,0.4198314560122066,0.2890625,0.2369733003711826,0.34738863905848194,0.0,0.0,0.01478385642587143,-0.001023129022600992,0.003098699759965962,92,74,90,0.2578125,0.20808593083982155,0.31469999961646,0.5,0.43920555858906296,0.560794441410937,0.2421875,0.19377015335079256,0.2982277726187974,0.0,0.0,0.01478385642587143,-0.016529111610752587,0.003149099983980855,128,62,66
assurance,mainland,0.75,0.5,0.7,selected,200,a0.5_d0.5,0.5,lifetime,lifetime,256,256,0.0,0.0,0.01478385642587143,48.0,0.0,6.3741796875,0.37890625,0.32168476294187087,0.43970820228626983,0.36328125,0.3067900082905613,0.4238149524508879,0.2578125,0.20808593083982155,0.31469999961646,0.0,0.0,0.01478385642587143,0.0012144808592378779,0.0032467106894265856,93,66,97,0.3359375,0.280883264256863,0.395842688632876,0.41015625,0.3516648037328092,0.47130417046871464,0.25390625,0.20449864653192884,0.31059028280267975,0.0,0.0,0.01478385642587143,-0.0047065211287374824,0.003064346511556528,105,65,86
assurance,mainland,0.75,0.5,0.7,selected,200,a0.5_d0.9,0.9,lifetime,lifetime,256,11,0.95703125,0.9247089445363343,0.9758401866993924,1.1875,0.4353589064794476,6.3741796875,0.01171875,0.003993287123007758,0.033881572667882304,0.015625,0.006092598203366294,0.039479262709196654,0.015625,0.006092598203366294,0.039479262709196654,0.95703125,0.9247089445363343,0.9758401866993924,0.0037210072862503855,0.012137730860605355,4,4,3,0.03125,0.015918258891511296,0.06044160650774316,0.00390625,0.0006898821669617927,0.021790975380582514,0.0078125,0.002145090367681419,0.028032768301535768,0.95703125,0.9247089445363343,0.9758401866993924,0.04382922220026997,0.012693298605050403,1,2,8
assurance,mainland,0.75,0.5,0.7,selected,400,a0.5_d0.0,0.0,lifetime,lifetime,256,256,0.0,0.0,0.01478385642587143,48.0,0.0,6.144931640625,0.375,0.31795501653541774,0.43574094757105014,0.359375,0.30307650360756977,0.4198314560122066,0.265625,0.21527669094275786,0.3229032417568694,0.0,0.0,0.01478385642587143,0.00024561445028150166,0.0033331419033673726,92,68,96,0.25,0.20091686568173925,0.3064750625311965,0.55078125,0.4895457648520954,0.6105152497296519,0.19921875,0.15489813913670408,0.2524327744944842,0.0,0.0,0.01478385642587143,-0.019589887837204875,0.0034009066187106365,141,51,64
assurance,mainland,0.75,0.5,0.7,selected,400,a0.5_d0.5,0.5,lifetime,lifetime,256,256,0.0,0.0,0.01478385642587143,47.98046875,0.014058669821527757,6.144931640625,0.390625,0.33289789371255574,0.45158607488060365,0.3984375,0.3403930035879241,0.459484967248581,0.2109375,0.16542210475657976,0.26499981223962715,0.0,0.0,0.01478385642587143,0.0019104768323971494,0.0035497092798113116,102,54,100,0.3515625,0.295661910800322,0.41185204657610863,0.46875,0.4085346505933857,0.5298893404332313,0.1796875,0.13750213221413665,0.23134377580868726,0.0,0.0,0.01478385642587143,-0.007434206296674399,0.003410623081004472,120,46,90
assurance,mainland,0.75,0.5,0.7,selected,400,a0.5_d0.9,0.9,lifetime,lifetime,256,0,1.0,0.9852161435741286,1.0,0.0,0.0,6.144931640625,0.0,0.0,0.01478385642587143,0.0,0.0,0.01478385642587143,0.0,0.0,0.01478385642587143,1.0,0.9852161435741286,1.0,,,0,0,0,0.0,0.0,0.01478385642587143,0.0,0.0,0.01478385642587143,0.0,0.0,0.01478385642587143,1.0,0.9852161435741286,1.0,,,0,0,0
effort_separation,both,0.75,0.5,0.3,neutral,10,ovule_annual_pollen_annual,0.5,annual,annual,256,256,0.0,0.0,0.01478385642587143,48.0,0.0,2.40234375,0.11328125,0.0800407222974869,0.15795616665689804,0.078125,0.05114064056843023,0.11758323829089878,0.80859375,0.7559804291899548,0.8520826594222026,0.0,0.0,0.01478385642587143,0.000549102314447989,0.0009235593996580452,20,207,29,0.0859375,0.05743557903626671,0.12668230206640807,0.05859375,0.03582660763317509,0.09441226561778955,0.85546875,0.8071377780781674,0.8932893239940645,0.0,0.0,0.01478385642587143,-2.8604443104452218e-05,0.0008397237832652931,15,219,22
effort_separation,both,0.75,0.5,0.3,neutral,10,ovule_annual_pollen_lifetime,0.5,annual,lifetime,256,256,0.0,0.0,0.01478385642587143,48.0,0.0,2.40234375,0.06640625,0.04187072285916844,0.10376215263514196,0.1015625,0.07025498422463894,0.14465090136472736,0.83203125,0.7814036577580846,0.8728414375841101,0.0,0.0,0.01478385642587143,-0.0007377593359555934,0.0008811314856004744,26,213,17,0.09375,0.0638098481830768,0.13570203516294374,0.0625,0.03883364112851165,0.09910223324412587,0.84375,0.7942285422215228,0.8831075564856906,0.0,0.0,0.01478385642587143,5.241566096738704e-05,0.0008836287989196672,16,216,24
effort_separation,both,0.75,0.5,0.3,neutral,10,ovule_lifetime_pollen_annual,0.5,lifetime,annual,256,256,0.0,0.0,0.01478385642587143,47.9765625,0.013478477192415714,2.40234375,0.078125,0.05114064056843023,0.11758323829089878,0.078125,0.05114064056843023,0.11758323829089878,0.84375,0.7942285422215228,0.8831075564856906,0.0,0.0,0.01478385642587143,-9.028246041766375e-05,0.0008836143678777192,20,216,20,0.0859375,0.05743557903626671,0.12668230206640807,0.0546875,0.03285229140400938,0.08968958072528235,0.859375,0.8114609871166358,0.8966631160772691,0.0,0.0,0.01478385642587143,0.0001501763253662395,0.0008846399521555222,14,220,22
effort_separation,both,0.75,0.5,0.3,neutral,40,ovule_annual_pollen_annual,0.5,annual,annual,256,256,0.0,0.0,0.01478385642587143,48.0,0.0,1.2353515625,0.25,0.20091686568173925,0.3064750625311965,0.2265625,0.1795467073799799,0.28166321410291856,0.5234375,0.46236240094817116,0.5838196057818662,0.0,0.0,0.01478385642587143,0.0008081843084964259,0.0017194484356534197,58,134,64,0.23046875,0.183093576056734,0.28581334654783735,0.21484375,0.16894358808976334,0.26917533002811644,0.5546875,0.4934438909769816,0.6143141247264388,0.0,0.0,0.01478385642587143,-0.0005079013952646351,0.001762850952970428,55,142,59
effort_separation,both,0.75,0.5,0.3,neutral,40,ovule_annual_pollen_lifetime,0.5,annual,lifetime,256,256,0.0,0.0,0.01478385642587143,48.0,0.0,1.2353515625,0.21875,0.1724715978199255,0.27334432141962717,0.24609375,0.19734067215723067,0.3023542549340322,0.53515625,0.4739903018869167,0.5952827082081391,0.0,0.0,0.01478385642587143,-0.0008341910629881408,0.0016997666338354918,63,137,56,0.27734375,0.22610219451112512,0.3351687415535207,0.25390625,0.20449864653192884,0.31059028280267975,0.46875,0.4085346505933857,0.5298893404332313,0.0,0.0,0.01478385642587143,0.0003764438816776265,0.001885262995693161,65,120,71
effort_separation,both,0.75,0.5,0.3,neutral,40,ovule_lifetime_pollen_annual,0.5,lifetime,annual,256,256,0.0,0.0,0.01478385642587143,47.921875,0.035102593858406465,1.2353515625,0.2265625,0.1795467073799799,0.28166321410291856,0.2265625,0.1795467073799799,0.28166321410291856,0.546875,0.4856513509710702,0.6067126624890042,0.0,0.0,0.01478385642587143,0.0002052013064443492,0.0017754488622745365,58,140,58,0.28515625,0.23334463740263667,0.3433203009053549,0.26171875,0.21167863808724405,0.31880429349071027,0.453125,0.3932873375109957,0.5143486490289297,0.0,0.0,0.01478385642587143,-0.00010291556804289535,0.0019321523210292645,67,116,73
effort_separation,both,0.75,0.5,0.3,neutral,50,ovule_annual_pollen_annual,0.5,annual,annual,256,256,0.0,0.0,0.01478385642587143,48.0,0.0,1.127578125,0.26171875,0.21167863808724405,0.31880429349071027,0.25390625,0.20449864653192884,0.31059028280267975,0.484375,0.4238408093138977,0.5453711861994108,0.0,0.0,0.01478385642587143,0.0010845041510656166,0.001890129202750678,65,124,67,0.26953125,0.2188800151092185,0.3269969187120816,0.24609375,0.19734067215723067,0.3023542549340322,0.484375,0.4238408093138977,0.5453711861994108,0.0,0.0,0.01478385642587143,0.00036989100045803423,0.0019430815833018436,63,124,69
effort_separation,both,0.75,0.5,0.3,neutral,50,ovule_annual_pollen_lifetime,0.5,annual,lifetime,256,256,0.0,0.0,0.01478385642587143,48.0,0.0,1.127578125,0.20703125,0.16190727728556475,0.2608176385889693,0.27734375,0.22610219451112512,0.3351687415535207,0.515625,0.4546288138005892,0.5761591906861023,0.0,0.0,0.01478385642587143,-0.0018857971346982433,0.001862037357650164,71,132,53,0.29296875,0.240606845197983,0.3514520953533543,0.2578125,0.20808593083982155,0.31469999961646,0.44921875,0.389484750270348,0.5104542351479046,0.0,0.0,0.01478385642587143,0.000878735138340241,0.0020798306788845605,66,115,75
effort_separation,both,0.75,0.5,0.3,neutral,50,ovule_lifetime_pollen_annual,0.5,lifetime,annual,256,256,0.0,0.0,0.01478385642587143,47.94140625,0.025401522454059102,1.127578125,0.26171875,0.21167863808724405,0.31880429349071027,0.265625,0.21527669094275786,0.3229032417568694,0.47265625,0.4123556863984164,0.5337653057498734,0.0,0.0,0.01478385642587143,0.0005705120830264685,0.001986916302717053,68,121,67,0.30859375,0.2551887425019035,0.36765820253612547,0.26953125,0.2188800151092185,0.3269969187120816,0.421875,0.36297114591343,0.4830888316531124,0.0,0.0,0.01478385642587143,0.0015821857554036713,0.002064148052110751,69,108,79
effort_separation,both,0.75,0.5,0.3,neutral,100,ovule_annual_pollen_annual,0.5,annual,annual,256,256,0.0,0.0,0.01478385642587143,48.0,0.0,0.9062109375,0.34375,0.28826407712322777,0.403855878009857,0.33984375,0.28457152593543,0.39985142807598195,0.31640625,0.26250760743602425,0.37573333984535046,0.0,0.0,0.01478385642587143,6.745914482747572e-05,0.0025624079034498163,87,81,88,0.33984375,0.28457152593543,0.39985142807598195,0.31640625,0.26250760743602425,0.37573333984535046,0.34375,0.28826407712322777,0.403855878009857,0.0,0.0,0.01478385642587143,0.0013089891337318923,0.002649314343465139,81,88,87
effort_separation,both,0.75,0.5,0.3,neutral,100,ovule_annual_pollen_lifetime,0.5,annual,lifetime,256,256,0.0,0.0,0.01478385642587143,48.0,0.0,0.9062109375,0.265625,0.21527669094275786,0.3229032417568694,0.37109375,0.3142292916101357,0.43176967137465927,0.36328125,0.3067900082905613,0.4238149524508879,0.0,0.0,0.01478385642587143,-0.00425273823977999,0.002590035552705078,95,93,68,0.34375,0.28826407712322777,0.403855878009857,0.33984375,0.28457152593543,0.39985142807598195,0.31640625,0.26250760743602425,0.37573333984535046,0.0,0.0,0.01478385642587143,0.00011214063316359593,0.0027716141394287714,87,81,88
effort_separation,both,0.75,0.5,0.3,neutral,100,ovule_lifetime_pollen_annual,0.5,lifetime,annual,256,256,0.0,0.0,0.01478385642587143,47.90625,0.04137458903296876,0.9062109375,0.33984375,0.28457152593543,0.39985142807598195,0.31640625,0.26250760743602425,0.37573333984535046,0.34375,0.28826407712322777,0.403855878009857,0.0,0.0,0.01478385642587143,0.00046804967833108434,0.0026790697797150907,81,88,87,0.3359375,0.280883264256863,0.395842688632876,0.359375,0.30307650360756977,0.4198314560122066,0.3046875,0.25153621542356636,0.36361372849278967,0.0,0.0,0.01478385642587143,-0.0014752374135684546,0.0028134598259973525,92,78,86
effort_separation,both,0.75,0.5,0.3,neutral,200,ovule_annual_pollen_annual,0.5,annual,annual,256,256,0.0,0.0,0.01478385642587143,48.0,0.0,0.78705078125,0.41015625,0.3516648037328092,0.47130417046871464,0.35546875,0.29936712788953435,0.4158438306085691,0.234375,0.1866465082202543,0.2899574155059899,0.0,0.0,0.01478385642587143,0.0019382826114019598,0.0031142365016691344,91,60,105,0.41796875,0.35919855391479266,0.4791644225300769,0.359375,0.30307650360756977,0.4198314560122066,0.22265625,0.17600601030365376,0.27750691005757183,0.0,0.0,0.01478385642587143,0.0029557047667430154,0.0033681690601832263,92,57,107
effort_separation,both,0.75,0.5,0.3,neutral,200,ovule_annual_pollen_lifetime,0.5,annual,lifetime,256,256,0.0,0.0,0.01478385642587143,48.0,0.0,0.78705078125,0.32421875,0.2698445830530154,0.38379036647170506,0.4140625,0.3554297681158383,0.4752362072073583,0.26171875,0.21167863808724405,0.31880429349071027,0.0,0.0,0.01478385642587143,-0.005255084404361199,0.0031971547744351816,106,67,83,0.3828125,0.3254185065983358,0.4436714597514778,0.3671875,0.3105076134241139,0.4277943484390082,0.25,0.20091686568173925,0.3064750625311965,0.0,0.0,0.01478385642587143,0.0008121261786711571,0.003238101014499137,94,64,98
effort_separation,both,0.75,0.5,0.3,neutral,200,ovule_lifetime_pollen_annual,0.5,lifetime,annual,256,256,0.0,0.0,0.01478385642587143,47.96484375,0.016917653859259436,0.78705078125,0.41796875,0.35919855391479266,0.4791644225300769,0.37890625,0.32168476294187087,0.43970820228626983,0.203125,0.15839924133131683,0.25662867342154433,0.0,0.0,0.01478385642587143,0.0006793009475007908,0.003415861273763472,97,52,107,0.37890625,0.32168476294187087,0.43970820228626983,0.38671875,0.3291562242738866,0.4476307431975999,0.234375,0.1866465082202543,0.2899574155059899,0.0,0.0,0.01478385642587143,-0.001901909760987531,0.0033413407977700466,99,60,97
effort_separation,both,0.75,0.5,0.3,neutral,400,ovule_annual_pollen_annual,0.5,annual,annual,256,256,0.0,0.0,0.01478385642587143,48.0,0.0,0.7280957031249999,0.41015625,0.3516648037328092,0.47130417046871464,0.39453125,0.33664349360941154,0.45553747610542067,0.1953125,0.15140411996625466,0.24822979254326075,0.0,0.0,0.01478385642587143,0.0018560185609942546,0.0035641963863122872,101,50,105,0.44140625,0.38189072167350635,0.5026542615014005,0.3671875,0.3105076134241139,0.4277943484390082,0.19140625,0.14791734057779737,0.24401957081004516,0.0,0.0,0.01478385642587143,0.003958506034708501,0.0037169307120380967,94,49,113
effort_separation,both,0.75,0.5,0.3,neutral,400,ovule_annual_pollen_lifetime,0.5,annual,lifetime,256,256,0.0,0.0,0.01478385642587143,48.0,0.0,0.7280957031249999,0.328125,0.2735197547273731,0.38781219591902016,0.453125,0.3932873375109957,0.5143486490289297,0.21875,0.1724715978199255,0.27334432141962717,0.0,0.0,0.01478385642587143,-0.007494040706201211,0.0034748933190647518,116,56,84,0.42578125,0.36674752969705376,0.48700944899116155,0.390625,0.33289789371255574,0.45158607488060365,0.18359375,0.14096616877647156,0.23557674036802523,0.0,0.0,0.01478385642587143,0.0015814673587624857,0.0036224788065190375,100,47,109
effort_separation,both,0.75,0.5,0.3,neutral,400,ovule_lifetime_pollen_annual,0.5,lifetime,annual,256,256,0.0,0.0,0.01478385642587143,47.88671875,0.040996107342634064,0.7280957031249999,0.38671875,0.3291562242738866,0.4476307431975999,0.41796875,0.35919855391479266,0.4791644225300769,0.1953125,0.15140411996625466,0.24822979254326075,0.0,0.0,0.01478385642587143,-0.0018921570189399193,0.003601733647035397,107,50,99,0.4140625,0.3554297681158383,0.4752362072073583,0.42578125,0.36674752969705376,0.48700944899116155,0.16015625,0.12030547683153675,0.21005542558292273,0.0,0.0,0.01478385642587143,-0.0019671695496286798,0.003711999506834033,109,41,106
effort_separation,both,0.75,0.5,0.3,selected,10,ovule_annual_pollen_annual,0.5,annual,annual,256,256,0.0,0.0,0.01478385642587143,48.0,0.0,2.40234375,0.06640625,0.04187072285916844,0.10376215263514196,0.09765625,0.06702402222215342,0.14018486224554,0.8359375,0.7856696977134597,0.8762723987504079,0.0,0.0,0.01478385642587143,-0.0002829121658185585,0.0009230025434964211,25,214,17,0.0859375,0.05743557903626671,0.12668230206640807,0.06640625,0.04187072285916844,0.10376215263514196,0.84765625,0.7985218710820212,0.886511228746865,0.0,0.0,0.01478385642587143,-0.00015289257628058202,0.0008512286891886147,17,217,22
effort_separation,both,0.75,0.5,0.3,selected,10,ovule_annual_pollen_lifetime,0.5,annual,lifetime,256,256,0.0,0.0,0.01478385642587143,48.0,0.0,2.40234375,0.08203125,0.05427759190690546,0.12214328807409647,0.1015625,0.07025498422463894,0.14465090136472736,0.81640625,0.7644232596319748,0.8590338312235285,0.0,0.0,0.01478385642587143,-0.0006733221312025083,0.0008919920871688693,26,209,21,0.08984375,0.06061336726621258,0.1312015149581351,0.08203125,0.05427759190690546,0.12214328807409647,0.828125,0.7771462145851933,0.8694018796353287,0.0,0.0,0.01478385642587143,-0.0003488891714194817,0.0009056814599972478,21,212,23
effort_separation,both,0.75,0.5,0.3,selected,10,ovule_lifetime_pollen_annual,0.5,lifetime,annual,256,256,0.0,0.0,0.01478385642587143,47.98828125,0.008720928377104037,2.40234375,0.05859375,0.03582660763317509,0.09441226561778955,0.0859375,0.05743557903626671,0.12668230206640807,0.85546875,0.8071377780781674,0.8932893239940645,0.0,0.0,0.01478385642587143,5.46012813882335e-05,0.0009061406937076129,22,219,15,0.09375,0.0638098481830768,0.13570203516294374,0.08203125,0.05427759190690546,0.12214328807409647,0.82421875,0.7728971415203973,0.8659539515784516,0.0,0.0,0.01478385642587143,-0.00022959677257774558,0.0008918963612026225,21,211,24
effort_separation,both,0.75,0.5,0.3,selected,40,ovule_annual_pollen_annual,0.5,annual,annual,256,256,0.0,0.0,0.01478385642587143,48.0,0.0,1.2353515625,0.265625,0.21527669094275786,0.3229032417568694,0.265625,0.21527669094275786,0.3229032417568694,0.46875,0.4085346505933857,0.5298893404332313,0.0,0.0,0.01478385642587143,-0.0011277899594159238,0.0018367390542176963,68,120,68,0.21875,0.1724715978199255,0.27334432141962717,0.26171875,0.21167863808724405,0.31880429349071027,0.51953125,0.4584937753463775,0.5799912302619868,0.0,0.0,0.01478385642587143,-0.0027087791225343517,0.0016643319785568666,67,133,56
effort_separation,both,0.75,0.5,0.3,selected,40,ovule_annual_pollen_lifetime,0.5,annual,lifetime,256,256,0.0,0.0,0.01478385642587143,48.0,0.0,1.2353515625,0.2421875,0.19377015335079256,0.2982277726187974,0.3046875,0.25153621542356636,0.36361372849278967,0.453125,0.3932873375109957,0.5143486490289297,0.0,0.0,0.01478385642587143,-0.0018172051523808004,0.0018001099711118396,78,116,62,0.234375,0.1866465082202543,0.2899574155059899,0.33203125,0.2771993280647148,0.3918296237033514,0.43359375,0.37431161888417475,0.4948393620473863,0.0,0.0,0.01478385642587143,-0.004751473167187499,0.001974544389237831,85,111,60
effort_separation,both,0.75,0.5,0.3,selected,40,ovule_lifetime_pollen_annual,0.5,lifetime,annual,256,256,0.0,0.0,0.01478385642587143,47.97265625,0.014007500698811544,1.2353515625,0.2734375,0.22248853918114145,0.33108539576183155,0.28515625,0.23334463740263667,0.3433203009053549,0.44140625,0.38189072167350635,0.5026542615014005,0.0,0.0,0.01478385642587143,-0.0006743231284782566,0.0020013135697435733,73,113,70,0.21484375,0.16894358808976334,0.26917533002811644,0.28125,0.2297209150846507,0.33924702210166807,0.50390625,0.4430558870480185,0.5646411140736544,0.0,0.0,0.01478385642587143,-0.0033084350450745103,0.0018167466130177216,72,129,55
effort_separation,both,0.75,0.5,0.3,selected,50,ovule_annual_pollen_annual,0.5,annual,annual,256,256,0.0,0.0,0.01478385642587143,48.0,0.0,1.127578125,0.2578125,0.20808593083982155,0.31469999961646,0.2890625,0.2369733003711826,0.34738863905848194,0.453125,0.3932873375109957,0.5143486490289297,0.0,0.0,0.01478385642587143,-0.0021573597510416423,0.001949995546844761,74,116,66,0.25,0.20091686568173925,0.3064750625311965,0.28125,0.2297209150846507,0.33924702210166807,0.46875,0.4085346505933857,0.5298893404332313,0.0,0.0,0.01478385642587143,-0.0030995857156274533,0.0018011820564348335,72,120,64
effort_separation,both,0.75,0.5,0.3,selected,50,ovule_annual_pollen_lifetime,0.5,annual,lifetime,256,256,0.0,0.0,0.01478385642587143,48.0,0.0,1.127578125,0.24609375,0.19734067215723067,0.3023542549340322,0.32421875,0.2698445830530154,0.38379036647170506,0.4296875,0.37052769163836163,0.4909262881715265,0.0,0.0,0.01478385642587143,-0.0029015776274410013,0.0019965665982815007,83,110,63,0.23828125,0.1902054003663705,0.2940955244815466,0.3515625,0.295661910800322,0.41185204657610863,0.41015625,0.3516648037328092,0.47130417046871464,0.0,0.0,0.01478385642587143,-0.005988361183955624,0.0021343570661404897,90,105,61
effort_separation,both,0.75,0.5,0.3,selected,50,ovule_lifetime_pollen_annual,0.5,lifetime,annual,256,256,0.0,0.0,0.01478385642587143,47.94140625,0.027708958165039547,1.127578125,0.265625,0.21527669094275786,0.3229032417568694,0.33984375,0.28457152593543,0.39985142807598195,0.39453125,0.33664349360941154,0.45553747610542067,0.0,0.0,0.01478385642587143,-0.0017982137989496305,0.0022450269682481637,87,101,68,0.24609375,0.19734067215723067,0.3023542549340322,0.3125,0.2588458887858718,0.37169805737383,0.44140625,0.38189072167350635,0.5026542615014005,0.0,0.0,0.01478385642587143,-0.004591342187988385,0.002035737934271593,80,113,63
effort_separation,both,0.75,0.5,0.3,selected,100,ovule_annual_pollen_annual,0.5,annual,annual,256,256,0.0,0.0,0.01478385642587143,48.0,0.0,0.9062109375,0.29296875,0.240606845197983,0.3514520953533543,0.359375,0.30307650360756977,0.4198314560122066,0.34765625,0.29196088318828545,0.40785607306647226,0.0,0.0,0.01478385642587143,-0.0032576361757602375,0.002493616500443673,92,89,75,0.26171875,0.21167863808724405,0.31880429349071027,0.4140625,0.3554297681158383,0.4752362072073583,0.32421875,0.2698445830530154,0.38379036647170506,0.0,0.0,0.01478385642587143,-0.008674231914820824,0.0025286562975605107,106,83,67
effort_separation,both,0.75,0.5,0.3,selected,100,ovule_annual_pollen_lifetime,0.5,annual,lifetime,256,256,0.0,0.0,0.01478385642587143,48.0,0.0,0.9062109375,0.328125,0.2735197547273731,0.38781219591902016,0.3515625,0.295661910800322,0.41185204657610863,0.3203125,0.26617385334096993,0.3797640950620776,0.0,0.0,0.01478385642587143,-0.0007997632273875726,0.0026257471881618033,90,82,84,0.23828125,0.1902054003663705,0.2940955244815466,0.4609375,0.40090361566150806,0.5221263731217632,0.30078125,0.24788835618653265,0.35956458660815055,0.0,0.0,0.01478385642587143,-0.014360634961466449,0.002702884142819117,118,77,61
effort_separation,both,0.75,0.5,0.3,selected,100,ovule_lifetime_pollen_annual,0.5,lifetime,annual,256,256,0.0,0.0,0.01478385642587143,47.97265625,0.023745676125365125,0.9062109375,0.34375,0.28826407712322777,0.403855878009857,0.38671875,0.3291562242738866,0.4476307431975999,0.26953125,0.2188800151092185,0.3269969187120816,0.0,0.0,0.01478385642587143,-0.0027100692407601703,0.002781555537137029,99,69,88,0.2578125,0.20808593083982155,0.31469999961646,0.41796875,0.35919855391479266,0.4791644225300769,0.32421875,0.2698445830530154,0.38379036647170506,0.0,0.0,0.01478385642587143,-0.009080719650106874,0.002559979162529769,107,83,66
effort_separation,both,0.75,0.5,0.3,selected,200,ovule_annual_pollen_annual,0.5,annual,annual,256,256,0.0,0.0,0.01478385642587143,48.0,0.0,0.78705078125,0.3671875,0.3105076134241139,0.4277943484390082,0.390625,0.33289789371255574,0.45158607488060365,0.2421875,0.19377015335079256,0.2982277726187974,0.0,0.0,0.01478385642587143,-0.0001915654377062238,0.003237855966107138,100,62,94,0.265625,0.21527669094275786,0.3229032417568694,0.49609375,0.43535888592634564,0.5569441129519814,0.23828125,0.1902054003663705,0.2940955244815466,0.0,0.0,0.01478385642587143,-0.016437028030647925,0.003003397866677212,127,61,68
effort_separation,both,0.75,0.5,0.3,selected,200,ovule_annual_pollen_lifetime,0.5,annual,lifetime,256,256,0.0,0.0,0.01478385642587143,48.0,0.0,0.78705078125,0.32421875,0.2698445830530154,0.38379036647170506,0.3984375,0.3403930035879241,0.459484967248581,0.27734375,0.22610219451112512,0.3351687415535207,0.0,0.0,0.01478385642587143,-0.0021905283262071383,0.003147925745395992,102,71,83,0.21875,0.1724715978199255,0.27334432141962717,0.54296875,0.4817606408924305,0.6029063714459713,0.23828125,0.1902054003663705,0.2940955244815466,0.0,0.0,0.01478385642587143,-0.022659854645817927,0.003170779322196297,139,61,56
effort_separation,both,0.75,0.5,0.3,selected,200,ovule_lifetime_pollen_annual,0.5,lifetime,annual,256,256,0.0,0.0,0.01478385642587143,47.91796875,0.03571686722003318,0.78705078125,0.37890625,0.32168476294187087,0.43970820228626983,0.4140625,0.3554297681158383,0.4752362072073583,0.20703125,0.16190727728556475,0.2608176385889693,0.0,0.0,0.01478385642587143,-0.0038876111133353884,0.0033489038758363673,106,53,97,0.26953125,0.2188800151092185,0.3269969187120816,0.4765625,0.41618039421813385,0.5376375990518288,0.25390625,0.20449864653192884,0.31059028280267975,0.0,0.0,0.01478385642587143,-0.013910679402089867,0.0029958933016241687,122,65,69
effort_separation,both,0.75,0.5,0.3,selected,400,ovule_annual_pollen_annual,0.5,annual,annual,256,256,0.0,0.0,0.01478385642587143,48.0,0.0,0.7280957031249999,0.3828125,0.3254185065983358,0.4436714597514778,0.3984375,0.3403930035879241,0.459484967248581,0.21875,0.1724715978199255,0.27334432141962717,0.0,0.0,0.01478385642587143,0.0008589525395014033,0.003400415155448955,102,56,98,0.2421875,0.19377015335079256,0.2982277726187974,0.53125,0.4701106595667687,0.5914653494066143,0.2265625,0.1795467073799799,0.28166321410291856,0.0,0.0,0.01478385642587143,-0.021435237899799897,0.003161804774894508,136,58,62
effort_separation,both,0.75,0.5,0.3,selected,400,ovule_annual_pollen_lifetime,0.5,annual,lifetime,256,256,0.0,0.0,0.01478385642587143,48.0,0.0,0.7280957031249999,0.34375,0.28826407712322777,0.403855878009857,0.3984375,0.3403930035879241,0.459484967248581,0.2578125,0.20808593083982155,0.31469999961646,0.0,0.0,0.01478385642587143,0.00011185658393031818,0.003380641051003555,102,66,88,0.2109375,0.16542210475657976,0.26499981223962715,0.62109375,0.5602917977137302,0.678315237058129,0.16796875,0.12715856241588983,0.2185963422419154,0.0,0.0,0.01478385642587143,-0.029548484479937034,0.0033057010845373973,159,43,54
effort_separation,both,0.75,0.5,0.3,selected,400,ovule_lifetime_pollen_annual,0.5,lifetime,annual,256,256,0.0,0.0,0.01478385642587143,47.97265625,0.012867510284637238,0.7280957031249999,0.39453125,0.33664349360941154,0.45553747610542067,0.4296875,0.37052769163836163,0.4909262881715265,0.17578125,0.13404604842154846,0.22710285847960257,0.0,0.0,0.01478385642587143,-0.003997527436104641,0.0035997988347055776,110,45,101,0.28515625,0.23334463740263667,0.3433203009053549,0.5078125,0.44690987163300716,0.5684841306103388,0.20703125,0.16190727728556475,0.2608176385889693,0.0,0.0,0.01478385642587143,-0.016243167574050695,0.0032168926167338344,130,53,73
effort_separation,both,0.75,0.5,0.7,neutral,10,ovule_annual_pollen_annual,0.5,annual,annual,256,256,0.0,0.0,0.01478385642587143,48.0,0.0,2.40234375,0.078125,0.05114064056843023,0.11758323829089878,0.08984375,0.06061336726621258,0.1312015149581351,0.83203125,0.7814036577580846,0.8728414375841101,0.0,0.0,0.01478385642587143,-0.0012209786805305344,0.0009040148232913445,23,213,20,0.04296875,0.024159813300607562,0.07529105546366555,0.09375,0.0638098481830768,0.13570203516294374,0.86328125,0.8157948225987579,0.9000262817168199,0.0,0.0,0.01478385642587143,-0.0007568997725257555,0.0007906300799650913,24,221,11
effort_separation,both,0.75,0.5,0.7,neutral,10,ovule_annual_pollen_lifetime,0.5,annual,lifetime,256,256,0.0,0.0,0.01478385642587143,48.0,0.0,2.40234375,0.08984375,0.06061336726621258,0.1312015149581351,0.09375,0.0638098481830768,0.13570203516294374,0.81640625,0.7644232596319748,0.8590338312235285,0.0,0.0,0.01478385642587143,-0.00025158276544834943,0.0009035347455529988,24,209,23,0.078125,0.05114064056843023,0.11758323829089878,0.078125,0.05114064056843023,0.11758323829089878,0.84375,0.7942285422215228,0.8831075564856906,0.0,0.0,0.01478385642587143,-5.1013957981025596e-05,0.0008937193069489196,20,216,20
effort_separation,both,0.75,0.5,0.7,neutral,10,ovule_lifetime_pollen_annual,0.5,lifetime,annual,256,256,0.0,0.0,0.01478385642587143,47.96484375,0.019445276465188097,2.40234375,0.078125,0.05114064056843023,0.11758323829089878,0.09375,0.0638098481830768,0.13570203516294374,0.828125,0.7771462145851933,0.8694018796353287,0.0,0.0,0.01478385642587143,-0.00117893221744109,0.0009010133192106268,24,212,20,0.06640625,0.04187072285916844,0.10376215263514196,0.09765625,0.06702402222215342,0.14018486224554,0.8359375,0.7856696977134597,0.8762723987504079,0.0,0.0,0.01478385642587143,0.0003323812288946774,0.0008411059471887615,25,214,17
effort_separation,both,0.75,0.5,0.7,neutral,40,ovule_annual_pollen_annual,0.5,annual,annual,256,256,0.0,0.0,0.01478385642587143,48.0,0.0,1.2353515625,0.25,0.20091686568173925,0.3064750625311965,0.26953125,0.2188800151092185,0.3269969187120816,0.48046875,0.4200087697380131,0.5415062246536225,0.0,0.0,0.01478385642587143,-0.00047248823094115256,0.00178386574538257,69,123,64,0.20703125,0.16190727728556475,0.2608176385889693,0.24609375,0.19734067215723067,0.3023542549340322,0.546875,0.4856513509710702,0.6067126624890042,0.0,0.0,0.01478385642587143,-0.002419806837258535,0.001688534146674391,63,140,53
effort_separation,both,0.75,0.5,0.7,neutral,40,ovule_annual_pollen_lifetime,0.5,annual,lifetime,256,256,0.0,0.0,0.01478385642587143,48.0,0.0,1.2353515625,0.26171875,0.21167863808724405,0.31880429349071027,0.24609375,0.19734067215723067,0.3023542549340322,0.4921875,0.43151586938966136,0.5530901283669929,0.0,0.0,0.01478385642587143,0.0015152127569313897,0.0018672283856528027,63,126,67,0.265625,0.21527669094275786,0.3229032417568694,0.25,0.20091686568173925,0.3064750625311965,0.484375,0.4238408093138977,0.5453711861994108,0.0,0.0,0.01478385642587143,0.00108487376207286,0.0019575156833339753,64,124,68
effort_separation,both,0.75,0.5,0.7,neutral,40,ovule_lifetime_pollen_annual,0.5,lifetime,annual,256,256,0.0,0.0,0.01478385642587143,47.953125,0.028070480927654302,1.2353515625,0.25390625,0.20449864653192884,0.31059028280267975,0.23828125,0.1902054003663705,0.2940955244815466,0.5078125,0.44690987163300716,0.5684841306103388,0.0,0.0,0.01478385642587143,0.0005081233971606343,0.0017751824964233212,61,130,65,0.25,0.20091686568173925,0.3064750625311965,0.265625,0.21527669094275786,0.3229032417568694,0.484375,0.4238408093138977,0.5453711861994108,0.0,0.0,0.01478385642587143,-0.0004841062850110972,0.0018089732530005209,68,124,64
effort_separation,both,0.75,0.5,0.7,neutral,50,ovule_annual_pollen_annual,0.5,annual,annual,256,256,0.0,0.0,0.01478385642587143,48.0,0.0,1.127578125,0.21875,0.1724715978199255,0.27334432141962717,0.2734375,0.22248853918114145,0.33108539576183155,0.5078125,0.44690987163300716,0.5684841306103388,0.0,0.0,0.01478385642587143,-0.0008833805957793582,0.0019142603125831116,70,130,56,0.2421875,0.19377015335079256,0.2982277726187974,0.328125,0.2735197547273731,0.38781219591902016,0.4296875,0.37052769163836163,0.4909262881715265,0.0,0.0,0.01478385642587143,-0.0035171222030660047,0.0019115837477824433,84,110,62
effort_separation,both,0.75,0.5,0.7,neutral,50,ovule_annual_pollen_lifetime,0.5,annual,lifetime,256,256,0.0,0.0,0.01478385642587143,48.0,0.0,1.127578125,0.30078125,0.24788835618653265,0.35956458660815055,0.27734375,0.22610219451112512,0.3351687415535207,0.421875,0.36297114591343,0.4830888316531124,0.0,0.0,0.01478385642587143,0.002749575283107446,0.002083983264658844,71,108,77,0.3203125,0.26617385334096993,0.3797640950620776,0.28125,0.2297209150846507,0.33924702210166807,0.3984375,0.3403930035879241,0.459484967248581,0.0,0.0,0.01478385642587143,0.002937746971442015,0.0021155209854934235,72,102,82
effort_separation,both,0.75,0.5,0.7,neutral,50,ovule_lifetime_pollen_annual,0.5,lifetime,annual,256,256,0.0,0.0,0.01478385642587143,47.9296875,0.03149034413748219,1.127578125,0.2890625,0.2369733003711826,0.34738863905848194,0.24609375,0.19734067215723067,0.3023542549340322,0.46484375,0.4047172917918608,0.5260096981130833,0.0,0.0,0.01478385642587143,6.879467174887837e-05,0.0019262807873704053,63,119,74,0.2734375,0.22248853918114145,0.33108539576183155,0.28125,0.2297209150846507,0.33924702210166807,0.4453125,0.38568587527356124,0.5065561090230184,0.0,0.0,0.01478385642587143,-0.00019693274089018203,0.0019412586100807246,72,114,70
effort_separation,both,0.75,0.5,0.7,neutral,100,ovule_annual_pollen_annual,0.5,annual,annual,256,256,0.0,0.0,0.01478385642587143,48.0,0.0,0.9062109375,0.3203125,0.26617385334096993,0.3797640950620776,0.3125,0.2588458887858718,0.37169805737383,0.3671875,0.3105076134241139,0.4277943484390082,0.0,0.0,0.01478385642587143,-0.0009998990724816139,0.0026358343559510803,80,94,82,0.31640625,0.26250760743602425,0.37573333984535046,0.3359375,0.280883264256863,0.395842688632876,0.34765625,0.29196088318828545,0.40785607306647226,0.0,0.0,0.01478385642587143,-0.0029262403553953786,0.0025915062783993205,86,89,81
effort_separation,both,0.75,0.5,0.7,neutral,100,ovule_annual_pollen_lifetime,0.5,annual,lifetime,256,256,0.0,0.0,0.01478385642587143,48.0,0.0,0.9062109375,0.3515625,0.295661910800322,0.41185204657610863,0.328125,0.2735197547273731,0.38781219591902016,0.3203125,0.26617385334096993,0.3797640950620776,0.0,0.0,0.01478385642587143,0.002182226159704314,0.002775215036974239,84,82,90,0.34765625,0.29196088318828545,0.40785607306647226,0.2890625,0.2369733003711826,0.34738863905848194,0.36328125,0.3067900082905613,0.4238149524508879,0.0,0.0,0.01478385642587143,0.003006980147521483,0.0027311046758017616,74,93,89
effort_separation,both,0.75,0.5,0.7,neutral,100,ovule_lifetime_pollen_annual,0.5,lifetime,annual,256,256,0.0,0.0,0.01478385642587143,47.94140625,0.030848174856929162,0.9062109375,0.30859375,0.2551887425019035,0.36765820253612547,0.3359375,0.280883264256863,0.395842688632876,0.35546875,0.29936712788953435,0.4158438306085691,0.0,0.0,0.01478385642587143,-0.0013314845664197214,0.0027197665064419355,86,91,79,0.2890625,0.2369733003711826,0.34738863905848194,0.34765625,0.29196088318828545,0.40785607306647226,0.36328125,0.3067900082905613,0.4238149524508879,0.0,0.0,0.01478385642587143,-0.0016286089946763915,0.002538306098253215,89,93,74
effort_separation,both,0.75,0.5,0.7,neutral,200,ovule_annual_pollen_annual,0.5,annual,annual,256,256,0.0,0.0,0.01478385642587143,48.0,0.0,0.78705078125,0.33203125,0.2771993280647148,0.3918296237033514,0.38671875,0.3291562242738866,0.4476307431975999,0.28125,0.2297209150846507,0.33924702210166807,0.0,0.0,0.01478385642587143,-0.0031247009978035843,0.003100784037682765,99,72,85,0.34765625,0.29196088318828545,0.40785607306647226,0.39453125,0.33664349360941154,0.45553747610542067,0.2578125,0.20808593083982155,0.31469999961646,0.0,0.0,0.01478385642587143,-0.003153544587398189,0.003132373340623017,101,66,89
effort_separation,both,0.75,0.5,0.7,neutral,200,ovule_annual_pollen_lifetime,0.5,annual,lifetime,256,256,0.0,0.0,0.01478385642587143,48.0,0.0,0.78705078125,0.390625,0.33289789371255574,0.45158607488060365,0.37109375,0.3142292916101357,0.43176967137465927,0.23828125,0.1902054003663705,0.2940955244815466,0.0,0.0,0.01478385642587143,0.002765815393265499,0.0032985526701243945,95,61,100,0.3828125,0.3254185065983358,0.4436714597514778,0.33203125,0.2771993280647148,0.3918296237033514,0.28515625,0.23334463740263667,0.3433203009053549,0.0,0.0,0.01478385642587143,0.002768292488148338,0.0031527324824554732,85,73,98
effort_separation,both,0.75,0.5,0.7,neutral,200,ovule_lifetime_pollen_annual,0.5,lifetime,annual,256,256,0.0,0.0,0.01478385642587143,47.921875,0.029403146715355242,0.78705078125,0.3359375,0.280883264256863,0.395842688632876,0.359375,0.30307650360756977,0.4198314560122066,0.3046875,0.25153621542356636,0.36361372849278967,0.0,0.0,0.01478385642587143,-0.0016504678232605072,0.003201699667784356,92,78,86,0.40234375,0.3441464041785611,0.46342856777961694,0.359375,0.30307650360756977,0.4198314560122066,0.23828125,0.1902054003663705,0.2940955244815466,0.0,0.0,0.01478385642587143,0.0023362946028777478,0.0031342193261366578,92,61,103
effort_separation,both,0.75,0.5,0.7,neutral,400,ovule_annual_pollen_annual,0.5,annual,annual,256,256,0.0,0.0,0.01478385642587143,48.0,0.0,0.7280957031249999,0.37109375,0.3142292916101357,0.43176967137465927,0.3984375,0.3403930035879241,0.459484967248581,0.23046875,0.183093576056734,0.28581334654783735,0.0,0.0,0.01478385642587143,-0.003377001548639556,0.0034862419544335658,102,59,95,0.375,0.31795501653541774,0.43574094757105014,0.39453125,0.33664349360941154,0.45553747610542067,0.23046875,0.183093576056734,0.28581334654783735,0.0,0.0,0.01478385642587143,-0.002486172118521577,0.0034889789617993413,101,59,96
effort_separation,both,0.75,0.5,0.7,neutral,400,ovule_annual_pollen_lifetime,0.5,annual,lifetime,256,256,0.0,0.0,0.01478385642587143,48.0,0.0,0.7280957031249999,0.4140625,0.3554297681158383,0.4752362072073583,0.38671875,0.3291562242738866,0.4476307431975999,0.19921875,0.15489813913670408,0.2524327744944842,0.0,0.0,0.01478385642587143,0.002408121394316836,0.0035732456128900886,99,51,106,0.40234375,0.3441464041785611,0.46342856777961694,0.36328125,0.3067900082905613,0.4238149524508879,0.234375,0.1866465082202543,0.2899574155059899,0.0,0.0,0.01478385642587143,0.0020051570582268353,0.0034593373387688826,93,60,103
effort_separation,both,0.75,0.5,0.7,neutral,400,ovule_lifetime_pollen_annual,0.5,lifetime,annual,256,256,0.0,0.0,0.01478385642587143,47.96484375,0.014997749907829311,0.7280957031249999,0.35546875,0.29936712788953435,0.4158438306085691,0.37890625,0.32168476294187087,0.43970820228626983,0.265625,0.21527669094275786,0.3229032417568694,0.0,0.0,0.01478385642587143,-0.0016346312088904272,0.0034151549037241434,97,68,91,0.421875,0.36297114591343,0.4830888316531124,0.3828125,0.3254185065983358,0.4436714597514778,0.1953125,0.15140411996625466,0.24822979254326075,0.0,0.0,0.01478385642587143,0.0035252741037872662,0.0035199443222746593,98,50,108
effort_separation,both,0.75,0.5,0.7,selected,10,ovule_annual_pollen_annual,0.5,annual,annual,256,256,0.0,0.0,0.01478385642587143,48.0,0.0,2.40234375,0.078125,0.05114064056843023,0.11758323829089878,0.08984375,0.06061336726621258,0.1312015149581351,0.83203125,0.7814036577580846,0.8728414375841101,0.0,0.0,0.01478385642587143,-0.0015775840851390281,0.0009585546533076389,23,213,20,0.08203125,0.05427759190690546,0.12214328807409647,0.0859375,0.05743557903626671,0.12668230206640807,0.83203125,0.7814036577580846,0.8728414375841101,0.0,0.0,0.01478385642587143,0.0003389255292377089,0.0008494695924317405,22,213,21
effort_separation,both,0.75,0.5,0.7,selected,10,ovule_annual_pollen_lifetime,0.5,annual,lifetime,256,256,0.0,0.0,0.01478385642587143,48.0,0.0,2.40234375,0.08984375,0.06061336726621258,0.1312015149581351,0.109375,0.07676405306596229,0.15353583476674978,0.80078125,0.7475672255055158,0.845101860863296,0.0,0.0,0.01478385642587143,-0.0004218681413313877,0.0009424002117642415,28,205,23,0.05078125,0.029913811386553534,0.08493105962106533,0.09765625,0.06702402222215342,0.14018486224554,0.8515625,0.8028248479091987,0.8899052530413604,0.0,0.0,0.01478385642587143,-0.0016669723501841526,0.0008736207520514438,25,218,13
effort_separation,both,0.75,0.5,0.7,selected,10,ovule_lifetime_pollen_annual,0.5,lifetime,annual,256,256,0.0,0.0,0.01478385642587143,47.98828125,0.008720928377104037,2.40234375,0.08203125,0.05427759190690546,0.12214328807409647,0.0703125,0.04493554746197091,0.10839432915401236,0.84765625,0.7985218710820212,0.886511228746865,0.0,0.0,0.01478385642587143,-0.000788716947870791,0.0009427449698160104,18,217,21,0.08203125,0.05427759190690546,0.12214328807409647,0.07421875,0.048026107191811204,0.11300077054584494,0.84375,0.7942285422215228,0.8831075564856906,0.0,0.0,0.01478385642587143,0.0005545625664755548,0.0008435220176959431,19,216,21
effort_separation,both,0.75,0.5,0.7,selected,40,ovule_annual_pollen_annual,0.5,annual,annual,256,256,0.0,0.0,0.01478385642587143,48.0,0.0,1.2353515625,0.2265625,0.1795467073799799,0.28166321410291856,0.33984375,0.28457152593543,0.39985142807598195,0.43359375,0.37431161888417475,0.4948393620473863,0.0,0.0,0.01478385642587143,-0.004031446048093186,0.0018676587910687495,87,111,58,0.21875,0.1724715978199255,0.27334432141962717,0.3125,0.2588458887858718,0.37169805737383,0.46875,0.4085346505933857,0.5298893404332313,0.0,0.0,0.01478385642587143,-0.004056468575546025,0.0018784634389756656,80,120,56
effort_separation,both,0.75,0.5,0.7,selected,40,ovule_annual_pollen_lifetime,0.5,annual,lifetime,256,256,0.0,0.0,0.01478385642587143,48.0,0.0,1.2353515625,0.265625,0.21527669094275786,0.3229032417568694,0.27734375,0.22610219451112512,0.3351687415535207,0.45703125,0.3970936285540288,0.5182393591075696,0.0,0.0,0.01478385642587143,-0.0012406287784653956,0.001926758403524474,71,117,68,0.203125,0.15839924133131683,0.25662867342154433,0.37109375,0.3142292916101357,0.43176967137465927,0.42578125,0.36674752969705376,0.48700944899116155,0.0,0.0,0.01478385642587143,-0.007841564378917415,0.0019892818879008274,95,109,52
effort_separation,both,0.75,0.5,0.7,selected,40,ovule_lifetime_pollen_annual,0.5,lifetime,annual,256,256,0.0,0.0,0.01478385642587143,47.94921875,0.024858620996286374,1.2353515625,0.31640625,0.26250760743602425,0.37573333984535046,0.25,0.20091686568173925,0.3064750625311965,0.43359375,0.37431161888417475,0.4948393620473863,0.0,0.0,0.01478385642587143,0.0010298988295102374,0.0019497528922380516,64,111,81,0.203125,0.15839924133131683,0.25662867342154433,0.25,0.20091686568173925,0.3064750625311965,0.546875,0.4856513509710702,0.6067126624890042,0.0,0.0,0.01478385642587143,-0.0026624164716419624,0.0017117899989883595,64,140,52
effort_separation,both,0.75,0.5,0.7,selected,50,ovule_annual_pollen_annual,0.5,annual,annual,256,256,0.0,0.0,0.01478385642587143,48.0,0.0,1.127578125,0.234375,0.1866465082202543,0.2899574155059899,0.3359375,0.280883264256863,0.395842688632876,0.4296875,0.37052769163836163,0.4909262881715265,0.0,0.0,0.01478385642587143,-0.0045693644237306,0.0019288588457319407,86,110,60,0.203125,0.15839924133131683,0.25662867342154433,0.36328125,0.3067900082905613,0.4238149524508879,0.43359375,0.37431161888417475,0.4948393620473863,0.0,0.0,0.01478385642587143,-0.006618082091340123,0.001989736588963103,93,111,52
effort_separation,both,0.75,0.5,0.7,selected,50,ovule_annual_pollen_lifetime,0.5,annual,lifetime,256,256,0.0,0.0,0.01478385642587143,48.0,0.0,1.127578125,0.26953125,0.2188800151092185,0.3269969187120816,0.32421875,0.2698445830530154,0.38379036647170506,0.40625,0.34790367679855766,0.4673682962812932,0.0,0.0,0.01478385642587143,-0.003685258343882912,0.0021258950378982696,83,104,69,0.234375,0.1866465082202543,0.2899574155059899,0.390625,0.33289789371255574,0.45158607488060365,0.375,0.31795501653541774,0.43574094757105014,0.0,0.0,0.01478385642587143,-0.008238767426476643,0.002196452739462298,100,96,60
effort_separation,both,0.75,0.5,0.7,selected,50,ovule_lifetime_pollen_annual,0.5,lifetime,annual,256,256,0.0,0.0,0.01478385642587143,47.91796875,0.043807270594670204,1.127578125,0.30859375,0.2551887425019035,0.36765820253612547,0.26953125,0.2188800151092185,0.3269969187120816,0.421875,0.36297114591343,0.4830888316531124,0.0,0.0,0.01478385642587143,-0.0004733290226425985,0.0020553140985127218,69,108,79,0.20703125,0.16190727728556475,0.2608176385889693,0.33203125,0.2771993280647148,0.3918296237033514,0.4609375,0.40090361566150806,0.5221263731217632,0.0,0.0,0.01478385642587143,-0.004840242589143219,0.0018713400193119752,85,118,53
effort_separation,both,0.75,0.5,0.7,selected,100,ovule_annual_pollen_annual,0.5,annual,annual,256,256,0.0,0.0,0.01478385642587143,48.0,0.0,0.9062109375,0.30859375,0.2551887425019035,0.36765820253612547,0.38671875,0.3291562242738866,0.4476307431975999,0.3046875,0.25153621542356636,0.36361372849278967,0.0,0.0,0.01478385642587143,-0.0055947197719318775,0.0024644990956241386,99,78,79,0.2265625,0.1795467073799799,0.28166321410291856,0.43359375,0.37431161888417475,0.4948393620473863,0.33984375,0.28457152593543,0.39985142807598195,0.0,0.0,0.01478385642587143,-0.011406211711303401,0.002538281330274028,111,87,58
effort_separation,both,0.75,0.5,0.7,selected,100,ovule_annual_pollen_lifetime,0.5,annual,lifetime,256,256,0.0,0.0,0.01478385642587143,48.0,0.0,0.9062109375,0.328125,0.2735197547273731,0.38781219591902016,0.34375,0.28826407712322777,0.403855878009857,0.328125,0.2735197547273731,0.38781219591902016,0.0,0.0,0.01478385642587143,-0.0008973057350035391,0.002718728939897836,88,84,84,0.21484375,0.16894358808976334,0.26917533002811644,0.46875,0.4085346505933857,0.5298893404332313,0.31640625,0.26250760743602425,0.37573333984535046,0.0,0.0,0.01478385642587143,-0.016316967989534754,0.0026084632817282823,120,81,55
effort_separation,both,0.75,0.5,0.7,selected,100,ovule_lifetime_pollen_annual,0.5,lifetime,annual,256,256,0.0,0.0,0.01478385642587143,47.9453125,0.032092652469444,0.9062109375,0.3359375,0.280883264256863,0.395842688632876,0.375,0.31795501653541774,0.43574094757105014,0.2890625,0.2369733003711826,0.34738863905848194,0.0,0.0,0.01478385642587143,-0.001049263566083322,0.002847998998877051,96,74,86,0.234375,0.1866465082202543,0.2899574155059899,0.421875,0.36297114591343,0.4830888316531124,0.34375,0.28826407712322777,0.403855878009857,0.0,0.0,0.01478385642587143,-0.010031202740071547,0.0024690116564882983,108,88,60
effort_separation,both,0.75,0.5,0.7,selected,200,ovule_annual_pollen_annual,0.5,annual,annual,256,256,0.0,0.0,0.01478385642587143,48.0,0.0,0.78705078125,0.33984375,0.28457152593543,0.39985142807598195,0.40625,0.34790367679855766,0.4673682962812932,0.25390625,0.20449864653192884,0.31059028280267975,0.0,0.0,0.01478385642587143,-0.005717344388739169,0.0031973888538616665,104,65,87,0.234375,0.1866465082202543,0.2899574155059899,0.55078125,0.4895457648520954,0.6105152497296519,0.21484375,0.16894358808976334,0.26917533002811644,0.0,0.0,0.01478385642587143,-0.020520531911450143,0.0030799592203867663,141,55,60
effort_separation,both,0.75,0.5,0.7,selected,200,ovule_annual_pollen_lifetime,0.5,annual,lifetime,256,256,0.0,0.0,0.01478385642587143,48.0,0.0,0.78705078125,0.33984375,0.28457152593543,0.39985142807598195,0.390625,0.33289789371255574,0.45158607488060365,0.26953125,0.2188800151092185,0.3269969187120816,0.0,0.0,0.01478385642587143,-0.00306356121729022,0.0032311121015887448,100,69,87,0.203125,0.15839924133131683,0.25662867342154433,0.5859375,0.5247637927926416,0.6445702318841617,0.2109375,0.16542210475657976,0.26499981223962715,0.0,0.0,0.01478385642587143,-0.024421391456474408,0.0030308616733005916,150,54,52
effort_separation,both,0.75,0.5,0.7,selected,200,ovule_lifetime_pollen_annual,0.5,lifetime,annual,256,256,0.0,0.0,0.01478385642587143,47.93359375,0.02763976674520186,0.78705078125,0.34765625,0.29196088318828545,0.40785607306647226,0.3984375,0.3403930035879241,0.459484967248581,0.25390625,0.20449864653192884,0.31059028280267975,0.0,0.0,0.01478385642587143,-0.0029111610446064433,0.0032016720648391996,102,65,89,0.27734375,0.22610219451112512,0.3351687415535207,0.5078125,0.44690987163300716,0.5684841306103388,0.21484375,0.16894358808976334,0.26917533002811644,0.0,0.0,0.01478385642587143,-0.01683720669916016,0.002928521272087911,130,55,71
effort_separation,both,0.75,0.5,0.7,selected,400,ovule_annual_pollen_annual,0.5,annual,annual,256,256,0.0,0.0,0.01478385642587143,48.0,0.0,0.7280957031249999,0.34375,0.28826407712322777,0.403855878009857,0.41796875,0.35919855391479266,0.4791644225300769,0.23828125,0.1902054003663705,0.2940955244815466,0.0,0.0,0.01478385642587143,-0.007495977271182888,0.003441157717805621,107,61,88,0.2421875,0.19377015335079256,0.2982277726187974,0.58984375,0.5286958295312854,0.6483351962671908,0.16796875,0.12715856241588983,0.2185963422419154,0.0,0.0,0.01478385642587143,-0.025546298679921448,0.003441167916502505,151,43,62
effort_separation,both,0.75,0.5,0.7,selected,400,ovule_annual_pollen_lifetime,0.5,annual,lifetime,256,256,0.0,0.0,0.01478385642587143,48.0,0.0,0.7280957031249999,0.34375,0.28826407712322777,0.403855878009857,0.41015625,0.3516648037328092,0.47130417046871464,0.24609375,0.19734067215723067,0.3023542549340322,0.0,0.0,0.01478385642587143,-0.003978087446009287,0.0034413663299038425,105,63,88,0.203125,0.15839924133131683,0.25662867342154433,0.6171875,0.5563285402485222,0.6745814934016642,0.1796875,0.13750213221413665,0.23134377580868726,0.0,0.0,0.01478385642587143,-0.028346767548553104,0.0032165042671439717,158,46,52
effort_separation,both,0.75,0.5,0.7,selected,400,ovule_lifetime_pollen_annual,0.5,lifetime,annual,256,256,0.0,0.0,0.01478385642587143,47.90625,0.04458241706956573,0.7280957031249999,0.3828125,0.3254185065983358,0.4436714597514778,0.40625,0.34790367679855766,0.4673682962812932,0.2109375,0.16542210475657976,0.26499981223962715,0.0,0.0,0.01478385642587143,-0.0026847892981246976,0.003516998393452472,104,54,98,0.265625,0.21527669094275786,0.3229032417568694,0.5625,0.5012513172897817,0.6219007006569843,0.171875,0.13059812036467136,0.2228537854148068,0.0,0.0,0.01478385642587143,-0.023026591672972548,0.0032308707403041373,144,44,68
effort_separation,mainland,0.75,0.5,0.3,neutral,10,ovule_annual_pollen_annual,0.5,annual,annual,256,256,0.0,0.0,0.01478385642587143,48.0,0.0,8.490234375,0.05859375,0.03582660763317509,0.09441226561778955,0.078125,0.05114064056843023,0.11758323829089878,0.86328125,0.8157948225987579,0.9000262817168199,0.0,0.0,0.01478385642587143,-0.0006204084635219004,0.0007986788971643529,20,221,15,0.0703125,0.04493554746197091,0.10839432915401236,0.05859375,0.03582660763317509,0.09441226561778955,0.87109375,0.8244958864844745,0.9067192200744492,0.0,0.0,0.01478385642587143,0.0009271271537383099,0.0007984475736497964,15,223,18
effort_separation,mainland,0.75,0.5,0.3,neutral,10,ovule_annual_pollen_lifetime,0.5,annual,lifetime,256,256,0.0,0.0,0.01478385642587143,48.0,0.0,8.490234375,0.0859375,0.05743557903626671,0.12668230206640807,0.1015625,0.07025498422463894,0.14465090136472736,0.8125,0.7601980554703877,0.8555620342634428,0.0,0.0,0.01478385642587143,-0.000862211725749592,0.0008926405147358398,26,208,22,0.0859375,0.05743557903626671,0.12668230206640807,0.08203125,0.05427759190690546,0.12214328807409647,0.83203125,0.7814036577580846,0.8728414375841101,0.0,0.0,0.01478385642587143,0.00027522662984391026,0.0008687047908692419,21,213,22
effort_separation,mainland,0.75,0.5,0.3,neutral,10,ovule_lifetime_pollen_annual,0.5,lifetime,annual,256,256,0.0,0.0,0.01478385642587143,48.0,0.0,8.490234375,0.05859375,0.03582660763317509,0.09441226561778955,0.08984375,0.06061336726621258,0.1312015149581351,0.8515625,0.8028248479091987,0.8899052530413604,0.0,0.0,0.01478385642587143,-0.00010903181746307303,0.0008035043337680881,23,218,15,0.06640625,0.04187072285916844,0.10376215263514196,0.06640625,0.04187072285916844,0.10376215263514196,0.8671875,0.8201396562762842,0.9033784491609664,0.0,0.0,0.01478385642587143,-0.00017069514575700283,0.0008304417831821558,17,222,17
effort_separation,mainland,0.75,0.5,0.3,neutral,40,ovule_annual_pollen_annual,0.5,annual,annual,256,256,0.0,0.0,0.01478385642587143,48.0,0.0,7.18935546875,0.21484375,0.16894358808976334,0.26917533002811644,0.25,0.20091686568173925,0.3064750625311965,0.53515625,0.4739903018869167,0.5952827082081391,0.0,0.0,0.01478385642587143,-0.0012926718385593374,0.001600227978919091,64,137,55,0.22265625,0.17600601030365376,0.27750691005757183,0.26171875,0.21167863808724405,0.31880429349071027,0.515625,0.4546288138005892,0.5761591906861023,0.0,0.0,0.01478385642587143,-0.0009781898546279966,0.0016564952892503175,67,132,57
effort_separation,mainland,0.75,0.5,0.3,neutral,40,ovule_annual_pollen_lifetime,0.5,annual,lifetime,256,256,0.0,0.0,0.01478385642587143,48.0,0.0,7.18935546875,0.28125,0.2297209150846507,0.33924702210166807,0.25,0.20091686568173925,0.3064750625311965,0.46875,0.4085346505933857,0.5298893404332313,0.0,0.0,0.01478385642587143,-7.941120601685564e-06,0.001763697514115391,64,120,72,0.22265625,0.17600601030365376,0.27750691005757183,0.23828125,0.1902054003663705,0.2940955244815466,0.5390625,0.47787362687823687,0.599096384338492,0.0,0.0,0.01478385642587143,0.0009037054636130608,0.0016618041391777958,61,138,57
effort_separation,mainland,0.75,0.5,0.3,neutral,40,ovule_lifetime_pollen_annual,0.5,lifetime,annual,256,256,0.0,0.0,0.01478385642587143,48.0,0.0,7.18935546875,0.2109375,0.16542210475657976,0.26499981223962715,0.21875,0.1724715978199255,0.27334432141962717,0.5703125,0.5090737118284735,0.6294723083616384,0.0,0.0,0.01478385642587143,-0.0006704657177569149,0.0015036452416528918,56,146,54,0.2265625,0.1795467073799799,0.28166321410291856,0.234375,0.1866465082202543,0.2899574155059899,0.5390625,0.47787362687823687,0.599096384338492,0.0,0.0,0.01478385642587143,0.00024836710693895855,0.0016111661556118399,60,138,58
effort_separation,mainland,0.75,0.5,0.3,neutral,50,ovule_annual_pollen_annual,0.5,annual,annual,256,256,0.0,0.0,0.01478385642587143,48.0,0.0,7.036875,0.2265625,0.1795467073799799,0.28166321410291856,0.25390625,0.20449864653192884,0.31059028280267975,0.51953125,0.4584937753463775,0.5799912302619868,0.0,0.0,0.01478385642587143,-0.0016751348338116532,0.0016790606340689562,65,133,58,0.23828125,0.1902054003663705,0.2940955244815466,0.296875,0.24424521529493903,0.35551072637807124,0.46484375,0.4047172917918608,0.5260096981130833,0.0,0.0,0.01478385642587143,-0.0013666825686776732,0.0017945555497909476,76,119,61
effort_separation,mainland,0.75,0.5,0.3,neutral,50,ovule_annual_pollen_lifetime,0.5,annual,lifetime,256,256,0.0,0.0,0.01478385642587143,48.0,0.0,7.036875,0.265625,0.21527669094275786,0.3229032417568694,0.2578125,0.20808593083982155,0.31469999961646,0.4765625,0.41618039421813385,0.5376375990518288,0.0,0.0,0.01478385642587143,-3.719465311089083e-05,0.00189679211847008,66,122,68,0.23828125,0.1902054003663705,0.2940955244815466,0.24609375,0.19734067215723067,0.3023542549340322,0.515625,0.4546288138005892,0.5761591906861023,0.0,0.0,0.01478385642587143,0.00027206952496624344,0.0017678087394548583,63,132,61
effort_separation,mainland,0.75,0.5,0.3,neutral,50,ovule_lifetime_pollen_annual,0.5,lifetime,annual,256,256,0.0,0.0,0.01478385642587143,47.9921875,0.0078125,7.036875,0.234375,0.1866465082202543,0.2899574155059899,0.23828125,0.1902054003663705,0.2940955244815466,0.52734375,0.4662346942501266,0.5876443136015835,0.0,0.0,0.01478385642587143,-0.0020822172982622907,0.0016918693929977567,61,135,60,0.2578125,0.20808593083982155,0.31469999961646,0.25390625,0.20449864653192884,0.31059028280267975,0.48828125,0.4276765099686914,0.5492324866662899,0.0,0.0,0.01478385642587143,0.0011438921807444993,0.0017253661066214088,65,125,66
effort_separation,mainland,0.75,0.5,0.3,neutral,100,ovule_annual_pollen_annual,0.5,annual,annual,256,256,0.0,0.0,0.01478385642587143,48.0,0.0,6.67265625,0.30078125,0.24788835618653265,0.35956458660815055,0.35546875,0.29936712788953435,0.4158438306085691,0.34375,0.28826407712322777,0.403855878009857,0.0,0.0,0.01478385642587143,-0.0031904465322037225,0.0023161148680090208,91,88,77,0.29296875,0.240606845197983,0.3514520953533543,0.328125,0.2735197547273731,0.38781219591902016,0.37890625,0.32168476294187087,0.43970820228626983,0.0,0.0,0.01478385642587143,-0.001459066528679702,0.002284844601022809,84,97,75
effort_separation,mainland,0.75,0.5,0.3,neutral,100,ovule_annual_pollen_lifetime,0.5,annual,lifetime,256,256,0.0,0.0,0.01478385642587143,48.0,0.0,6.67265625,0.34765625,0.29196088318828545,0.40785607306647226,0.359375,0.30307650360756977,0.4198314560122066,0.29296875,0.240606845197983,0.3514520953533543,0.0,0.0,0.01478385642587143,-0.0013359040592880388,0.002603562054761317,92,75,89,0.35546875,0.29936712788953435,0.4158438306085691,0.30859375,0.2551887425019035,0.36765820253612547,0.3359375,0.280883264256863,0.395842688632876,0.0,0.0,0.01478385642587143,0.0005727523775000481,0.0025534403338443716,79,86,91
effort_separation,mainland,0.75,0.5,0.3,neutral,100,ovule_lifetime_pollen_annual,0.5,lifetime,annual,256,256,0.0,0.0,0.01478385642587143,48.0,0.0,6.67265625,0.28125,0.2297209150846507,0.33924702210166807,0.30078125,0.24788835618653265,0.35956458660815055,0.41796875,0.35919855391479266,0.4791644225300769,0.0,0.0,0.01478385642587143,-0.0011666484446557336,0.0022574022656545664,77,107,72,0.29296875,0.240606845197983,0.3514520953533543,0.30859375,0.2551887425019035,0.36765820253612547,0.3984375,0.3403930035879241,0.459484967248581,0.0,0.0,0.01478385642587143,-0.00016568008643655656,0.0021543063261207328,79,102,75
effort_separation,mainland,0.75,0.5,0.3,neutral,200,ovule_annual_pollen_annual,0.5,annual,annual,256,256,0.0,0.0,0.01478385642587143,48.0,0.0,6.3741796875,0.3125,0.2588458887858718,0.37169805737383,0.42578125,0.36674752969705376,0.48700944899116155,0.26171875,0.21167863808724405,0.31880429349071027,0.0,0.0,0.01478385642587143,-0.005538696272865374,0.002928367118806373,109,67,80,0.35546875,0.29936712788953435,0.4158438306085691,0.359375,0.30307650360756977,0.4198314560122066,0.28515625,0.23334463740263667,0.3433203009053549,0.0,0.0,0.01478385642587143,-0.00048210498708052226,0.0029315750113985076,92,73,91
effort_separation,mainland,0.75,0.5,0.3,neutral,200,ovule_annual_pollen_lifetime,0.5,annual,lifetime,256,256,0.0,0.0,0.01478385642587143,48.0,0.0,6.3741796875,0.36328125,0.3067900082905613,0.4238149524508879,0.40234375,0.3441464041785611,0.46342856777961694,0.234375,0.1866465082202543,0.2899574155059899,0.0,0.0,0.01478385642587143,-0.002487919294656759,0.003173034881590067,103,60,93,0.3828125,0.3254185065983358,0.4436714597514778,0.34375,0.28826407712322777,0.403855878009857,0.2734375,0.22248853918114145,0.33108539576183155,0.0,0.0,0.01478385642587143,0.0024995084737982334,0.0031027508737743303,88,70,98
effort_separation,mainland,0.75,0.5,0.3,neutral,200,ovule_lifetime_pollen_annual,0.5,lifetime,annual,256,256,0.0,0.0,0.01478385642587143,47.98046875,0.014058669821527757,6.3741796875,0.35546875,0.29936712788953435,0.4158438306085691,0.37109375,0.3142292916101357,0.43176967137465927,0.2734375,0.22248853918114145,0.33108539576183155,0.0,0.0,0.01478385642587143,-0.002270865267203415,0.002928452971202743,95,70,91,0.39453125,0.33664349360941154,0.45553747610542067,0.28515625,0.23334463740263667,0.3433203009053549,0.3203125,0.26617385334096993,0.3797640950620776,0.0,0.0,0.01478385642587143,0.005031215100152344,0.002705816775239916,73,82,101
effort_separation,mainland,0.75,0.5,0.3,neutral,400,ovule_annual_pollen_annual,0.5,annual,annual,256,256,0.0,0.0,0.01478385642587143,48.0,0.0,6.144931640625,0.3828125,0.3254185065983358,0.4436714597514778,0.453125,0.3932873375109957,0.5143486490289297,0.1640625,0.12372760124959209,0.21433030228654026,0.0,0.0,0.01478385642587143,-0.00414087193389138,0.003485718799371888,116,42,98,0.390625,0.33289789371255574,0.45158607488060365,0.3671875,0.3105076134241139,0.4277943484390082,0.2421875,0.19377015335079256,0.2982277726187974,0.0,0.0,0.01478385642587143,0.0010602509254440306,0.003381756301343294,94,62,100
effort_separation,mainland,0.75,0.5,0.3,neutral,400,ovule_annual_pollen_lifetime,0.5,annual,lifetime,256,256,0.0,0.0,0.01478385642587143,48.0,0.0,6.144931640625,0.37109375,0.3142292916101357,0.43176967137465927,0.39453125,0.33664349360941154,0.45553747610542067,0.234375,0.1866465082202543,0.2899574155059899,0.0,0.0,0.01478385642587143,-0.0013738406586840867,0.003489266160812701,101,60,95,0.4296875,0.37052769163836163,0.4909262881715265,0.359375,0.30307650360756977,0.4198314560122066,0.2109375,0.16542210475657976,0.26499981223962715,0.0,0.0,0.01478385642587143,0.003754464735239775,0.0034216269628610705,92,54,110
effort_separation,mainland,0.75,0.5,0.3,neutral,400,ovule_lifetime_pollen_annual,0.5,lifetime,annual,256,256,0.0,0.0,0.01478385642587143,48.0,0.0,6.144931640625,0.40234375,0.3441464041785611,0.46342856777961694,0.37109375,0.3142292916101357,0.43176967137465927,0.2265625,0.1795467073799799,0.28166321410291856,0.0,0.0,0.01478385642587143,-9.964794219902368e-05,0.0033104330811544653,95,58,103,0.40625,0.34790367679855766,0.4673682962812932,0.35546875,0.29936712788953435,0.4158438306085691,0.23828125,0.1902054003663705,0.2940955244815466,0.0,0.0,0.01478385642587143,0.002127995648344291,0.0032783388142544052,91,61,104
effort_separation,mainland,0.75,0.5,0.3,selected,10,ovule_annual_pollen_annual,0.5,annual,annual,256,256,0.0,0.0,0.01478385642587143,48.0,0.0,8.490234375,0.0546875,0.03285229140400938,0.08968958072528235,0.0546875,0.03285229140400938,0.08968958072528235,0.890625,0.8464641652332502,0.9232359469340378,0.0,0.0,0.01478385642587143,0.00017440659124371306,0.0008182523330456375,14,228,14,0.08203125,0.05427759190690546,0.12214328807409647,0.046875,0.027014851001628076,0.0801330188843179,0.87109375,0.8244958864844745,0.9067192200744492,0.0,0.0,0.01478385642587143,0.0023285392890098266,0.0008319561168619078,12,223,21
effort_separation,mainland,0.75,0.5,0.3,selected,10,ovule_annual_pollen_lifetime,0.5,annual,lifetime,256,256,0.0,0.0,0.01478385642587143,48.0,0.0,8.490234375,0.08984375,0.06061336726621258,0.1312015149581351,0.07421875,0.048026107191811204,0.11300077054584494,0.8359375,0.7856696977134597,0.8762723987504079,0.0,0.0,0.01478385642587143,-2.903386123737084e-05,0.0008877443280900773,19,214,23,0.0703125,0.04493554746197091,0.10839432915401236,0.06640625,0.04187072285916844,0.10376215263514196,0.86328125,0.8157948225987579,0.9000262817168199,0.0,0.0,0.01478385642587143,-0.0005600227277215188,0.0008014777119807862,17,221,18
effort_separation,mainland,0.75,0.5,0.3,selected,10,ovule_lifetime_pollen_annual,0.5,lifetime,annual,256,256,0.0,0.0,0.01478385642587143,48.0,0.0,8.490234375,0.07421875,0.048026107191811204,0.11300077054584494,0.0703125,0.04493554746197091,0.10839432915401236,0.85546875,0.8071377780781674,0.8932893239940645,0.0,0.0,0.01478385642587143,0.00019735683878372096,0.0008593474962323034,18,219,19,0.09765625,0.06702402222215342,0.14018486224554,0.046875,0.027014851001628076,0.0801330188843179,0.85546875,0.8071377780781674,0.8932893239940645,0.0,0.0,0.01478385642587143,0.002143332848349372,0.000830023346833842,12,219,25
effort_separation,mainland,0.75,0.5,0.3,selected,40,ovule_annual_pollen_annual,0.5,annual,annual,256,256,0.0,0.0,0.01478385642587143,48.0,0.0,7.18935546875,0.24609375,0.19734067215723067,0.3023542549340322,0.26171875,0.21167863808724405,0.31880429349071027,0.4921875,0.43151586938966136,0.5530901283669929,0.0,0.0,0.01478385642587143,0.00012270514803232508,0.001834028262534224,67,126,63,0.3359375,0.280883264256863,0.395842688632876,0.140625,0.10333688392273097,0.18853901288336414,0.5234375,0.46236240094817116,0.5838196057818662,0.0,0.0,0.01478385642587143,0.006399126533357766,0.001540185732332922,36,134,86
effort_separation,mainland,0.75,0.5,0.3,selected,40,ovule_annual_pollen_lifetime,0.5,annual,lifetime,256,256,0.0,0.0,0.01478385642587143,48.0,0.0,7.18935546875,0.21484375,0.16894358808976334,0.26917533002811644,0.30078125,0.24788835618653265,0.35956458660815055,0.484375,0.4238408093138977,0.5453711861994108,0.0,0.0,0.01478385642587143,-0.003155990763411729,0.001729971055101465,77,124,55,0.23046875,0.183093576056734,0.28581334654783735,0.22265625,0.17600601030365376,0.27750691005757183,0.546875,0.4856513509710702,0.6067126624890042,0.0,0.0,0.01478385642587143,0.00020318471763536555,0.001653551089314578,57,140,59
effort_separation,mainland,0.75,0.5,0.3,selected,40,ovule_lifetime_pollen_annual,0.5,lifetime,annual,256,256,0.0,0.0,0.01478385642587143,48.0,0.0,7.18935546875,0.2734375,0.22248853918114145,0.33108539576183155,0.25,0.20091686568173925,0.3064750625311965,0.4765625,0.41618039421813385,0.5376375990518288,0.0,0.0,0.01478385642587143,-0.0003640223298232325,0.001827610024517713,64,122,70,0.2734375,0.22248853918114145,0.33108539576183155,0.17578125,0.13404604842154846,0.22710285847960257,0.55078125,0.4895457648520954,0.6105152497296519,0.0,0.0,0.01478385642587143,0.004723994022636234,0.0016419096631840454,45,141,70
effort_separation,mainland,0.75,0.5,0.3,selected,50,ovule_annual_pollen_annual,0.5,annual,annual,256,256,0.0,0.0,0.01478385642587143,48.0,0.0,7.036875,0.29296875,0.240606845197983,0.3514520953533543,0.28515625,0.23334463740263667,0.3433203009053549,0.421875,0.36297114591343,0.4830888316531124,0.0,0.0,0.01478385642587143,-0.0008978241209740922,0.002035824311781996,73,108,75,0.33203125,0.2771993280647148,0.3918296237033514,0.16015625,0.12030547683153675,0.21005542558292273,0.5078125,0.44690987163300716,0.5684841306103388,0.0,0.0,0.01478385642587143,0.007719500963229886,0.0016547885911398204,41,130,85
effort_separation,mainland,0.75,0.5,0.3,selected,50,ovule_annual_pollen_lifetime,0.5,annual,lifetime,256,256,0.0,0.0,0.01478385642587143,48.0,0.0,7.036875,0.2734375,0.22248853918114145,0.33108539576183155,0.35546875,0.29936712788953435,0.4158438306085691,0.37109375,0.3142292916101357,0.43176967137465927,0.0,0.0,0.01478385642587143,-0.003237629135492276,0.0020070207223420403,91,95,70,0.25,0.20091686568173925,0.3064750625311965,0.25,0.20091686568173925,0.3064750625311965,0.5,0.43920555858906296,0.560794441410937,0.0,0.0,0.01478385642587143,0.0008836095062800665,0.0018101932082863624,64,128,64
effort_separation,mainland,0.75,0.5,0.3,selected,50,ovule_lifetime_pollen_annual,0.5,lifetime,annual,256,256,0.0,0.0,0.01478385642587143,47.99609375,0.00390625,7.036875,0.28515625,0.23334463740263667,0.3433203009053549,0.2890625,0.2369733003711826,0.34738863905848194,0.42578125,0.36674752969705376,0.48700944899116155,0.0,0.0,0.01478385642587143,-0.0005485943915016243,0.001964169220926341,74,109,73,0.3515625,0.295661910800322,0.41185204657610863,0.19140625,0.14791734057779737,0.24401957081004516,0.45703125,0.3970936285540288,0.5182393591075696,0.0,0.0,0.01478385642587143,0.006497940383290383,0.0017607507682033284,49,117,90
effort_separation,mainland,0.75,0.5,0.3,selected,100,ovule_annual_pollen_annual,0.5,annual,annual,256,256,0.0,0.0,0.01478385642587143,48.0,0.0,6.67265625,0.32421875,0.2698445830530154,0.38379036647170506,0.3046875,0.25153621542356636,0.36361372849278967,0.37109375,0.3142292916101357,0.43176967137465927,0.0,0.0,0.01478385642587143,0.0011670151990938987,0.002531169263794712,78,95,83,0.4765625,0.41618039421813385,0.5376375990518288,0.19921875,0.15489813913670408,0.2524327744944842,0.32421875,0.2698445830530154,0.38379036647170506,0.0,0.0,0.01478385642587143,0.013935625862403479,0.0022830380228192155,51,83,122
effort_separation,mainland,0.75,0.5,0.3,selected,100,ovule_annual_pollen_lifetime,0.5,annual,lifetime,256,256,0.0,0.0,0.01478385642587143,48.0,0.0,6.67265625,0.30078125,0.24788835618653265,0.35956458660815055,0.3828125,0.3254185065983358,0.4436714597514778,0.31640625,0.26250760743602425,0.37573333984535046,0.0,0.0,0.01478385642587143,-0.003899994583180706,0.0027279381991259202,98,81,77,0.3125,0.2588458887858718,0.37169805737383,0.328125,0.2735197547273731,0.38781219591902016,0.359375,0.30307650360756977,0.4198314560122066,0.0,0.0,0.01478385642587143,-0.0005976782473642497,0.0025100445805411333,84,92,80
effort_separation,mainland,0.75,0.5,0.3,selected,100,ovule_lifetime_pollen_annual,0.5,lifetime,annual,256,256,0.0,0.0,0.01478385642587143,47.98046875,0.01953125,6.67265625,0.328125,0.2735197547273731,0.38781219591902016,0.328125,0.2735197547273731,0.38781219591902016,0.34375,0.28826407712322777,0.403855878009857,0.0,0.0,0.01478385642587143,7.455971375980731e-05,0.0025294834094283466,84,88,84,0.4140625,0.3554297681158383,0.4752362072073583,0.19921875,0.15489813913670408,0.2524327744944842,0.38671875,0.3291562242738866,0.4476307431975999,0.0,0.0,0.01478385642587143,0.009350986076831344,0.0022475007679969915,51,99,106
effort_separation,mainland,0.75,0.5,0.3,selected,200,ovule_annual_pollen_annual,0.5,annual,annual,256,256,0.0,0.0,0.01478385642587143,48.0,0.0,6.3741796875,0.375,0.31795501653541774,0.43574094757105014,0.359375,0.30307650360756977,0.4198314560122066,0.265625,0.21527669094275786,0.3229032417568694,0.0,0.0,0.01478385642587143,0.0027603907164404505,0.0030418024626961996,92,68,96,0.5390625,0.47787362687823687,0.599096384338492,0.19140625,0.14791734057779737,0.24401957081004516,0.26953125,0.2188800151092185,0.3269969187120816,0.0,0.0,0.01478385642587143,0.02010525984357169,0.002792180453185191,49,69,138
effort_separation,mainland,0.75,0.5,0.3,selected,200,ovule_annual_pollen_lifetime,0.5,annual,lifetime,256,256,0.0,0.0,0.01478385642587143,48.0,0.0,6.3741796875,0.34375,0.28826407712322777,0.403855878009857,0.37890625,0.32168476294187087,0.43970820228626983,0.27734375,0.22610219451112512,0.3351687415535207,0.0,0.0,0.01478385642587143,-0.0024190764478996107,0.0031979505658955632,97,71,88,0.36328125,0.3067900082905613,0.4238149524508879,0.35546875,0.29936712788953435,0.4158438306085691,0.28125,0.2297209150846507,0.33924702210166807,0.0,0.0,0.01478385642587143,0.003065720823423445,0.003080301751316091,91,72,93
effort_separation,mainland,0.75,0.5,0.3,selected,200,ovule_lifetime_pollen_annual,0.5,lifetime,annual,256,256,0.0,0.0,0.01478385642587143,47.98046875,0.014058669821527757,6.3741796875,0.375,0.31795501653541774,0.43574094757105014,0.375,0.31795501653541774,0.43574094757105014,0.25,0.20091686568173925,0.3064750625311965,0.0,0.0,0.01478385642587143,0.002028435829787292,0.003075266879241358,96,64,96,0.50390625,0.4430558870480185,0.5646411140736544,0.21875,0.1724715978199255,0.27334432141962717,0.27734375,0.22610219451112512,0.3351687415535207,0.0,0.0,0.01478385642587143,0.016923706854341095,0.0027115217028349826,56,71,129
effort_separation,mainland,0.75,0.5,0.3,selected,400,ovule_annual_pollen_annual,0.5,annual,annual,256,256,0.0,0.0,0.01478385642587143,48.0,0.0,6.144931640625,0.3828125,0.3254185065983358,0.4436714597514778,0.359375,0.30307650360756977,0.4198314560122066,0.2578125,0.20808593083982155,0.31469999961646,0.0,0.0,0.01478385642587143,0.001302356663674569,0.0034369189627115673,92,66,98,0.609375,0.5484139251193965,0.6671021062874443,0.21484375,0.16894358808976334,0.26917533002811644,0.17578125,0.13404604842154846,0.22710285847960257,0.0,0.0,0.01478385642587143,0.02564380497105571,0.0032903308156682154,55,45,156
effort_separation,mainland,0.75,0.5,0.3,selected,400,ovule_annual_pollen_lifetime,0.5,annual,lifetime,256,256,0.0,0.0,0.01478385642587143,48.0,0.0,6.144931640625,0.375,0.31795501653541774,0.43574094757105014,0.4140625,0.3554297681158383,0.4752362072073583,0.2109375,0.16542210475657976,0.26499981223962715,0.0,0.0,0.01478385642587143,-0.0030625867116871102,0.003464952603695543,106,54,96,0.38671875,0.3291562242738866,0.4476307431975999,0.39453125,0.33664349360941154,0.45553747610542067,0.21875,0.1724715978199255,0.27334432141962717,0.0,0.0,0.01478385642587143,0.00038947630687040076,0.0034286566545485763,101,56,99
effort_separation,mainland,0.75,0.5,0.3,selected,400,ovule_lifetime_pollen_annual,0.5,lifetime,annual,256,256,0.0,0.0,0.01478385642587143,47.99609375,0.00390625,6.144931640625,0.359375,0.30307650360756977,0.4198314560122066,0.37890625,0.32168476294187087,0.43970820228626983,0.26171875,0.21167863808724405,0.31880429349071027,0.0,0.0,0.01478385642587143,0.0011359410122665807,0.0033089651612531567,97,67,92,0.546875,0.4856513509710702,0.6067126624890042,0.21875,0.1724715978199255,0.27334432141962717,0.234375,0.1866465082202543,0.2899574155059899,0.0,0.0,0.01478385642587143,0.021364191058251145,0.003084287369599606,56,60,140
effort_separation,mainland,0.75,0.5,0.7,neutral,10,ovule_annual_pollen_annual,0.5,annual,annual,256,256,0.0,0.0,0.01478385642587143,48.0,0.0,8.490234375,0.06640625,0.04187072285916844,0.10376215263514196,0.05859375,0.03582660763317509,0.09441226561778955,0.875,0.8288639408674391,0.9100481668131574,0.0,0.0,0.01478385642587143,-0.00021416613721137161,0.0007711304603589657,15,224,17,0.046875,0.027014851001628076,0.0801330188843179,0.0625,0.03883364112851165,0.09910223324412587,0.890625,0.8464641652332502,0.9232359469340378,0.0,0.0,0.01478385642587143,-0.00035922378027400436,0.0007403782845039899,16,228,12
effort_separation,mainland,0.75,0.5,0.7,neutral,10,ovule_annual_pollen_lifetime,0.5,annual,lifetime,256,256,0.0,0.0,0.01478385642587143,48.0,0.0,8.490234375,0.05859375,0.03582660763317509,0.09441226561778955,0.07421875,0.048026107191811204,0.11300077054584494,0.8671875,0.8201396562762842,0.9033784491609664,0.0,0.0,0.01478385642587143,-0.00037058207890009257,0.0008266202738227175,19,222,15,0.078125,0.05114064056843023,0.11758323829089878,0.08203125,0.05427759190690546,0.12214328807409647,0.83984375,0.7899445744170772,0.8796945231684632,0.0,0.0,0.01478385642587143,0.000818799871841546,0.0008769506504107136,21,215,20
effort_separation,mainland,0.75,0.5,0.7,neutral,10,ovule_lifetime_pollen_annual,0.5,lifetime,annual,256,256,0.0,0.0,0.01478385642587143,48.0,0.0,8.490234375,0.06640625,0.04187072285916844,0.10376215263514196,0.0546875,0.03285229140400938,0.08968958072528235,0.87890625,0.8332442794764335,0.9133648293258357,0.0,0.0,0.01478385642587143,0.000330003042897385,0.0007536425617884435,14,225,17,0.03515625,0.018604096092635542,0.0654527704282918,0.05078125,0.029913811386553534,0.08493105962106533,0.9140625,0.8733176979335919,0.9425644209637334,0.0,0.0,0.01478385642587143,0.00027585096726151655,0.0007166592975309296,13,234,9
effort_separation,mainland,0.75,0.5,0.7,neutral,40,ovule_annual_pollen_annual,0.5,annual,annual,256,256,0.0,0.0,0.01478385642587143,48.0,0.0,7.18935546875,0.21875,0.1724715978199255,0.27334432141962717,0.22265625,0.17600601030365376,0.27750691005757183,0.55859375,0.49734573849859953,0.6181092783264936,0.0,0.0,0.01478385642587143,-0.0005618284478277748,0.0015854830563599653,57,143,56,0.26171875,0.21167863808724405,0.31880429349071027,0.1953125,0.15140411996625466,0.24822979254326075,0.54296875,0.4817606408924305,0.6029063714459713,0.0,0.0,0.01478385642587143,0.0016737545721291142,0.0015619026698892693,50,139,67
effort_separation,mainland,0.75,0.5,0.7,neutral,40,ovule_annual_pollen_lifetime,0.5,annual,lifetime,256,256,0.0,0.0,0.01478385642587143,48.0,0.0,7.18935546875,0.203125,0.15839924133131683,0.25662867342154433,0.25,0.20091686568173925,0.3064750625311965,0.546875,0.4856513509710702,0.6067126624890042,0.0,0.0,0.01478385642587143,-0.0016239550326517171,0.0016809535371262348,64,140,52,0.2890625,0.2369733003711826,0.34738863905848194,0.25,0.20091686568173925,0.3064750625311965,0.4609375,0.40090361566150806,0.5221263731217632,0.0,0.0,0.01478385642587143,0.0005820830974124038,0.0017910680706215811,64,118,74
effort_separation,mainland,0.75,0.5,0.7,neutral,40,ovule_lifetime_pollen_annual,0.5,lifetime,annual,256,256,0.0,0.0,0.01478385642587143,47.99609375,0.00390625,7.18935546875,0.23046875,0.183093576056734,0.28581334654783735,0.24609375,0.19734067215723067,0.3023542549340322,0.5234375,0.46236240094817116,0.5838196057818662,0.0,0.0,0.01478385642587143,-0.0003310880754514617,0.0015727045936956073,63,134,59,0.2109375,0.16542210475657976,0.26499981223962715,0.203125,0.15839924133131683,0.25662867342154433,0.5859375,0.5247637927926416,0.6445702318841617,0.0,0.0,0.01478385642587143,0.0014308402662436567,0.0015243480817567227,52,150,54
effort_separation,mainland,0.75,0.5,0.7,neutral,50,ovule_annual_pollen_annual,0.5,annual,annual,256,256,0.0,0.0,0.01478385642587143,48.0,0.0,7.036875,0.24609375,0.19734067215723067,0.3023542549340322,0.23046875,0.183093576056734,0.28581334654783735,0.5234375,0.46236240094817116,0.5838196057818662,0.0,0.0,0.01478385642587143,0.00019995477859021185,0.0016948687211768409,59,134,63,0.25390625,0.20449864653192884,0.31059028280267975,0.21484375,0.16894358808976334,0.26917533002811644,0.53125,0.4701106595667687,0.5914653494066143,0.0,0.0,0.01478385642587143,0.0017691112337630186,0.0017085334383043851,55,136,65
effort_separation,mainland,0.75,0.5,0.7,neutral,50,ovule_annual_pollen_lifetime,0.5,annual,lifetime,256,256,0.0,0.0,0.01478385642587143,48.0,0.0,7.036875,0.21875,0.1724715978199255,0.27334432141962717,0.2890625,0.2369733003711826,0.34738863905848194,0.4921875,0.43151586938966136,0.5530901283669929,0.0,0.0,0.01478385642587143,-0.003088990407051389,0.0018351234260220366,74,126,56,0.265625,0.21527669094275786,0.3229032417568694,0.296875,0.24424521529493903,0.35551072637807124,0.4375,0.37809929934301556,0.4987486827102183,0.0,0.0,0.01478385642587143,-0.0008708061209850787,0.0019733341296736305,76,112,68
effort_separation,mainland,0.75,0.5,0.7,neutral,50,ovule_lifetime_pollen_annual,0.5,lifetime,annual,256,256,0.0,0.0,0.01478385642587143,48.0,0.0,7.036875,0.25,0.20091686568173925,0.3064750625311965,0.2578125,0.20808593083982155,0.31469999961646,0.4921875,0.43151586938966136,0.5530901283669929,0.0,0.0,0.01478385642587143,9.302758126592068e-05,0.0017946392326053946,66,126,64,0.26171875,0.21167863808724405,0.31880429349071027,0.19921875,0.15489813913670408,0.2524327744944842,0.5390625,0.47787362687823687,0.599096384338492,0.0,0.0,0.01478385642587143,0.0025594768301562673,0.0016640438465370558,51,138,67
effort_separation,mainland,0.75,0.5,0.7,neutral,100,ovule_annual_pollen_annual,0.5,annual,annual,256,256,0.0,0.0,0.01478385642587143,48.0,0.0,6.67265625,0.26953125,0.2188800151092185,0.3269969187120816,0.3125,0.2588458887858718,0.37169805737383,0.41796875,0.35919855391479266,0.4791644225300769,0.0,0.0,0.01478385642587143,-0.001903260758019895,0.0022342184047497815,80,107,69,0.36328125,0.3067900082905613,0.4238149524508879,0.265625,0.21527669094275786,0.3229032417568694,0.37109375,0.3142292916101357,0.43176967137465927,0.0,0.0,0.01478385642587143,0.004455083928972306,0.002204859486029721,68,95,93
effort_separation,mainland,0.75,0.5,0.7,neutral,100,ovule_annual_pollen_lifetime,0.5,annual,lifetime,256,256,0.0,0.0,0.01478385642587143,48.0,0.0,6.67265625,0.328125,0.2735197547273731,0.38781219591902016,0.33984375,0.28457152593543,0.39985142807598195,0.33203125,0.2771993280647148,0.3918296237033514,0.0,0.0,0.01478385642587143,-0.001208543548421418,0.0025421200858404183,87,85,84,0.31640625,0.26250760743602425,0.37573333984535046,0.36328125,0.3067900082905613,0.4238149524508879,0.3203125,0.26617385334096993,0.3797640950620776,0.0,0.0,0.01478385642587143,-0.0021168480003808912,0.002526128930061983,93,82,81
effort_separation,mainland,0.75,0.5,0.7,neutral,100,ovule_lifetime_pollen_annual,0.5,lifetime,annual,256,256,0.0,0.0,0.01478385642587143,48.0,0.0,6.67265625,0.27734375,0.22610219451112512,0.3351687415535207,0.3515625,0.295661910800322,0.41185204657610863,0.37109375,0.3142292916101357,0.43176967137465927,0.0,0.0,0.01478385642587143,-0.001440889393211626,0.0024091650569923245,90,95,71,0.3671875,0.3105076134241139,0.4277943484390082,0.25,0.20091686568173925,0.3064750625311965,0.3828125,0.3254185065983358,0.4436714597514778,0.0,0.0,0.01478385642587143,0.0048310034744169904,0.0022796239056133926,64,98,94
effort_separation,mainland,0.75,0.5,0.7,neutral,200,ovule_annual_pollen_annual,0.5,annual,annual,256,256,0.0,0.0,0.01478385642587143,48.0,0.0,6.3741796875,0.3671875,0.3105076134241139,0.4277943484390082,0.36328125,0.3067900082905613,0.4238149524508879,0.26953125,0.2188800151092185,0.3269969187120816,0.0,0.0,0.01478385642587143,-0.0017100044672095699,0.0028537966711411973,93,69,94,0.4296875,0.37052769163836163,0.4909262881715265,0.31640625,0.26250760743602425,0.37573333984535046,0.25390625,0.20449864653192884,0.31059028280267975,0.0,0.0,0.01478385642587143,0.005088007009045985,0.0028291656489464303,81,65,110
effort_separation,mainland,0.75,0.5,0.7,neutral,200,ovule_annual_pollen_lifetime,0.5,annual,lifetime,256,256,0.0,0.0,0.01478385642587143,48.0,0.0,6.3741796875,0.3671875,0.3105076134241139,0.4277943484390082,0.375,0.31795501653541774,0.43574094757105014,0.2578125,0.20808593083982155,0.31469999961646,0.0,0.0,0.01478385642587143,0.0004907722264101263,0.003228703407463055,96,66,94,0.37890625,0.32168476294187087,0.43970820228626983,0.3828125,0.3254185065983358,0.4436714597514778,0.23828125,0.1902054003663705,0.2940955244815466,0.0,0.0,0.01478385642587143,-0.0020754969260640133,0.003149065747353465,98,61,97
effort_separation,mainland,0.75,0.5,0.7,neutral,200,ovule_lifetime_pollen_annual,0.5,lifetime,annual,256,256,0.0,0.0,0.01478385642587143,48.0,0.0,6.3741796875,0.359375,0.30307650360756977,0.4198314560122066,0.37109375,0.3142292916101357,0.43176967137465927,0.26953125,0.2188800151092185,0.3269969187120816,0.0,0.0,0.01478385642587143,-0.0004617623543923966,0.0030331542025746686,95,69,92,0.35546875,0.29936712788953435,0.4158438306085691,0.32421875,0.2698445830530154,0.38379036647170506,0.3203125,0.26617385334096993,0.3797640950620776,0.0,0.0,0.01478385642587143,0.0012859324483010482,0.0026871071561263954,83,82,91
effort_separation,mainland,0.75,0.5,0.7,neutral,400,ovule_annual_pollen_annual,0.5,annual,annual,256,256,0.0,0.0,0.01478385642587143,48.0,0.0,6.144931640625,0.37109375,0.3142292916101357,0.43176967137465927,0.390625,0.33289789371255574,0.45158607488060365,0.23828125,0.1902054003663705,0.2940955244815466,0.0,0.0,0.01478385642587143,-0.001483489472132722,0.0033097560224935145,100,61,95,0.4375,0.37809929934301556,0.4987486827102183,0.37109375,0.3142292916101357,0.43176967137465927,0.19140625,0.14791734057779737,0.24401957081004516,0.0,0.0,0.01478385642587143,0.0043325206241988,0.0032751203838496203,95,49,112
effort_separation,mainland,0.75,0.5,0.7,neutral,400,ovule_annual_pollen_lifetime,0.5,annual,lifetime,256,256,0.0,0.0,0.01478385642587143,48.0,0.0,6.144931640625,0.3984375,0.3403930035879241,0.459484967248581,0.390625,0.33289789371255574,0.45158607488060365,0.2109375,0.16542210475657976,0.26499981223962715,0.0,0.0,0.01478385642587143,0.00038750700645329237,0.0036073637967934907,100,54,102,0.421875,0.36297114591343,0.4830888316531124,0.41015625,0.3516648037328092,0.47130417046871464,0.16796875,0.12715856241588983,0.2185963422419154,0.0,0.0,0.01478385642587143,-0.00036586465995895406,0.003517938424008618,105,43,108
effort_separation,mainland,0.75,0.5,0.7,neutral,400,ovule_lifetime_pollen_annual,0.5,lifetime,annual,256,256,0.0,0.0,0.01478385642587143,47.984375,0.01233810602540429,6.144931640625,0.40625,0.34790367679855766,0.4673682962812932,0.359375,0.30307650360756977,0.4198314560122066,0.234375,0.1866465082202543,0.2899574155059899,0.0,0.0,0.01478385642587143,0.0018637310762009839,0.0034695721859381865,92,60,104,0.36328125,0.3067900082905613,0.4238149524508879,0.3671875,0.3105076134241139,0.4277943484390082,0.26953125,0.2188800151092185,0.3269969187120816,0.0,0.0,0.01478385642587143,-0.0009929496238625973,0.0031022574352892822,94,69,93
effort_separation,mainland,0.75,0.5,0.7,selected,10,ovule_annual_pollen_annual,0.5,annual,annual,256,256,0.0,0.0,0.01478385642587143,48.0,0.0,8.490234375,0.08203125,0.05427759190690546,0.12214328807409647,0.07421875,0.048026107191811204,0.11300077054584494,0.84375,0.7942285422215228,0.8831075564856906,0.0,0.0,0.01478385642587143,-0.00026779131457317336,0.0008524069376243438,19,216,21,0.06640625,0.04187072285916844,0.10376215263514196,0.0390625,0.0213540358427329,0.07039983179986732,0.89453125,0.850899024665532,0.9264980886234288,0.0,0.0,0.01478385642587143,0.0016811813113611388,0.0007776492755350671,10,229,17
effort_separation,mainland,0.75,0.5,0.7,selected,10,ovule_annual_pollen_lifetime,0.5,annual,lifetime,256,256,0.0,0.0,0.01478385642587143,48.0,0.0,8.490234375,0.06640625,0.04187072285916844,0.10376215263514196,0.08203125,0.05427759190690546,0.12214328807409647,0.8515625,0.8028248479091987,0.8899052530413604,0.0,0.0,0.01478385642587143,-0.0003213837478416512,0.000871234129947385,21,218,17,0.078125,0.05114064056843023,0.11758323829089878,0.0625,0.03883364112851165,0.09910223324412587,0.859375,0.8114609871166358,0.8966631160772691,0.0,0.0,0.01478385642587143,0.00020395488635053735,0.0008533774424738784,16,220,20
effort_separation,mainland,0.75,0.5,0.7,selected,10,ovule_lifetime_pollen_annual,0.5,lifetime,annual,256,256,0.0,0.0,0.01478385642587143,48.0,0.0,8.490234375,0.09375,0.0638098481830768,0.13570203516294374,0.0703125,0.04493554746197091,0.10839432915401236,0.8359375,0.7856696977134597,0.8762723987504079,0.0,0.0,0.01478385642587143,0.0007085308486772307,0.0008736396346775783,18,214,24,0.07421875,0.048026107191811204,0.11300077054584494,0.04296875,0.024159813300607562,0.07529105546366555,0.8828125,0.8376373983055787,0.9166687116183634,0.0,0.0,0.01478385642587143,0.0014484284127985695,0.0008050605809011998,11,226,19
effort_separation,mainland,0.75,0.5,0.7,selected,40,ovule_annual_pollen_annual,0.5,annual,annual,256,256,0.0,0.0,0.01478385642587143,48.0,0.0,7.18935546875,0.26171875,0.21167863808724405,0.31880429349071027,0.26171875,0.21167863808724405,0.31880429349071027,0.4765625,0.41618039421813385,0.5376375990518288,0.0,0.0,0.01478385642587143,-9.416088367352263e-05,0.0018326748205742243,67,122,67,0.29296875,0.240606845197983,0.3514520953533543,0.16015625,0.12030547683153675,0.21005542558292273,0.546875,0.4856513509710702,0.6067126624890042,0.0,0.0,0.01478385642587143,0.004899237538542708,0.0015165998618074414,41,140,75
effort_separation,mainland,0.75,0.5,0.7,selected,40,ovule_annual_pollen_lifetime,0.5,annual,lifetime,256,256,0.0,0.0,0.01478385642587143,48.0,0.0,7.18935546875,0.265625,0.21527669094275786,0.3229032417568694,0.265625,0.21527669094275786,0.3229032417568694,0.46875,0.4085346505933857,0.5298893404332313,0.0,0.0,0.01478385642587143,-0.0005505514051750504,0.0018545211529202266,68,120,68,0.25390625,0.20449864653192884,0.31059028280267975,0.23828125,0.1902054003663705,0.2940955244815466,0.5078125,0.44690987163300716,0.5684841306103388,0.0,0.0,0.01478385642587143,3.945726092245802e-05,0.0017187330451458728,61,130,65
effort_separation,mainland,0.75,0.5,0.7,selected,40,ovule_lifetime_pollen_annual,0.5,lifetime,annual,256,256,0.0,0.0,0.01478385642587143,48.0,0.0,7.18935546875,0.234375,0.1866465082202543,0.2899574155059899,0.265625,0.21527669094275786,0.3229032417568694,0.5,0.43920555858906296,0.560794441410937,0.0,0.0,0.01478385642587143,-0.001735835386406186,0.0018148681237898203,68,128,60,0.2421875,0.19377015335079256,0.2982277726187974,0.171875,0.13059812036467136,0.2228537854148068,0.5859375,0.5247637927926416,0.6445702318841617,0.0,0.0,0.01478385642587143,0.003491654339065049,0.001532228914427561,44,150,62
effort_separation,mainland,0.75,0.5,0.7,selected,50,ovule_annual_pollen_annual,0.5,annual,annual,256,256,0.0,0.0,0.01478385642587143,48.0,0.0,7.036875,0.25390625,0.20449864653192884,0.31059028280267975,0.2734375,0.22248853918114145,0.33108539576183155,0.47265625,0.4123556863984164,0.5337653057498734,0.0,0.0,0.01478385642587143,-0.000720567313736846,0.002027772059764282,70,121,65,0.30078125,0.24788835618653265,0.35956458660815055,0.17578125,0.13404604842154846,0.22710285847960257,0.5234375,0.46236240094817116,0.5838196057818662,0.0,0.0,0.01478385642587143,0.005375723565435188,0.001652238946731918,45,134,77
effort_separation,mainland,0.75,0.5,0.7,selected,50,ovule_annual_pollen_lifetime,0.5,annual,lifetime,256,256,0.0,0.0,0.01478385642587143,48.0,0.0,7.036875,0.27734375,0.22610219451112512,0.3351687415535207,0.28515625,0.23334463740263667,0.3433203009053549,0.4375,0.37809929934301556,0.4987486827102183,0.0,0.0,0.01478385642587143,-0.0007588047228811196,0.001969178863789608,73,112,71,0.25390625,0.20449864653192884,0.31059028280267975,0.26171875,0.21167863808724405,0.31880429349071027,0.484375,0.4238408093138977,0.5453711861994108,0.0,0.0,0.01478385642587143,-0.00018060740203213908,0.0018682185388035053,67,124,65
effort_separation,mainland,0.75,0.5,0.7,selected,50,ovule_lifetime_pollen_annual,0.5,lifetime,annual,256,256,0.0,0.0,0.01478385642587143,48.0,0.0,7.036875,0.26953125,0.2188800151092185,0.3269969187120816,0.2734375,0.22248853918114145,0.33108539576183155,0.45703125,0.3970936285540288,0.5182393591075696,0.0,0.0,0.01478385642587143,-0.0022857120391486215,0.002009190376732535,70,117,69,0.296875,0.24424521529493903,0.35551072637807124,0.2109375,0.16542210475657976,0.26499981223962715,0.4921875,0.43151586938966136,0.5530901283669929,0.0,0.0,0.01478385642587143,0.0037049298977096835,0.0017835310350997257,54,126,76
effort_separation,mainland,0.75,0.5,0.7,selected,100,ovule_annual_pollen_annual,0.5,annual,annual,256,256,0.0,0.0,0.01478385642587143,48.0,0.0,6.67265625,0.34765625,0.29196088318828545,0.40785607306647226,0.3359375,0.280883264256863,0.395842688632876,0.31640625,0.26250760743602425,0.37573333984535046,0.0,0.0,0.01478385642587143,0.00031942053772401413,0.0027183787661274684,86,81,89,0.4140625,0.3554297681158383,0.4752362072073583,0.18359375,0.14096616877647156,0.23557674036802523,0.40234375,0.3441464041785611,0.46342856777961694,0.0,0.0,0.01478385642587143,0.011309941787904888,0.002162873959456701,47,103,106
effort_separation,mainland,0.75,0.5,0.7,selected,100,ovule_annual_pollen_lifetime,0.5,annual,lifetime,256,256,0.0,0.0,0.01478385642587143,48.0,0.0,6.67265625,0.296875,0.24424521529493903,0.35551072637807124,0.37109375,0.3142292916101357,0.43176967137465927,0.33203125,0.2771993280647148,0.3918296237033514,0.0,0.0,0.01478385642587143,-0.0035972254473065637,0.0027486735125755173,95,85,76,0.31640625,0.26250760743602425,0.37573333984535046,0.3515625,0.295661910800322,0.41185204657610863,0.33203125,0.2771993280647148,0.3918296237033514,0.0,0.0,0.01478385642587143,-0.0038767121292310443,0.002602442215519019,90,85,81
effort_separation,mainland,0.75,0.5,0.7,selected,100,ovule_lifetime_pollen_annual,0.5,lifetime,annual,256,256,0.0,0.0,0.01478385642587143,47.99609375,0.00390625,6.67265625,0.30859375,0.2551887425019035,0.36765820253612547,0.3828125,0.3254185065983358,0.4436714597514778,0.30859375,0.2551887425019035,0.36765820253612547,0.0,0.0,0.01478385642587143,-0.0045699217808990635,0.002642190967697199,98,79,79,0.3984375,0.3403930035879241,0.459484967248581,0.20703125,0.16190727728556475,0.2608176385889693,0.39453125,0.33664349360941154,0.45553747610542067,0.0,0.0,0.01478385642587143,0.009889902132190395,0.002160052729325795,53,101,102
effort_separation,mainland,0.75,0.5,0.7,selected,200,ovule_annual_pollen_annual,0.5,annual,annual,256,256,0.0,0.0,0.01478385642587143,48.0,0.0,6.3741796875,0.3671875,0.3105076134241139,0.4277943484390082,0.375,0.31795501653541774,0.43574094757105014,0.2578125,0.20808593083982155,0.31469999961646,0.0,0.0,0.01478385642587143,-0.0008865276601402535,0.003250567824026448,96,66,94,0.546875,0.4856513509710702,0.6067126624890042,0.1875,0.14443796573655726,0.2398019445296124,0.265625,0.21527669094275786,0.3229032417568694,0.0,0.0,0.01478385642587143,0.020281025229713166,0.0027565267356183935,48,68,140
effort_separation,mainland,0.75,0.5,0.7,selected,200,ovule_annual_pollen_lifetime,0.5,annual,lifetime,256,256,0.0,0.0,0.01478385642587143,48.0,0.0,6.3741796875,0.37109375,0.3142292916101357,0.43176967137465927,0.3984375,0.3403930035879241,0.459484967248581,0.23046875,0.183093576056734,0.28581334654783735,0.0,0.0,0.01478385642587143,-0.003315024691285358,0.003271807965102527,102,59,95,0.37109375,0.3142292916101357,0.43176967137465927,0.42578125,0.36674752969705376,0.48700944899116155,0.203125,0.15839924133131683,0.25662867342154433,0.0,0.0,0.01478385642587143,-0.003435506388734546,0.003297772580932289,109,52,95
effort_separation,mainland,0.75,0.5,0.7,selected,200,ovule_lifetime_pollen_annual,0.5,lifetime,annual,256,256,0.0,0.0,0.01478385642587143,48.0,0.0,6.3741796875,0.359375,0.30307650360756977,0.4198314560122066,0.40625,0.34790367679855766,0.4673682962812932,0.234375,0.1866465082202543,0.2899574155059899,0.0,0.0,0.01478385642587143,-0.0038366377060117343,0.0032756717413589187,104,60,92,0.515625,0.4546288138005892,0.5761591906861023,0.21875,0.1724715978199255,0.27334432141962717,0.265625,0.21527669094275786,0.3229032417568694,0.0,0.0,0.01478385642587143,0.01682410073231578,0.002793327416369605,56,68,132
effort_separation,mainland,0.75,0.5,0.7,selected,400,ovule_annual_pollen_annual,0.5,annual,annual,256,256,0.0,0.0,0.01478385642587143,48.0,0.0,6.144931640625,0.37890625,0.32168476294187087,0.43970820228626983,0.40625,0.34790367679855766,0.4673682962812932,0.21484375,0.16894358808976334,0.26917533002811644,0.0,0.0,0.01478385642587143,-0.0015558055839204445,0.003527743189904117,104,55,97,0.5859375,0.5247637927926416,0.6445702318841617,0.19921875,0.15489813913670408,0.2524327744944842,0.21484375,0.16894358808976334,0.26917533002811644,0.0,0.0,0.01478385642587143,0.024006411899982497,0.0030900587709246303,51,55,150
effort_separation,mainland,0.75,0.5,0.7,selected,400,ovule_annual_pollen_lifetime,0.5,annual,lifetime,256,256,0.0,0.0,0.01478385642587143,48.0,0.0,6.144931640625,0.3828125,0.3254185065983358,0.4436714597514778,0.4296875,0.37052769163836163,0.4909262881715265,0.1875,0.14443796573655726,0.2398019445296124,0.0,0.0,0.01478385642587143,-0.004395672214707459,0.003463422513350295,110,48,98,0.3515625,0.295661910800322,0.41185204657610863,0.43359375,0.37431161888417475,0.4948393620473863,0.21484375,0.16894358808976334,0.26917533002811644,0.0,0.0,0.01478385642587143,-0.005604466961178119,0.0034970858132694757,111,55,90
effort_separation,mainland,0.75,0.5,0.7,selected,400,ovule_lifetime_pollen_annual,0.5,lifetime,annual,256,256,0.0,0.0,0.01478385642587143,47.98828125,0.01171875,6.144931640625,0.359375,0.30307650360756977,0.4198314560122066,0.375,0.31795501653541774,0.43574094757105014,0.265625,0.21527669094275786,0.3229032417568694,0.0,0.0,0.01478385642587143,-0.002674352675324551,0.003518804354593645,96,68,92,0.59765625,0.5365714322203831,0.655853595821439,0.19140625,0.14791734057779737,0.24401957081004516,0.2109375,0.16542210475657976,0.26499981223962715,0.0,0.0,0.01478385642587143,0.02611549890927911,0.0031250661418178757,49,54,153
