panel,model,start_index,history_index,effect
natural,individual,0,0,-0.16822916666666674
natural,individual,0,1,-0.28789062500000007
natural,individual,0,2,-0.15286458333333341
natural,individual,0,3,-0.17421875000000014
natural,individual,0,4,-0.11777343750000006
natural,individual,0,5,-0.22500000000000014
natural,individual,0,6,-0.06874999999999998
natural,individual,0,7,-0.37500000000000033
natural,individual,0,8,-0.20507812500000017
natural,individual,0,9,-0.18125000000000002
natural,individual,0,10,-0.01874999999999999
natural,individual,0,11,-0.10468750000000013
natural,individual,0,12,-0.1183593750000003
natural,individual,0,13,-0.23125000000000007
natural,individual,0,14,-0.31992187500000013
natural,individual,0,15,-0.08958333333333335
natural,individual,0,16,-0.11249999999999993
natural,individual,0,17,0.03125
natural,individual,0,18,-0.04999999999999999
natural,individual,0,19,-0.2125000000000002
natural,individual,0,20,-0.20813802083333338
natural,individual,0,21,-0.09375
natural,individual,0,22,-0.12500000000000006
natural,individual,0,23,-0.05546875000000009
natural,individual,0,24,-0.01471354166666669
natural,individual,0,25,-0.11250000000000004
natural,individual,0,26,-0.042838541666666896
natural,individual,0,27,-0.21249999999999997
natural,individual,0,28,-0.11249999999999999
natural,individual,0,29,-0.11875000000000002
natural,individual,0,30,-0.08124999999999999
natural,individual,0,31,-0.18750000000000006
natural,individual,0,32,-0.1437500000000001
natural,individual,0,33,-0.2841145833333335
natural,individual,0,34,-0.11250000000000016
natural,individual,0,35,-0.10638020833333353
natural,individual,0,36,-0.10000000000000009
natural,individual,0,37,-0.08749999999999997
natural,individual,0,38,-0.024999999999999967
natural,individual,0,39,-0.17500000000000004
natural,individual,0,40,-0.20625000000000004
natural,individual,0,41,-0.08124999999999999
natural,individual,0,42,-0.20000000000000007
natural,individual,0,43,-0.21875000000000028
natural,individual,0,44,-0.16249999999999998
natural,individual,0,45,-0.14999999999999997
natural,individual,0,46,-0.125
natural,individual,0,47,-0.4250000000000001
natural,individual,0,48,-0.15625000000000006
natural,individual,0,49,-0.0102864583333332
natural,individual,0,50,-0.1937500000000002
natural,individual,0,51,-0.15000000000000002
natural,individual,0,52,-0.15000000000000036
natural,individual,0,53,-0.2187500000000001
natural,individual,0,54,-0.05247395833333346
natural,individual,0,55,-0.12877604166666673
natural,individual,0,56,-0.11250000000000032
natural,individual,0,57,-0.11875000000000019
natural,individual,0,58,-0.2375000000000002
natural,individual,0,59,-0.02994791666666674
natural,individual,0,60,-0.12343750000000003
natural,individual,0,61,-0.11132812500000014
natural,individual,0,62,-0.13125000000000014
natural,individual,0,63,-0.13424479166666667
natural,individual,0,64,-0.08750000000000008
natural,individual,0,65,-0.023958333333333325
natural,individual,0,66,-0.20625
natural,individual,0,67,-0.11054687499999993
natural,individual,0,68,-0.17500000000000016
natural,individual,0,69,0.006250000000000033
natural,individual,0,70,-0.1805989583333334
natural,individual,0,71,-0.12031250000000021
natural,individual,0,72,-0.11855468750000006
natural,individual,0,73,-0.2500000000000002
natural,individual,0,74,-0.2375000000000002
natural,individual,0,75,-0.21875000000000022
natural,individual,0,76,-0.06875000000000014
natural,individual,0,77,-0.14921875000000012
natural,individual,0,78,-0.07500000000000018
natural,individual,0,79,-0.09999999999999998
natural,individual,0,80,-0.1614583333333334
natural,individual,0,81,-0.07499999999999984
natural,individual,0,82,-0.16041666666666676
natural,individual,0,83,0.0
natural,individual,0,84,-0.04739583333333337
natural,individual,0,85,-0.19375000000000003
natural,individual,0,86,-0.05625000000000008
natural,individual,0,87,-0.23710937500000007
natural,individual,0,88,-0.08906250000000002
natural,individual,0,89,-0.19804687500000012
natural,individual,0,90,-0.07779947916666688
natural,individual,0,91,-0.16250000000000014
natural,individual,0,92,-0.020898437499999957
natural,individual,0,93,-0.09375000000000011
natural,individual,0,94,-0.14361979166666677
natural,individual,0,95,-0.06874999999999998
natural,individual,0,96,-0.24778645833333351
natural,individual,0,97,-0.20924479166666682
natural,individual,0,98,-0.10442708333333345
natural,individual,0,99,-0.26250000000000007
natural,individual,0,100,-0.26875000000000027
natural,individual,0,101,-0.06875000000000009
natural,individual,0,102,-0.11738281250000018
natural,individual,0,103,-0.04375000000000007
natural,individual,0,104,-0.24375000000000002
natural,individual,0,105,-0.1774739583333334
natural,individual,0,106,-0.11145833333333348
natural,individual,0,107,-0.018749999999999933
natural,individual,0,108,-0.1531250000000001
natural,individual,0,109,-0.18750000000000022
natural,individual,0,110,-0.14661458333333355
natural,individual,0,111,-0.12513020833333335
natural,individual,0,112,-0.12500000000000006
natural,individual,0,113,-0.08750000000000008
natural,individual,0,114,-0.04375000000000001
natural,individual,0,115,-0.029296875000000007
natural,individual,0,116,-0.09531249999999997
natural,individual,0,117,-0.20026041666666666
natural,individual,0,118,-0.16250000000000003
natural,individual,0,119,-0.37500000000000017
natural,individual,0,120,-0.07317708333333331
natural,individual,0,121,-0.071875
natural,individual,0,122,-0.1500000000000002
natural,individual,0,123,-0.12526041666666674
natural,individual,0,124,-0.1375
natural,individual,0,125,-0.16041666666666676
natural,individual,0,126,-0.24101562500000012
natural,individual,0,127,-0.21250000000000013
natural,individual,1,0,-0.1932942708333334
natural,individual,1,1,-0.2375000000000001
natural,individual,1,2,-0.03750000000000009
natural,individual,1,3,-0.205859375
natural,individual,1,4,-0.0857421875
natural,individual,1,5,-0.30000000000000016
natural,individual,1,6,-0.006250000000000089
natural,individual,1,7,-0.35937500000000017
natural,individual,1,8,-0.16874999999999996
natural,individual,1,9,-0.2750000000000003
natural,individual,1,10,-0.15625000000000017
natural,individual,1,11,-0.06640624999999999
natural,individual,1,12,-0.11250000000000016
natural,individual,1,13,-0.26914062500000036
natural,individual,1,14,-0.24374999999999997
natural,individual,1,15,-0.12486979166666673
natural,individual,1,16,-0.16875000000000023
natural,individual,1,17,-0.025000000000000133
natural,individual,1,18,-0.1383463541666664
natural,individual,1,19,-0.34153645833333346
natural,individual,1,20,-0.2562500000000003
natural,individual,1,21,-0.06250000000000026
natural,individual,1,22,-0.11250000000000021
natural,individual,1,23,-0.03697916666666664
natural,individual,1,24,0.014843749999999989
natural,individual,1,25,-0.10664062500000017
natural,individual,1,26,-0.08124999999999993
natural,individual,1,27,-0.2437500000000002
natural,individual,1,28,-0.006250000000000089
natural,individual,1,29,-0.2437500000000002
natural,individual,1,30,0.02265625000000017
natural,individual,1,31,-0.22135416666666682
natural,individual,1,32,-0.2072916666666667
natural,individual,1,33,-0.27499999999999997
natural,individual,1,34,-0.14850260416666652
natural,individual,1,35,-0.046744791666666646
natural,individual,1,36,-0.21028645833333348
natural,individual,1,37,-0.1312500000000001
natural,individual,1,38,-0.09375000000000022
natural,individual,1,39,-0.10143229166666687
natural,individual,1,40,-0.24908854166666686
natural,individual,1,41,-0.1437500000000002
natural,individual,1,42,-0.22500000000000003
natural,individual,1,43,-0.15494791666666652
natural,individual,1,44,-0.23125000000000012
natural,individual,1,45,-0.17109375000000007
natural,individual,1,46,-0.29375000000000007
natural,individual,1,47,-0.4787109375000002
natural,individual,1,48,-0.13750000000000007
natural,individual,1,49,0.023046875000000064
natural,individual,1,50,-0.06875000000000014
natural,individual,1,51,-0.1151041666666669
natural,individual,1,52,-0.25
natural,individual,1,53,-0.11171875000000016
natural,individual,1,54,-0.06874999999999992
natural,individual,1,55,-0.05208333333333327
natural,individual,1,56,-0.08639322916666668
natural,individual,1,57,-0.275
natural,individual,1,58,-0.26250000000000023
natural,individual,1,59,-0.09999999999999987
natural,individual,1,60,-0.17500000000000016
natural,individual,1,61,-0.18750000000000022
natural,individual,1,62,-0.22500000000000037
natural,individual,1,63,-0.2625000000000003
natural,individual,1,64,-0.07500000000000029
natural,individual,1,65,0.009374999999999994
natural,individual,1,66,-0.4356770833333334
natural,individual,1,67,-0.18945312500000017
natural,individual,1,68,-0.08750000000000019
natural,individual,1,69,-0.006250000000000089
natural,individual,1,70,-0.4384765625000002
natural,individual,1,71,-0.17317708333333337
natural,individual,1,72,-0.0500000000000001
natural,individual,1,73,-0.33749999999999997
natural,individual,1,74,-0.28457031250000026
natural,individual,1,75,-0.24375000000000002
natural,individual,1,76,-0.15000000000000008
natural,individual,1,77,-0.11250000000000004
natural,individual,1,78,-0.06875000000000014
natural,individual,1,79,-0.20625000000000016
natural,individual,1,80,-0.13945312500000012
natural,individual,1,81,-0.06679687500000005
natural,individual,1,82,-0.1713541666666668
natural,individual,1,83,-0.020117187499999988
natural,individual,1,84,-0.08124999999999988
natural,individual,1,85,0.0014322916666665506
natural,individual,1,86,-0.037500000000000144
natural,individual,1,87,-0.3430989583333335
natural,individual,1,88,-0.08463541666666674
natural,individual,1,89,-0.10624999999999996
natural,individual,1,90,-0.08749999999999997
natural,individual,1,91,-0.1361328125000001
natural,individual,1,92,-0.01874999999999999
natural,individual,1,93,-0.039973958333333434
natural,individual,1,94,-0.134765625
natural,individual,1,95,-0.06250000000000006
natural,individual,1,96,-0.23750000000000016
natural,individual,1,97,-0.21093750000000028
natural,individual,1,98,-0.13561197916666679
natural,individual,1,99,-0.2250000000000001
natural,individual,1,100,-0.3687500000000003
natural,individual,1,101,-0.20917968749999993
natural,individual,1,102,-0.1542968750000002
natural,individual,1,103,-0.0832031250000001
natural,individual,1,104,-0.22363281250000028
natural,individual,1,105,-0.21308593750000007
natural,individual,1,106,-0.23124999999999996
natural,individual,1,107,-0.06875000000000014
natural,individual,1,108,-0.17109374999999993
natural,individual,1,109,-0.20468750000000008
natural,individual,1,110,-0.08085937499999973
natural,individual,1,111,-0.10755208333333356
natural,individual,1,112,0.01874999999999999
natural,individual,1,113,-0.04999999999999993
natural,individual,1,114,-0.08124999999999993
natural,individual,1,115,-0.04960937499999999
natural,individual,1,116,-0.3125000000000001
natural,individual,1,117,-0.2875000000000002
natural,individual,1,118,-0.15000000000000008
natural,individual,1,119,-0.38125000000000026
natural,individual,1,120,-0.07500000000000001
natural,individual,1,121,-0.11523437500000011
natural,individual,1,122,-0.2375000000000001
natural,individual,1,123,-0.03749999999999981
natural,individual,1,124,-0.10807291666666684
natural,individual,1,125,-0.22760416666666683
natural,individual,1,126,-0.16621093750000013
natural,individual,1,127,-0.13098958333333338
natural,individual,2,0,-0.2276041666666666
natural,individual,2,1,-0.2625
natural,individual,2,2,-0.2226562499999999
natural,individual,2,3,-0.20045572916666643
natural,individual,2,4,-0.1477864583333331
natural,individual,2,5,-0.2880859374999999
natural,individual,2,6,-0.08124999999999999
natural,individual,2,7,-0.10703125
natural,individual,2,8,-0.28697916666666656
natural,individual,2,9,-0.18749999999999994
natural,individual,2,10,-0.05000000000000021
natural,individual,2,11,-0.13326822916666672
natural,individual,2,12,0.0
natural,individual,2,13,-0.13867187500000006
natural,individual,2,14,-0.2169270833333335
natural,individual,2,15,-0.09140625000000008
natural,individual,2,16,-0.0910156249999998
natural,individual,2,17,0.09999999999999992
natural,individual,2,18,-0.06874999999999987
natural,individual,2,19,-0.30664062499999967
natural,individual,2,20,-0.28749999999999976
natural,individual,2,21,-0.11249999999999993
natural,individual,2,22,-0.10761718749999999
natural,individual,2,23,-0.05709635416666674
natural,individual,2,24,-0.024999999999999856
natural,individual,2,25,-0.062499999999999944
natural,individual,2,26,-0.06699218749999997
natural,individual,2,27,-0.21875000000000028
natural,individual,2,28,-0.062499999999999944
natural,individual,2,29,-0.1414062500000003
natural,individual,2,30,-0.028515625000000114
natural,individual,2,31,-0.11249999999999993
natural,individual,2,32,-0.07617187500000029
natural,individual,2,33,-0.14902343750000008
natural,individual,2,34,-0.11249999999999993
natural,individual,2,35,-0.08124999999999993
natural,individual,2,36,-0.22838541666666662
natural,individual,2,37,-0.07617187499999989
natural,individual,2,38,-0.04999999999999999
natural,individual,2,39,-0.08046875000000016
natural,individual,2,40,-0.23138020833333328
natural,individual,2,41,-0.07760416666666647
natural,individual,2,42,-0.1231119791666668
natural,individual,2,43,-0.09374999999999994
natural,individual,2,44,-0.12500000000000003
natural,individual,2,45,-0.3000000000000001
natural,individual,2,46,-0.3145182291666668
natural,individual,2,47,-0.30885416666666676
natural,individual,2,48,-0.006249999999999867
natural,individual,2,49,-0.01874999999999999
natural,individual,2,50,-0.11875000000000008
natural,individual,2,51,-0.1440104166666666
natural,individual,2,52,-0.22499999999999998
natural,individual,2,53,-0.19082031250000014
natural,individual,2,54,-0.11796874999999986
natural,individual,2,55,-0.10625000000000001
natural,individual,2,56,-0.1437499999999996
natural,individual,2,57,-0.1798828125
natural,individual,2,58,-0.2999999999999998
natural,individual,2,59,-0.03300781250000012
natural,individual,2,60,-0.33125000000000004
natural,individual,2,61,-0.125
natural,individual,2,62,-0.19218749999999968
natural,individual,2,63,-0.20624999999999982
natural,individual,2,64,-0.07500000000000001
natural,individual,2,65,-0.14375000000000016
natural,individual,2,66,-0.2430338541666665
natural,individual,2,67,-0.275
natural,individual,2,68,-0.1312500000000001
natural,individual,2,69,-0.06250000000000029
natural,individual,2,70,-0.29303385416666666
natural,individual,2,71,-0.10989583333333318
natural,individual,2,72,0.002929687499999986
natural,individual,2,73,-0.20742187499999976
natural,individual,2,74,-0.28124999999999994
natural,individual,2,75,-0.015104166666666682
natural,individual,2,76,-0.09999999999999987
natural,individual,2,77,-0.08750000000000002
natural,individual,2,78,-0.05742187499999993
natural,individual,2,79,-0.09374999999999994
natural,individual,2,80,-0.1624999999999998
natural,individual,2,81,-0.12499999999999994
natural,individual,2,82,-0.2398437499999999
natural,individual,2,83,-0.020963541666666592
natural,individual,2,84,0.06874999999999987
natural,individual,2,85,-0.11875000000000008
natural,individual,2,86,-0.18001302083333326
natural,individual,2,87,-0.21250000000000008
natural,individual,2,88,-0.11256510416666671
natural,individual,2,89,-0.09882812499999986
natural,individual,2,90,-0.08268229166666662
natural,individual,2,91,-0.05625000000000008
natural,individual,2,92,-0.06484374999999992
natural,individual,2,93,-0.14921874999999973
natural,individual,2,94,-0.18398437500000014
natural,individual,2,95,0.025000000000000078
natural,individual,2,96,-0.33749999999999997
natural,individual,2,97,-0.23033854166666656
natural,individual,2,98,0.018749999999999933
natural,individual,2,99,-0.21249999999999997
natural,individual,2,100,-0.2785156250000001
natural,individual,2,101,-0.13749999999999973
natural,individual,2,102,-0.08124999999999993
natural,individual,2,103,-0.06874999999999992
natural,individual,2,104,-0.14374999999999988
natural,individual,2,105,-0.15501302083333313
natural,individual,2,106,-0.12682291666666656
natural,individual,2,107,-0.10644531250000012
natural,individual,2,108,-0.08750000000000002
natural,individual,2,109,-0.31347656249999983
natural,individual,2,110,-0.04999999999999993
natural,individual,2,111,-0.15494791666666652
natural,individual,2,112,-0.06250000000000011
natural,individual,2,113,-0.05625000000000013
natural,individual,2,114,-0.1312499999999998
natural,individual,2,115,-0.08124999999999993
natural,individual,2,116,-0.08124999999999993
natural,individual,2,117,-0.18372395833333327
natural,individual,2,118,-0.1812500000000003
natural,individual,2,119,-0.25065104166666685
natural,individual,2,120,-0.012500000000000067
natural,individual,2,121,-0.0753906249999999
natural,individual,2,122,-0.11250000000000016
natural,individual,2,123,-0.06250000000000006
natural,individual,2,124,-0.21523437499999998
natural,individual,2,125,-0.21126302083333331
natural,individual,2,126,-0.2805338541666667
natural,individual,2,127,-0.08170572916666662
richness_matched,individual,0,0,0.01874999999999999
richness_matched,individual,0,1,-0.01874999999999999
richness_matched,individual,0,2,0.10624999999999996
richness_matched,individual,0,3,0.025000000000000015
richness_matched,individual,0,4,0.07473958333333339
richness_matched,individual,0,5,0.10624999999999996
richness_matched,individual,0,6,0.01874999999999999
richness_matched,individual,0,7,-0.09375
richness_matched,individual,0,8,0.006249999999999978
richness_matched,individual,0,9,0.03125
richness_matched,individual,0,10,0.10481770833333329
richness_matched,individual,0,11,0.10742187499999997
richness_matched,individual,0,12,0.031250000000000056
richness_matched,individual,0,13,-0.03958333333333331
richness_matched,individual,0,14,-0.0625
richness_matched,individual,0,15,0.08749999999999997
richness_matched,individual,0,16,0.03125000000000017
richness_matched,individual,0,17,0.18124999999999997
richness_matched,individual,0,18,-0.01874999999999999
richness_matched,individual,0,19,-0.04999999999999999
richness_matched,individual,0,20,0.06874999999999998
richness_matched,individual,0,21,0.025000000000000022
richness_matched,individual,0,22,0.0
richness_matched,individual,0,23,0.08750000000000002
richness_matched,individual,0,24,0.18124999999999997
richness_matched,individual,0,25,0.09375
richness_matched,individual,0,26,0.14335937500000007
richness_matched,individual,0,27,0.0625
richness_matched,individual,0,28,0.08124999999999999
richness_matched,individual,0,29,0.0
richness_matched,individual,0,30,0.08749999999999997
richness_matched,individual,0,31,0.0
richness_matched,individual,0,32,0.13124999999999998
richness_matched,individual,0,33,-0.03749999999999998
richness_matched,individual,0,34,0.01874999999999999
richness_matched,individual,0,35,0.08476562499999998
richness_matched,individual,0,36,0.12500000000000006
richness_matched,individual,0,37,0.0
richness_matched,individual,0,38,0.018750000000000044
richness_matched,individual,0,39,0.01874999999999999
richness_matched,individual,0,40,0.03125
richness_matched,individual,0,41,0.10000000000000014
richness_matched,individual,0,42,-0.02499999999999991
richness_matched,individual,0,43,-0.06874999999999998
richness_matched,individual,0,44,-0.10625000000000001
richness_matched,individual,0,45,-0.10624999999999996
richness_matched,individual,0,46,0.062499999999999944
richness_matched,individual,0,47,-0.03125
richness_matched,individual,0,48,0.04375000000000001
richness_matched,individual,0,49,0.18125000000000008
richness_matched,individual,0,50,0.016276041666666664
richness_matched,individual,0,51,0.012500000000000011
richness_matched,individual,0,52,0.006249999999999922
richness_matched,individual,0,53,0.01874999999999999
richness_matched,individual,0,54,0.15625000000000006
richness_matched,individual,0,55,0.05625000000000002
richness_matched,individual,0,56,0.05624999999999997
richness_matched,individual,0,57,-0.05624999999999997
richness_matched,individual,0,58,-0.006249999999999978
richness_matched,individual,0,59,0.16250000000000014
richness_matched,individual,0,60,0.07500000000000007
richness_matched,individual,0,61,0.027343749999999965
richness_matched,individual,0,62,0.01874999999999999
richness_matched,individual,0,63,0.006249999999999978
richness_matched,individual,0,64,0.13750000000000007
richness_matched,individual,0,65,0.08124999999999999
richness_matched,individual,0,66,-0.012500000000000011
richness_matched,individual,0,67,-0.04999999999999999
richness_matched,individual,0,68,0.14999999999999997
richness_matched,individual,0,69,0.06875000000000003
richness_matched,individual,0,70,0.03749999999999998
richness_matched,individual,0,71,0.03749999999999992
richness_matched,individual,0,72,0.0
richness_matched,individual,0,73,0.012500000000000011
richness_matched,individual,0,74,-0.13125000000000003
richness_matched,individual,0,75,0.03125
richness_matched,individual,0,76,0.01874999999999999
richness_matched,individual,0,77,0.04999999999999999
richness_matched,individual,0,78,0.10624999999999996
richness_matched,individual,0,79,0.025000000000000022
richness_matched,individual,0,80,0.09999999999999998
richness_matched,individual,0,81,-0.024999999999999856
richness_matched,individual,0,82,0.03749999999999998
richness_matched,individual,0,83,-0.012500000000000011
richness_matched,individual,0,84,0.025000000000000078
richness_matched,individual,0,85,-0.012500000000000011
richness_matched,individual,0,86,0.04999999999999999
richness_matched,individual,0,87,0.025390625
richness_matched,individual,0,88,0.18749999999999994
richness_matched,individual,0,89,-0.0027343749999999972
richness_matched,individual,0,90,0.08124999999999993
richness_matched,individual,0,91,0.10625000000000001
richness_matched,individual,0,92,0.13125000000000003
richness_matched,individual,0,93,0.02500000000000019
richness_matched,individual,0,94,0.10625000000000012
richness_matched,individual,0,95,0.0
richness_matched,individual,0,96,0.03125
richness_matched,individual,0,97,0.03125
richness_matched,individual,0,98,0.10000000000000014
richness_matched,individual,0,99,-0.16875000000000012
richness_matched,individual,0,100,0.012500000000000011
richness_matched,individual,0,101,0.07500000000000007
richness_matched,individual,0,102,0.0
richness_matched,individual,0,103,0.09374999999999994
richness_matched,individual,0,104,-0.006249999999999978
richness_matched,individual,0,105,0.04375000000000001
richness_matched,individual,0,106,-0.024999999999999967
richness_matched,individual,0,107,0.1125000000000001
richness_matched,individual,0,108,0.03125
richness_matched,individual,0,109,0.05624999999999997
richness_matched,individual,0,110,0.006249999999999978
richness_matched,individual,0,111,0.03749999999999998
richness_matched,individual,0,112,0.024999999999999967
richness_matched,individual,0,113,-0.08124999999999999
richness_matched,individual,0,114,0.012500000000000067
richness_matched,individual,0,115,0.04999999999999999
richness_matched,individual,0,116,0.05468750000000006
richness_matched,individual,0,117,-0.03125
richness_matched,individual,0,118,-0.03749999999999998
richness_matched,individual,0,119,0.06901041666666667
richness_matched,individual,0,120,0.0
richness_matched,individual,0,121,0.09375000000000006
richness_matched,individual,0,122,0.07500000000000001
richness_matched,individual,0,123,0.0
richness_matched,individual,0,124,0.12011718750000022
richness_matched,individual,0,125,-0.031249999999999944
richness_matched,individual,0,126,0.0625
richness_matched,individual,0,127,-0.07500000000000007
richness_matched,individual,1,0,-0.09375000000000006
richness_matched,individual,1,1,0.04999999999999999
richness_matched,individual,1,2,0.05625000000000013
richness_matched,individual,1,3,0.08125000000000016
richness_matched,individual,1,4,0.16875
richness_matched,individual,1,5,-0.006249999999999922
richness_matched,individual,1,6,0.08124999999999999
richness_matched,individual,1,7,-0.08749999999999997
richness_matched,individual,1,8,0.13125000000000014
richness_matched,individual,1,9,-0.0625
richness_matched,individual,1,10,0.07499999999999996
richness_matched,individual,1,11,0.1523437500000001
richness_matched,individual,1,12,0.022656250000000003
richness_matched,individual,1,13,-0.05625000000000008
richness_matched,individual,1,14,0.03749999999999998
richness_matched,individual,1,15,0.06250000000000006
richness_matched,individual,1,16,0.01874999999999999
richness_matched,individual,1,17,0.05625000000000008
richness_matched,individual,1,18,0.12500000000000017
richness_matched,individual,1,19,-0.10625000000000007
richness_matched,individual,1,20,-0.08750000000000002
richness_matched,individual,1,21,0.1625000000000001
richness_matched,individual,1,22,0.09375
richness_matched,individual,1,23,0.10260416666666677
richness_matched,individual,1,24,0.21875
richness_matched,individual,1,25,-0.07500000000000007
richness_matched,individual,1,26,0.18750000000000022
richness_matched,individual,1,27,-0.03125
richness_matched,individual,1,28,0.06250000000000006
richness_matched,individual,1,29,-0.07500000000000007
richness_matched,individual,1,30,0.06250000000000017
richness_matched,individual,1,31,0.01874999999999999
richness_matched,individual,1,32,-0.050000000000000044
richness_matched,individual,1,33,0.08750000000000013
richness_matched,individual,1,34,0.09375000000000017
richness_matched,individual,1,35,0.2312500000000003
richness_matched,individual,1,36,-0.04375000000000023
richness_matched,individual,1,37,0.04999999999999993
richness_matched,individual,1,38,0.04375000000000001
richness_matched,individual,1,39,0.012499999999999845
richness_matched,individual,1,40,0.006249999999999922
richness_matched,individual,1,41,0.07500000000000007
richness_matched,individual,1,42,0.02499999999999991
richness_matched,individual,1,43,0.018750000000000155
richness_matched,individual,1,44,-0.02500000000000019
richness_matched,individual,1,45,0.0
richness_matched,individual,1,46,0.012500000000000067
richness_matched,individual,1,47,-0.08124999999999999
richness_matched,individual,1,48,0.04375000000000007
richness_matched,individual,1,49,0.12500000000000017
richness_matched,individual,1,50,0.09375000000000006
richness_matched,individual,1,51,0.11484375000000004
richness_matched,individual,1,52,-0.012500000000000067
richness_matched,individual,1,53,0.040364583333333384
richness_matched,individual,1,54,0.037500000000000144
richness_matched,individual,1,55,0.04375000000000012
richness_matched,individual,1,56,0.08125000000000016
richness_matched,individual,1,57,0.012499999999999956
richness_matched,individual,1,58,-0.031250000000000056
richness_matched,individual,1,59,0.09375000000000028
richness_matched,individual,1,60,0.01874999999999999
richness_matched,individual,1,61,-0.018750000000000044
richness_matched,individual,1,62,-0.018749999999999933
richness_matched,individual,1,63,-0.10000000000000014
richness_matched,individual,1,64,0.10625000000000001
richness_matched,individual,1,65,0.05312500000000006
richness_matched,individual,1,66,-0.08124999999999999
richness_matched,individual,1,67,0.06874999999999998
richness_matched,individual,1,68,0.04375000000000001
richness_matched,individual,1,69,0.09375000000000006
richness_matched,individual,1,70,-0.16875000000000007
richness_matched,individual,1,71,0.13489583333333327
richness_matched,individual,1,72,0.009375000000000022
richness_matched,individual,1,73,-0.025000000000000078
richness_matched,individual,1,74,-0.05625000000000008
richness_matched,individual,1,75,0.05625000000000008
richness_matched,individual,1,76,0.03125
richness_matched,individual,1,77,-0.012499999999999845
richness_matched,individual,1,78,0.08750000000000002
richness_matched,individual,1,79,-0.07291666666666673
richness_matched,individual,1,80,0.16875000000000007
richness_matched,individual,1,81,0.275
richness_matched,individual,1,82,0.10624999999999996
richness_matched,individual,1,83,0.08124999999999999
richness_matched,individual,1,84,0.11875000000000008
richness_matched,individual,1,85,-0.0375000000000002
richness_matched,individual,1,86,0.09375
richness_matched,individual,1,87,-0.04999999999999999
richness_matched,individual,1,88,0.08124999999999999
richness_matched,individual,1,89,-0.006249999999999978
richness_matched,individual,1,90,0.05625000000000008
richness_matched,individual,1,91,0.03749999999999998
richness_matched,individual,1,92,0.2375000000000002
richness_matched,individual,1,93,0.0
richness_matched,individual,1,94,0.10625000000000007
richness_matched,individual,1,95,-0.04375000000000007
richness_matched,individual,1,96,0.0
richness_matched,individual,1,97,-0.025000000000000078
richness_matched,individual,1,98,0.02499999999999991
richness_matched,individual,1,99,-0.03749999999999992
richness_matched,individual,1,100,-0.012500000000000011
richness_matched,individual,1,101,0.07500000000000023
richness_matched,individual,1,102,-5.551115123125783e-17
richness_matched,individual,1,103,0.04804687500000005
richness_matched,individual,1,104,-0.012500000000000011
richness_matched,individual,1,105,0.11875000000000008
richness_matched,individual,1,106,0.06250000000000017
richness_matched,individual,1,107,0.0625
richness_matched,individual,1,108,0.18750000000000022
richness_matched,individual,1,109,0.06119791666666673
richness_matched,individual,1,110,0.17500000000000043
richness_matched,individual,1,111,0.006249999999999978
richness_matched,individual,1,112,0.15000000000000008
richness_matched,individual,1,113,0.06966145833333333
richness_matched,individual,1,114,0.1375
richness_matched,individual,1,115,-0.006249999999999922
richness_matched,individual,1,116,-0.09375000000000006
richness_matched,individual,1,117,0.07500000000000001
richness_matched,individual,1,118,0.09375
richness_matched,individual,1,119,0.0
richness_matched,individual,1,120,-0.012500000000000011
richness_matched,individual,1,121,-0.012500000000000067
richness_matched,individual,1,122,0.018750000000000044
richness_matched,individual,1,123,-0.06874999999999987
richness_matched,individual,1,124,0.10625000000000007
richness_matched,individual,1,125,-0.11848958333333347
richness_matched,individual,1,126,0.1562500000000001
richness_matched,individual,1,127,0.08750000000000024
richness_matched,individual,2,0,-0.09375000000000022
richness_matched,individual,2,1,-0.07500000000000001
richness_matched,individual,2,2,0.012500000000000122
richness_matched,individual,2,3,5.551115123125783e-17
richness_matched,individual,2,4,0.12500000000000017
richness_matched,individual,2,5,0.018750000000000155
richness_matched,individual,2,6,-0.04375000000000007
richness_matched,individual,2,7,0.050000000000000155
richness_matched,individual,2,8,0.0625
richness_matched,individual,2,9,0.05625000000000002
richness_matched,individual,2,10,0.006249999999999867
richness_matched,individual,2,11,0.15000000000000002
richness_matched,individual,2,12,0.050000000000000266
richness_matched,individual,2,13,0.01744791666666673
richness_matched,individual,2,14,0.11249999999999993
richness_matched,individual,2,15,0.06875000000000014
richness_matched,individual,2,16,0.05000000000000021
richness_matched,individual,2,17,0.15624999999999994
richness_matched,individual,2,18,0.13125000000000014
richness_matched,individual,2,19,0.10625000000000034
richness_matched,individual,2,20,0.025000000000000078
richness_matched,individual,2,21,0.0
richness_matched,individual,2,22,-0.006249999999999867
richness_matched,individual,2,23,0.07500000000000001
richness_matched,individual,2,24,0.0875000000000003
richness_matched,individual,2,25,1.1102230246251565e-16
richness_matched,individual,2,26,0.06523437499999989
richness_matched,individual,2,27,-0.012500000000000067
richness_matched,individual,2,28,0.025000000000000078
richness_matched,individual,2,29,-0.006249999999999922
richness_matched,individual,2,30,0.08124999999999999
richness_matched,individual,2,31,0.0
richness_matched,individual,2,32,0.08749999999999974
richness_matched,individual,2,33,0.062499999999999944
richness_matched,individual,2,34,0.07499999999999996
richness_matched,individual,2,35,0.18750000000000017
richness_matched,individual,2,36,-0.04088541666666662
richness_matched,individual,2,37,0.07500000000000007
richness_matched,individual,2,38,-0.0375000000000002
richness_matched,individual,2,39,-0.012499999999999956
richness_matched,individual,2,40,-0.018749999999999878
richness_matched,individual,2,41,0.13125000000000014
richness_matched,individual,2,42,0.05625000000000002
richness_matched,individual,2,43,0.01874999999999999
richness_matched,individual,2,44,0.03125
richness_matched,individual,2,45,-0.16250000000000014
richness_matched,individual,2,46,-0.06250000000000006
richness_matched,individual,2,47,0.031249999999999944
richness_matched,individual,2,48,0.08125000000000021
richness_matched,individual,2,49,0.04999999999999993
richness_matched,individual,2,50,0.051822916666666746
richness_matched,individual,2,51,0.012239583333333387
richness_matched,individual,2,52,0.04999999999999993
richness_matched,individual,2,53,5.551115123125783e-17
richness_matched,individual,2,54,0.06875000000000009
richness_matched,individual,2,55,-0.006250000000000144
richness_matched,individual,2,56,0.10625000000000007
richness_matched,individual,2,57,-0.012500000000000067
richness_matched,individual,2,58,-0.050000000000000155
richness_matched,individual,2,59,0.0562499999999998
richness_matched,individual,2,60,-0.050000000000000155
richness_matched,individual,2,61,-0.07500000000000007
richness_matched,individual,2,62,-0.010677083333333393
richness_matched,individual,2,63,0.0
richness_matched,individual,2,64,0.031250000000000056
richness_matched,individual,2,65,-0.08750000000000008
richness_matched,individual,2,66,0.012500000000000067
richness_matched,individual,2,67,-0.07500000000000001
richness_matched,individual,2,68,-0.04375000000000007
richness_matched,individual,2,69,-0.09375000000000022
richness_matched,individual,2,70,-0.04375000000000001
richness_matched,individual,2,71,0.03749999999999987
richness_matched,individual,2,72,-0.006250000000000089
richness_matched,individual,2,73,0.006250000000000255
richness_matched,individual,2,74,-0.06875000000000014
richness_matched,individual,2,75,0.11875000000000002
richness_matched,individual,2,76,0.025000000000000078
richness_matched,individual,2,77,-0.13750000000000018
richness_matched,individual,2,78,0.15624999999999994
richness_matched,individual,2,79,-0.012500000000000067
richness_matched,individual,2,80,0.14375000000000016
richness_matched,individual,2,81,0.06250000000000006
richness_matched,individual,2,82,-0.04375000000000001
richness_matched,individual,2,83,0.02500000000000019
richness_matched,individual,2,84,0.09374999999999994
richness_matched,individual,2,85,0.012500000000000122
richness_matched,individual,2,86,0.05625000000000002
richness_matched,individual,2,87,-0.012500000000000067
richness_matched,individual,2,88,-0.05625000000000013
richness_matched,individual,2,89,0.03125000000000028
richness_matched,individual,2,90,0.01874999999999999
richness_matched,individual,2,91,0.07500000000000007
richness_matched,individual,2,92,0.062499999999999944
richness_matched,individual,2,93,0.0
richness_matched,individual,2,94,-0.03749999999999992
richness_matched,individual,2,95,-0.006249999999999922
richness_matched,individual,2,96,-0.07499999999999996
richness_matched,individual,2,97,-0.0124999999999999
richness_matched,individual,2,98,0.012499999999999789
richness_matched,individual,2,99,-0.012500000000000067
richness_matched,individual,2,100,-0.03749999999999992
richness_matched,individual,2,101,0.012500000000000067
richness_matched,individual,2,102,0.04999999999999993
richness_matched,individual,2,103,0.09374999999999994
richness_matched,individual,2,104,0.05625000000000008
richness_matched,individual,2,105,0.06875000000000026
richness_matched,individual,2,106,-0.04375000000000007
richness_matched,individual,2,107,0.07500000000000001
richness_matched,individual,2,108,0.12500000000000017
richness_matched,individual,2,109,-0.062499999999999944
richness_matched,individual,2,110,0.04999999999999993
richness_matched,individual,2,111,0.06875000000000003
richness_matched,individual,2,112,0.13489583333333321
richness_matched,individual,2,113,0.04375000000000001
richness_matched,individual,2,114,0.02500000000000019
richness_matched,individual,2,115,0.03125
richness_matched,individual,2,116,0.06874999999999987
richness_matched,individual,2,117,0.03749999999999992
richness_matched,individual,2,118,-0.06875000000000009
richness_matched,individual,2,119,-0.012500000000000011
richness_matched,individual,2,120,0.09374999999999994
richness_matched,individual,2,121,0.17500000000000016
richness_matched,individual,2,122,0.03749999999999992
richness_matched,individual,2,123,-0.10625000000000001
richness_matched,individual,2,124,-0.018749999999999933
richness_matched,individual,2,125,-0.03125000000000022
richness_matched,individual,2,126,-5.551115123125783e-17
richness_matched,individual,2,127,0.05625000000000002
visitor_pool,individual,0,0,-0.26875000000000004
visitor_pool,individual,0,1,-0.09999999999999998
visitor_pool,individual,0,2,-0.23925781250000003
visitor_pool,individual,0,3,-0.07500000000000007
visitor_pool,individual,0,4,-0.2250000000000001
visitor_pool,individual,0,5,-0.2260416666666668
visitor_pool,individual,0,6,-0.10625000000000007
visitor_pool,individual,0,7,-0.2875000000000002
visitor_pool,individual,0,8,-0.15696614583333346
visitor_pool,individual,0,9,-0.2826822916666666
visitor_pool,individual,0,10,-0.11874999999999997
visitor_pool,individual,0,11,-0.216015625
visitor_pool,individual,0,12,-0.15000000000000002
visitor_pool,individual,0,13,-0.16875000000000007
visitor_pool,individual,0,14,-0.10625000000000007
visitor_pool,individual,0,15,-0.2281250000000002
visitor_pool,individual,0,16,-0.17838541666666674
visitor_pool,individual,0,17,-0.19791666666666674
visitor_pool,individual,0,18,-0.20598958333333348
visitor_pool,individual,0,19,-0.28750000000000026
visitor_pool,individual,0,20,-0.26145833333333346
visitor_pool,individual,0,21,-0.14375000000000004
visitor_pool,individual,0,22,-0.28476562500000013
visitor_pool,individual,0,23,-0.15345052083333346
visitor_pool,individual,0,24,-0.1750000000000001
visitor_pool,individual,0,25,-0.15917968750000006
visitor_pool,individual,0,26,-0.09427083333333344
visitor_pool,individual,0,27,-0.30390625000000016
visitor_pool,individual,0,28,-0.25625000000000003
visitor_pool,individual,0,29,-0.2687500000000001
visitor_pool,individual,0,30,-0.2437500000000002
visitor_pool,individual,0,31,-0.14583333333333343
visitor_pool,individual,0,32,-0.2750000000000002
visitor_pool,individual,0,33,-0.14466145833333338
visitor_pool,individual,0,34,-0.24375000000000013
visitor_pool,individual,0,35,-0.21250000000000036
visitor_pool,individual,0,36,-0.12500000000000017
visitor_pool,individual,0,37,-0.10000000000000003
visitor_pool,individual,0,38,-0.2
visitor_pool,individual,0,39,-0.26197916666666676
visitor_pool,individual,0,40,-0.08750000000000008
visitor_pool,individual,0,41,-0.20000000000000012
visitor_pool,individual,0,42,-0.10000000000000026
visitor_pool,individual,0,43,-0.15625000000000006
visitor_pool,individual,0,44,-0.23750000000000016
visitor_pool,individual,0,45,-0.27421875000000007
visitor_pool,individual,0,46,-0.20638020833333348
visitor_pool,individual,0,47,-0.10624999999999996
visitor_pool,individual,0,48,-0.2877604166666667
visitor_pool,individual,0,49,-0.3
visitor_pool,individual,0,50,-0.15625000000000006
visitor_pool,individual,0,51,-0.2187500000000001
visitor_pool,individual,0,52,-0.12486979166666684
visitor_pool,individual,0,53,-0.13750000000000023
visitor_pool,individual,0,54,-0.20000000000000012
visitor_pool,individual,0,55,-0.1937500000000002
visitor_pool,individual,0,56,-0.1367187500000001
visitor_pool,individual,0,57,-0.3240885416666668
visitor_pool,individual,0,58,-0.1750000000000001
visitor_pool,individual,0,59,-0.18750000000000017
visitor_pool,individual,0,60,-0.14570312500000004
visitor_pool,individual,0,61,-0.27500000000000013
visitor_pool,individual,0,62,-0.1656250000000002
visitor_pool,individual,0,63,-0.09375000000000006
visitor_pool,individual,0,64,-0.19622395833333336
visitor_pool,individual,0,65,-0.0970052083333334
visitor_pool,individual,0,66,-0.24375000000000013
visitor_pool,individual,0,67,-0.28085937500000013
visitor_pool,individual,0,68,-0.1981770833333334
visitor_pool,individual,0,69,-0.17500000000000013
visitor_pool,individual,0,70,-0.13958333333333345
visitor_pool,individual,0,71,-0.2500000000000001
visitor_pool,individual,0,72,-0.2937500000000001
visitor_pool,individual,0,73,-0.25260416666666696
visitor_pool,individual,0,74,-0.13750000000000007
visitor_pool,individual,0,75,-0.30651041666666684
visitor_pool,individual,0,76,-0.2062500000000002
visitor_pool,individual,0,77,-0.22500000000000014
visitor_pool,individual,0,78,-0.15429687500000017
visitor_pool,individual,0,79,-0.16875000000000012
visitor_pool,individual,0,80,-0.25000000000000006
visitor_pool,individual,0,81,-0.29375000000000007
visitor_pool,individual,0,82,-0.3062500000000002
visitor_pool,individual,0,83,-0.20625
visitor_pool,individual,0,84,-0.28125000000000006
visitor_pool,individual,0,85,-0.16249999999999998
visitor_pool,individual,0,86,-0.15625000000000006
visitor_pool,individual,0,87,-0.2500000000000002
visitor_pool,individual,0,88,-0.2375000000000001
visitor_pool,individual,0,89,-0.19375000000000014
visitor_pool,individual,0,90,-0.1116536458333334
visitor_pool,individual,0,91,-0.20000000000000023
visitor_pool,individual,0,92,-0.16953124999999997
visitor_pool,individual,0,93,-0.1363281250000002
visitor_pool,individual,0,94,-0.2812500000000003
visitor_pool,individual,0,95,-0.2625000000000003
visitor_pool,individual,0,96,-0.28750000000000014
visitor_pool,individual,0,97,-0.22773437500000004
visitor_pool,individual,0,98,-0.19375000000000014
visitor_pool,individual,0,99,-0.09375
visitor_pool,individual,0,100,-0.2377604166666667
visitor_pool,individual,0,101,-0.1625000000000001
visitor_pool,individual,0,102,-0.14557291666666672
visitor_pool,individual,0,103,-0.21250000000000008
visitor_pool,individual,0,104,-0.20195312500000004
visitor_pool,individual,0,105,-0.24609375000000017
visitor_pool,individual,0,106,-0.19322916666666687
visitor_pool,individual,0,107,-0.16875000000000012
visitor_pool,individual,0,108,-0.3125000000000002
visitor_pool,individual,0,109,-0.09375
visitor_pool,individual,0,110,-0.22499999999999998
visitor_pool,individual,0,111,-0.16276041666666674
visitor_pool,individual,0,112,-0.1750000000000001
visitor_pool,individual,0,113,-0.12636718750000014
visitor_pool,individual,0,114,-0.17441406250000002
visitor_pool,individual,0,115,-0.24375000000000008
visitor_pool,individual,0,116,-0.24882812500000007
visitor_pool,individual,0,117,-0.24192708333333346
visitor_pool,individual,0,118,-0.15755208333333345
visitor_pool,individual,0,119,-0.1562500000000001
visitor_pool,individual,0,120,-0.13750000000000007
visitor_pool,individual,0,121,-0.295963541666667
visitor_pool,individual,0,122,-0.21666666666666684
visitor_pool,individual,0,123,-0.2437500000000002
visitor_pool,individual,0,124,-0.2500000000000002
visitor_pool,individual,0,125,-0.22500000000000014
visitor_pool,individual,0,126,-0.23750000000000004
visitor_pool,individual,0,127,-0.18125000000000013
visitor_pool,individual,1,0,-0.3108072916666669
visitor_pool,individual,1,1,-0.1750000000000002
visitor_pool,individual,1,2,-0.39635416666666673
visitor_pool,individual,1,3,-0.20807291666666689
visitor_pool,individual,1,4,-0.3621093750000002
visitor_pool,individual,1,5,-0.23378906250000026
visitor_pool,individual,1,6,-0.23932291666666683
visitor_pool,individual,1,7,-0.33203125000000006
visitor_pool,individual,1,8,-0.16875000000000023
visitor_pool,individual,1,9,-0.23268229166666696
visitor_pool,individual,1,10,-0.31875000000000026
visitor_pool,individual,1,11,-0.3480468750000001
visitor_pool,individual,1,12,-0.2812500000000002
visitor_pool,individual,1,13,-0.35000000000000026
visitor_pool,individual,1,14,-0.2500000000000001
visitor_pool,individual,1,15,-0.31249999999999994
visitor_pool,individual,1,16,-0.3687500000000001
visitor_pool,individual,1,17,-0.2562500000000003
visitor_pool,individual,1,18,-0.2437500000000003
visitor_pool,individual,1,19,-0.28750000000000037
visitor_pool,individual,1,20,-0.23125
visitor_pool,individual,1,21,-0.10644531249999994
visitor_pool,individual,1,22,-0.3845703125
visitor_pool,individual,1,23,-0.21744791666666663
visitor_pool,individual,1,24,-0.1500000000000003
visitor_pool,individual,1,25,-0.1937500000000003
visitor_pool,individual,1,26,-0.16875000000000007
visitor_pool,individual,1,27,-0.26803385416666686
visitor_pool,individual,1,28,-0.3274739583333335
visitor_pool,individual,1,29,-0.33658854166666674
visitor_pool,individual,1,30,-0.24375000000000024
visitor_pool,individual,1,31,-0.2343750000000001
visitor_pool,individual,1,32,-0.2937500000000002
visitor_pool,individual,1,33,-0.20351562500000042
visitor_pool,individual,1,34,-0.1962890625000001
visitor_pool,individual,1,35,-0.19980468750000008
visitor_pool,individual,1,36,-0.2227864583333335
visitor_pool,individual,1,37,-0.16875
visitor_pool,individual,1,38,-0.28750000000000014
visitor_pool,individual,1,39,-0.2042968750000001
visitor_pool,individual,1,40,-0.3014973958333336
visitor_pool,individual,1,41,-0.2609375000000002
visitor_pool,individual,1,42,-0.16367187500000024
visitor_pool,individual,1,43,-0.22500000000000026
visitor_pool,individual,1,44,-0.37324218750000027
visitor_pool,individual,1,45,-0.2751953125000002
visitor_pool,individual,1,46,-0.3725911458333335
visitor_pool,individual,1,47,-0.28671875000000013
visitor_pool,individual,1,48,-0.21503906250000016
visitor_pool,individual,1,49,-0.1720703125000001
visitor_pool,individual,1,50,-0.24973958333333354
visitor_pool,individual,1,51,-0.21582031250000022
visitor_pool,individual,1,52,-0.13750000000000007
visitor_pool,individual,1,53,-0.22773437500000027
visitor_pool,individual,1,54,-0.2505859375000003
visitor_pool,individual,1,55,-0.1812500000000002
visitor_pool,individual,1,56,-0.2935546875000003
visitor_pool,individual,1,57,-0.25299479166666694
visitor_pool,individual,1,58,-0.3066406250000001
visitor_pool,individual,1,59,-0.21874999999999994
visitor_pool,individual,1,60,-0.21842447916666682
visitor_pool,individual,1,61,-0.39375000000000016
visitor_pool,individual,1,62,-0.18125000000000002
visitor_pool,individual,1,63,-0.2057291666666668
visitor_pool,individual,1,64,-0.3218750000000002
visitor_pool,individual,1,65,-0.15950520833333348
visitor_pool,individual,1,66,-0.28457031250000003
visitor_pool,individual,1,67,-0.21875000000000028
visitor_pool,individual,1,68,-0.23125000000000023
visitor_pool,individual,1,69,-0.23203125000000013
visitor_pool,individual,1,70,-0.17929687500000013
visitor_pool,individual,1,71,-0.26250000000000023
visitor_pool,individual,1,72,-0.35520833333333335
visitor_pool,individual,1,73,-0.1699869791666667
visitor_pool,individual,1,74,-0.2988281250000002
visitor_pool,individual,1,75,-0.31230468750000023
visitor_pool,individual,1,76,-0.2750000000000003
visitor_pool,individual,1,77,-0.11855468750000009
visitor_pool,individual,1,78,-0.20000000000000012
visitor_pool,individual,1,79,-0.18919270833333346
visitor_pool,individual,1,80,-0.26875000000000004
visitor_pool,individual,1,81,-0.28125000000000017
visitor_pool,individual,1,82,-0.23125000000000023
visitor_pool,individual,1,83,-0.38196614583333355
visitor_pool,individual,1,84,-0.27109375000000013
visitor_pool,individual,1,85,-0.3404296875000001
visitor_pool,individual,1,86,-0.24628906250000004
visitor_pool,individual,1,87,-0.24375000000000008
visitor_pool,individual,1,88,-0.2076171875
visitor_pool,individual,1,89,-0.27109375000000013
visitor_pool,individual,1,90,-0.2305989583333335
visitor_pool,individual,1,91,-0.23125000000000018
visitor_pool,individual,1,92,-0.2093750000000001
visitor_pool,individual,1,93,-0.08027343750000011
visitor_pool,individual,1,94,-0.2250000000000001
visitor_pool,individual,1,95,-0.17500000000000016
visitor_pool,individual,1,96,-0.3452473958333336
visitor_pool,individual,1,97,-0.24388020833333351
visitor_pool,individual,1,98,-0.22734375000000012
visitor_pool,individual,1,99,-0.2812499999999999
visitor_pool,individual,1,100,-0.23085937500000014
visitor_pool,individual,1,101,-0.16393229166666662
visitor_pool,individual,1,102,-0.2499999999999999
visitor_pool,individual,1,103,-0.25156250000000024
visitor_pool,individual,1,104,-0.25292968750000017
visitor_pool,individual,1,105,-0.2389973958333334
visitor_pool,individual,1,106,-0.15625000000000022
visitor_pool,individual,1,107,-0.32994791666666695
visitor_pool,individual,1,108,-0.22786458333333354
visitor_pool,individual,1,109,-0.18125000000000036
visitor_pool,individual,1,110,-0.19576822916666664
visitor_pool,individual,1,111,-0.27226562500000007
visitor_pool,individual,1,112,-0.28320312500000017
visitor_pool,individual,1,113,-0.2437500000000003
visitor_pool,individual,1,114,-0.26953125000000006
visitor_pool,individual,1,115,-0.27174479166666693
visitor_pool,individual,1,116,-0.18541666666666667
visitor_pool,individual,1,117,-0.33932291666666664
visitor_pool,individual,1,118,-0.3252604166666668
visitor_pool,individual,1,119,-0.15169270833333345
visitor_pool,individual,1,120,-0.1730468750000001
visitor_pool,individual,1,121,-0.21204427083333333
visitor_pool,individual,1,122,-0.22018229166666675
visitor_pool,individual,1,123,-0.28125000000000006
visitor_pool,individual,1,124,-0.25013020833333366
visitor_pool,individual,1,125,-0.3182291666666667
visitor_pool,individual,1,126,-0.26302083333333337
visitor_pool,individual,1,127,-0.21835937500000002
visitor_pool,individual,2,0,-0.23124999999999996
visitor_pool,individual,2,1,-0.2891927083333333
visitor_pool,individual,2,2,-0.22955729166666655
visitor_pool,individual,2,3,-0.2001302083333332
visitor_pool,individual,2,4,-0.21875
visitor_pool,individual,2,5,-0.3437499999999999
visitor_pool,individual,2,6,-0.25032552083333326
visitor_pool,individual,2,7,-0.12499999999999994
visitor_pool,individual,2,8,-0.3499999999999998
visitor_pool,individual,2,9,-0.2724609374999999
visitor_pool,individual,2,10,-0.1375
visitor_pool,individual,2,11,-0.2476562499999999
visitor_pool,individual,2,12,-0.3171874999999999
visitor_pool,individual,2,13,-0.23489583333333325
visitor_pool,individual,2,14,-0.2710286458333331
visitor_pool,individual,2,15,-0.13007812499999985
visitor_pool,individual,2,16,-0.2559244791666666
visitor_pool,individual,2,17,-0.2663411458333331
visitor_pool,individual,2,18,-0.17499999999999988
visitor_pool,individual,2,19,-0.25364583333333346
visitor_pool,individual,2,20,-0.12968749999999968
visitor_pool,individual,2,21,-0.25546875000000013
visitor_pool,individual,2,22,-0.21874999999999994
visitor_pool,individual,2,23,-0.1313802083333332
visitor_pool,individual,2,24,-0.3287109375
visitor_pool,individual,2,25,-0.06549479166666662
visitor_pool,individual,2,26,-0.14960937499999988
visitor_pool,individual,2,27,-0.1941406249999998
visitor_pool,individual,2,28,-0.3375
visitor_pool,individual,2,29,-0.24999999999999994
visitor_pool,individual,2,30,-0.23958333333333326
visitor_pool,individual,2,31,-0.17304687499999982
visitor_pool,individual,2,32,-0.2482421875
visitor_pool,individual,2,33,-0.1608723958333334
visitor_pool,individual,2,34,-0.22083333333333321
visitor_pool,individual,2,35,-0.32499999999999996
visitor_pool,individual,2,36,-0.2292317708333333
visitor_pool,individual,2,37,-0.10859375000000018
visitor_pool,individual,2,38,-0.22063802083333334
visitor_pool,individual,2,39,-0.2578124999999999
visitor_pool,individual,2,40,-0.27500000000000013
visitor_pool,individual,2,41,-0.3062499999999999
visitor_pool,individual,2,42,-0.17467447916666656
visitor_pool,individual,2,43,-0.2499999999999999
visitor_pool,individual,2,44,-0.23033854166666679
visitor_pool,individual,2,45,-0.2798177083333334
visitor_pool,individual,2,46,-0.14498697916666664
visitor_pool,individual,2,47,-0.2657552083333333
visitor_pool,individual,2,48,-0.11875000000000002
visitor_pool,individual,2,49,-0.21250000000000008
visitor_pool,individual,2,50,-0.1625000000000001
visitor_pool,individual,2,51,-0.2932291666666667
visitor_pool,individual,2,52,-0.2818359374999999
visitor_pool,individual,2,53,-0.2285807291666666
visitor_pool,individual,2,54,-0.1875
visitor_pool,individual,2,55,-0.2416666666666667
visitor_pool,individual,2,56,-0.23391927083333314
visitor_pool,individual,2,57,-0.2187499999999999
visitor_pool,individual,2,58,-0.41308593750000006
visitor_pool,individual,2,59,-0.15449218750000018
visitor_pool,individual,2,60,-0.22356770833333323
visitor_pool,individual,2,61,-0.1994791666666667
visitor_pool,individual,2,62,-0.2496744791666668
visitor_pool,individual,2,63,-0.2249999999999998
visitor_pool,individual,2,64,-0.3656249999999998
visitor_pool,individual,2,65,-0.1395182291666669
visitor_pool,individual,2,66,-0.23600260416666657
visitor_pool,individual,2,67,-0.3380208333333332
visitor_pool,individual,2,68,-0.22499999999999987
visitor_pool,individual,2,69,-0.20624999999999988
visitor_pool,individual,2,70,-0.15449218749999988
visitor_pool,individual,2,71,-0.16464843750000008
visitor_pool,individual,2,72,-0.08483072916666658
visitor_pool,individual,2,73,-0.24309895833333323
visitor_pool,individual,2,74,-0.27499999999999997
visitor_pool,individual,2,75,-0.20305989583333311
visitor_pool,individual,2,76,-0.21223958333333315
visitor_pool,individual,2,77,-0.14374999999999988
visitor_pool,individual,2,78,-0.32897135416666656
visitor_pool,individual,2,79,-0.20110677083333356
visitor_pool,individual,2,80,-0.2333333333333334
visitor_pool,individual,2,81,-0.2737630208333329
visitor_pool,individual,2,82,-0.24375000000000002
visitor_pool,individual,2,83,-0.33124999999999993
visitor_pool,individual,2,84,-0.2624999999999999
visitor_pool,individual,2,85,-0.10312499999999991
visitor_pool,individual,2,86,-0.25722656250000003
visitor_pool,individual,2,87,-0.19218749999999996
visitor_pool,individual,2,88,-0.27083333333333315
visitor_pool,individual,2,89,-0.20253906249999976
visitor_pool,individual,2,90,-0.2958984374999999
visitor_pool,individual,2,91,-0.20234375
visitor_pool,individual,2,92,-0.23795572916666669
visitor_pool,individual,2,93,-0.2622395833333334
visitor_pool,individual,2,94,-0.243359375
visitor_pool,individual,2,95,-0.25358072916666674
visitor_pool,individual,2,96,-0.22591145833333326
visitor_pool,individual,2,97,-0.15625
visitor_pool,individual,2,98,-0.20312500000000006
visitor_pool,individual,2,99,-0.1968749999999998
visitor_pool,individual,2,100,-0.19140624999999994
visitor_pool,individual,2,101,-0.22031249999999997
visitor_pool,individual,2,102,-0.23645833333333305
visitor_pool,individual,2,103,-0.3067708333333333
visitor_pool,individual,2,104,-0.3027343749999999
visitor_pool,individual,2,105,-0.18476562499999993
visitor_pool,individual,2,106,-0.23124999999999996
visitor_pool,individual,2,107,-0.26542968749999973
visitor_pool,individual,2,108,-0.3228515625
visitor_pool,individual,2,109,-0.1624348958333334
visitor_pool,individual,2,110,-0.3039062499999999
visitor_pool,individual,2,111,-0.19609374999999973
visitor_pool,individual,2,112,-0.2126302083333333
visitor_pool,individual,2,113,-0.2791666666666666
visitor_pool,individual,2,114,-0.22500000000000003
visitor_pool,individual,2,115,-0.125
visitor_pool,individual,2,116,-0.2056640624999999
visitor_pool,individual,2,117,-0.22447916666666662
visitor_pool,individual,2,118,-0.26249999999999996
visitor_pool,individual,2,119,-0.3081380208333334
visitor_pool,individual,2,120,-0.22109374999999992
visitor_pool,individual,2,121,-0.2062500000000001
visitor_pool,individual,2,122,-0.16738281250000003
visitor_pool,individual,2,123,-0.23984375000000002
visitor_pool,individual,2,124,-0.28749999999999987
visitor_pool,individual,2,125,-0.19179687499999987
visitor_pool,individual,2,126,-0.1750000000000001
visitor_pool,individual,2,127,-0.19999999999999973
large_plants,individual,0,0,-0.2764648437499996
large_plants,individual,0,1,-0.4820312499999991
large_plants,individual,0,2,-0.29654947916666574
large_plants,individual,0,3,-0.29635416666666575
large_plants,individual,0,4,-0.2536946614583325
large_plants,individual,0,5,-0.3277994791666656
large_plants,individual,0,6,-0.1598307291666665
large_plants,individual,0,7,-0.43068033854166615
large_plants,individual,0,8,-0.30231119791666516
large_plants,individual,0,9,-0.4397135416666661
large_plants,individual,0,10,-0.0972330729166668
large_plants,individual,0,11,-0.12128906249999923
large_plants,individual,0,12,-0.12503255208333242
large_plants,individual,0,13,-0.4384765624999993
large_plants,individual,0,14,-0.5638509114583323
large_plants,individual,0,15,-0.25992838541666585
large_plants,individual,0,16,-0.2986165364583322
large_plants,individual,0,17,-0.03972981770833354
large_plants,individual,0,18,-0.07333984374999995
large_plants,individual,0,19,-0.3626139322916662
large_plants,individual,0,20,-0.45061848958333234
large_plants,individual,0,21,-0.3554036458333323
large_plants,individual,0,22,-0.31350911458333197
large_plants,individual,0,23,-0.10966796874999979
large_plants,individual,0,24,-0.06878255208333264
large_plants,individual,0,25,-0.43033854166666646
large_plants,individual,0,26,-0.14908854166666546
large_plants,individual,0,27,-0.2536783854166665
large_plants,individual,0,28,-0.4182291666666665
large_plants,individual,0,29,-0.38111979166666643
large_plants,individual,0,30,-0.09768880208333346
large_plants,individual,0,31,-0.3199707031249997
large_plants,individual,0,32,-0.33248697916666603
large_plants,individual,0,33,-0.4496582031249996
large_plants,individual,0,34,-0.2998697916666654
large_plants,individual,0,35,-0.24295247395833233
large_plants,individual,0,36,-0.36671549479166543
large_plants,individual,0,37,-0.3008138020833323
large_plants,individual,0,38,-0.19122721354166586
large_plants,individual,0,39,-0.26608072916666625
large_plants,individual,0,40,-0.385644531249999
large_plants,individual,0,41,-0.21801757812499922
large_plants,individual,0,42,-0.305566406249999
large_plants,individual,0,43,-0.31261393229166584
large_plants,individual,0,44,-0.27490234374999933
large_plants,individual,0,45,-0.39332682291666543
large_plants,individual,0,46,-0.4254557291666655
large_plants,individual,0,47,-0.5682454427083328
large_plants,individual,0,48,-0.28151041666666654
large_plants,individual,0,49,-0.14563802083333324
large_plants,individual,0,50,-0.1418294270833333
large_plants,individual,0,51,-0.20276692708333366
large_plants,individual,0,52,-0.2587727864583329
large_plants,individual,0,53,-0.3292154947916667
large_plants,individual,0,54,-0.285253906249999
large_plants,individual,0,55,-0.27766927083333237
large_plants,individual,0,56,-0.30094401041666563
large_plants,individual,0,57,-0.3543294270833327
large_plants,individual,0,58,-0.2851562499999992
large_plants,individual,0,59,-0.08092447916666556
large_plants,individual,0,60,-0.3504557291666665
large_plants,individual,0,61,-0.3121419270833321
large_plants,individual,0,62,-0.435188802083332
large_plants,individual,0,63,-0.326546223958333
large_plants,individual,0,64,-0.2368164062499997
large_plants,individual,0,65,-0.2743164062499998
large_plants,individual,0,66,-0.5083007812499989
large_plants,individual,0,67,-0.31416015625000004
large_plants,individual,0,68,-0.2994791666666659
large_plants,individual,0,69,-0.2069010416666663
large_plants,individual,0,70,-0.3824218749999997
large_plants,individual,0,71,-0.26948242187499893
large_plants,individual,0,72,-0.3152343749999998
large_plants,individual,0,73,-0.5383463541666655
large_plants,individual,0,74,-0.35351562499999833
large_plants,individual,0,75,-0.22395833333333276
large_plants,individual,0,76,-0.34873046874999936
large_plants,individual,0,77,-0.17573242187500027
large_plants,individual,0,78,-0.14101562499999876
large_plants,individual,0,79,-0.31186523437499947
large_plants,individual,0,80,-0.3088867187499995
large_plants,individual,0,81,-0.19383138020833296
large_plants,individual,0,82,-0.48403320312499865
large_plants,individual,0,83,-0.22117513020833335
large_plants,individual,0,84,-0.13935546874999954
large_plants,individual,0,85,-0.3806640625000001
large_plants,individual,0,86,-0.28605143229166613
large_plants,individual,0,87,-0.40480143229166565
large_plants,individual,0,88,-0.31152343749999933
large_plants,individual,0,89,-0.16930338541666531
large_plants,individual,0,90,-0.15758463541666562
large_plants,individual,0,91,-0.24589843749999957
large_plants,individual,0,92,-0.15922851562499984
large_plants,individual,0,93,-0.19970703124999947
large_plants,individual,0,94,-0.3312988281249986
large_plants,individual,0,95,-0.2370117187500001
large_plants,individual,0,96,-0.44321289062499925
large_plants,individual,0,97,-0.22638346354166605
large_plants,individual,0,98,-0.22014973958333273
large_plants,individual,0,99,-0.3163899739583327
large_plants,individual,0,100,-0.4899414062499994
large_plants,individual,0,101,-0.2576660156249986
large_plants,individual,0,102,-0.2171223958333328
large_plants,individual,0,103,-0.19622395833333264
large_plants,individual,0,104,-0.24218749999999967
large_plants,individual,0,105,-0.27776692708333195
large_plants,individual,0,106,-0.2776855468749988
large_plants,individual,0,107,-0.16710611979166556
large_plants,individual,0,108,-0.34806315104166596
large_plants,individual,0,109,-0.3778483072916657
large_plants,individual,0,110,-0.2777832031249986
large_plants,individual,0,111,-0.2702148437500001
large_plants,individual,0,112,-0.17819010416666653
large_plants,individual,0,113,-0.36279296875
large_plants,individual,0,114,-0.3029947916666652
large_plants,individual,0,115,-0.2538411458333334
large_plants,individual,0,116,-0.276399739583332
large_plants,individual,0,117,-0.30960286458333347
large_plants,individual,0,118,-0.29567057291666615
large_plants,individual,0,119,-0.3610351562499992
large_plants,individual,0,120,-0.2041666666666669
large_plants,individual,0,121,-0.2999511718749989
large_plants,individual,0,122,-0.27522786458333315
large_plants,individual,0,123,-0.13805338541666634
large_plants,individual,0,124,-0.23447265624999927
large_plants,individual,0,125,-0.24721679687499937
large_plants,individual,0,126,-0.41813151041666574
large_plants,individual,0,127,-0.3278483072916655
large_plants,individual,1,0,-0.2489420572916656
large_plants,individual,1,1,-0.33870442708333237
large_plants,individual,1,2,-0.339990234374999
large_plants,individual,1,3,-0.38430989583333297
large_plants,individual,1,4,-0.3052571614583337
large_plants,individual,1,5,-0.35001627604166596
large_plants,individual,1,6,-0.17841796874999907
large_plants,individual,1,7,-0.37470703124999905
large_plants,individual,1,8,-0.36412760416666634
large_plants,individual,1,9,-0.4318522135416658
large_plants,individual,1,10,-0.07347005208333261
large_plants,individual,1,11,-0.0982096354166658
large_plants,individual,1,12,-0.12895507812499907
large_plants,individual,1,13,-0.42145182291666594
large_plants,individual,1,14,-0.5118652343749994
large_plants,individual,1,15,-0.28237304687499887
large_plants,individual,1,16,-0.20930989583333373
large_plants,individual,1,17,-0.0649739583333331
large_plants,individual,1,18,-0.04570312499999971
large_plants,individual,1,19,-0.4940755208333332
large_plants,individual,1,20,-0.30056966145833225
large_plants,individual,1,21,-0.28434244791666635
large_plants,individual,1,22,-0.2699707031249988
large_plants,individual,1,23,-0.1252278645833333
large_plants,individual,1,24,-0.10851236979166565
large_plants,individual,1,25,-0.3479980468749991
large_plants,individual,1,26,-0.283756510416666
large_plants,individual,1,27,-0.4918782552083328
large_plants,individual,1,28,-0.3365559895833322
large_plants,individual,1,29,-0.2667643229166661
large_plants,individual,1,30,-0.06809895833333346
large_plants,individual,1,31,-0.2773925781249991
large_plants,individual,1,32,-0.2713378906249997
large_plants,individual,1,33,-0.36707356770833255
large_plants,individual,1,34,-0.27325846354166594
large_plants,individual,1,35,-0.2872070312499988
large_plants,individual,1,36,-0.24601236979166524
large_plants,individual,1,37,-0.214990234374999
large_plants,individual,1,38,-0.21531575520833224
large_plants,individual,1,39,-0.27708333333333274
large_plants,individual,1,40,-0.3359863281249996
large_plants,individual,1,41,-0.2678222656249994
large_plants,individual,1,42,-0.30486653645833206
large_plants,individual,1,43,-0.3599609374999996
large_plants,individual,1,44,-0.24617513020833218
large_plants,individual,1,45,-0.3726236979166661
large_plants,individual,1,46,-0.4917968749999996
large_plants,individual,1,47,-0.46030273437499913
large_plants,individual,1,48,-0.26718749999999947
large_plants,individual,1,49,-0.11695963541666575
large_plants,individual,1,50,-0.24235026041666563
large_plants,individual,1,51,-0.23235677083333234
large_plants,individual,1,52,-0.3644205729166662
large_plants,individual,1,53,-0.32451171874999934
large_plants,individual,1,54,-0.24335937499999913
large_plants,individual,1,55,-0.3347819010416657
large_plants,individual,1,56,-0.32499999999999984
large_plants,individual,1,57,-0.35644531249999944
large_plants,individual,1,58,-0.37091471354166594
large_plants,individual,1,59,-0.06847330729166619
large_plants,individual,1,60,-0.34306640624999896
large_plants,individual,1,61,-0.38815104166666614
large_plants,individual,1,62,-0.43699544270833324
large_plants,individual,1,63,-0.3843587239583326
large_plants,individual,1,64,-0.2168945312499984
large_plants,individual,1,65,-0.2733886718749996
large_plants,individual,1,66,-0.403987630208333
large_plants,individual,1,67,-0.45115559895833246
large_plants,individual,1,68,-0.3738932291666657
large_plants,individual,1,69,-0.18146158854166597
large_plants,individual,1,70,-0.42745768229166553
large_plants,individual,1,71,-0.24104817708333365
large_plants,individual,1,72,-0.28767903645833326
large_plants,individual,1,73,-0.4641113281249996
large_plants,individual,1,74,-0.3959147135416662
large_plants,individual,1,75,-0.24765624999999933
large_plants,individual,1,76,-0.22283528645833192
large_plants,individual,1,77,-0.23426106770833194
large_plants,individual,1,78,-0.19723307291666592
large_plants,individual,1,79,-0.32892252604166544
large_plants,individual,1,80,-0.3686035156249994
large_plants,individual,1,81,-0.18509114583333375
large_plants,individual,1,82,-0.39991861979166565
large_plants,individual,1,83,-0.10234375000000007
large_plants,individual,1,84,-0.1164550781249992
large_plants,individual,1,85,-0.2667317708333329
large_plants,individual,1,86,-0.40937499999999927
large_plants,individual,1,87,-0.4618001302083329
large_plants,individual,1,88,-0.2864257812499992
large_plants,individual,1,89,-0.23758138020833205
large_plants,individual,1,90,-0.2142415364583328
large_plants,individual,1,91,-0.2528320312499987
large_plants,individual,1,92,-0.19606119791666568
large_plants,individual,1,93,-0.2567871093749995
large_plants,individual,1,94,-0.3440104166666668
large_plants,individual,1,95,-0.22771809895833295
large_plants,individual,1,96,-0.3658691406249989
large_plants,individual,1,97,-0.3137858072916658
large_plants,individual,1,98,-0.23282877604166563
large_plants,individual,1,99,-0.3351399739583322
large_plants,individual,1,100,-0.47408854166666636
large_plants,individual,1,101,-0.2688639322916661
large_plants,individual,1,102,-0.2318359374999991
large_plants,individual,1,103,-0.08889973958333272
large_plants,individual,1,104,-0.26726888020833267
large_plants,individual,1,105,-0.33693033854166665
large_plants,individual,1,106,-0.3126464843749991
large_plants,individual,1,107,-0.1564290364583325
large_plants,individual,1,108,-0.3028157552083328
large_plants,individual,1,109,-0.35014648437499907
large_plants,individual,1,110,-0.3083821614583326
large_plants,individual,1,111,-0.2955078124999995
large_plants,individual,1,112,-0.24179687499999913
large_plants,individual,1,113,-0.3378906249999989
large_plants,individual,1,114,-0.24334309895833253
large_plants,individual,1,115,-0.21788736979166692
large_plants,individual,1,116,-0.2967447916666661
large_plants,individual,1,117,-0.4464355468749992
large_plants,individual,1,118,-0.23696289062499934
large_plants,individual,1,119,-0.3987792968749995
large_plants,individual,1,120,-0.14697265624999967
large_plants,individual,1,121,-0.24705403645833235
large_plants,individual,1,122,-0.44788411458333266
large_plants,individual,1,123,-0.16067708333333283
large_plants,individual,1,124,-0.28740234374999984
large_plants,individual,1,125,-0.27039388020833316
large_plants,individual,1,126,-0.44837239583333277
large_plants,individual,1,127,-0.27683919270833274
large_plants,individual,2,0,-0.21660156250000004
large_plants,individual,2,1,-0.2790364583333326
large_plants,individual,2,2,-0.26687825520833375
large_plants,individual,2,3,-0.4355794270833335
large_plants,individual,2,4,-0.22701822916666703
large_plants,individual,2,5,-0.35423177083333324
large_plants,individual,2,6,-0.1329101562499991
large_plants,individual,2,7,-0.36145833333333277
large_plants,individual,2,8,-0.3928873697916667
large_plants,individual,2,9,-0.3037272135416668
large_plants,individual,2,10,-0.15735677083333258
large_plants,individual,2,11,-0.16564127604166645
large_plants,individual,2,12,-0.03120117187500021
large_plants,individual,2,13,-0.32078450520833257
large_plants,individual,2,14,-0.36494140624999993
large_plants,individual,2,15,-0.22055664062499972
large_plants,individual,2,16,-0.24744466145833405
large_plants,individual,2,17,0.04768880208333324
large_plants,individual,2,18,-0.09983723958333246
large_plants,individual,2,19,-0.4202148437499999
large_plants,individual,2,20,-0.27630208333333284
large_plants,individual,2,21,-0.20211588541666733
large_plants,individual,2,22,-0.22888997395833333
large_plants,individual,2,23,-0.16464843750000008
large_plants,individual,2,24,-0.09423828124999956
large_plants,individual,2,25,-0.3443847656249995
large_plants,individual,2,26,-0.23515625000000076
large_plants,individual,2,27,-0.3572753906249997
large_plants,individual,2,28,-0.2598958333333331
large_plants,individual,2,29,-0.20078124999999977
large_plants,individual,2,30,-0.028548177083333043
large_plants,individual,2,31,-0.27223307291666565
large_plants,individual,2,32,-0.29423828124999973
large_plants,individual,2,33,-0.22945963541666686
large_plants,individual,2,34,-0.3105794270833341
large_plants,individual,2,35,-0.2947916666666672
large_plants,individual,2,36,-0.22220052083333286
large_plants,individual,2,37,-0.23453776041666585
large_plants,individual,2,38,-0.11987304687499897
large_plants,individual,2,39,-0.12871093749999907
large_plants,individual,2,40,-0.33548177083333414
large_plants,individual,2,41,-0.24864908854166717
large_plants,individual,2,42,-0.23885091145833315
large_plants,individual,2,43,-0.205419921875
large_plants,individual,2,44,-0.1793619791666671
large_plants,individual,2,45,-0.2719726562500002
large_plants,individual,2,46,-0.42906901041666645
large_plants,individual,2,47,-0.3909505208333328
large_plants,individual,2,48,-0.14554036458333236
large_plants,individual,2,49,-0.09568684895833246
large_plants,individual,2,50,-0.1961263020833329
large_plants,individual,2,51,-0.11090494791666577
large_plants,individual,2,52,-0.33090820312500074
large_plants,individual,2,53,-0.2262044270833325
large_plants,individual,2,54,-0.16870117187499956
large_plants,individual,2,55,-0.25747070312499987
large_plants,individual,2,56,-0.3560384114583337
large_plants,individual,2,57,-0.2967285156249997
large_plants,individual,2,58,-0.2624674479166662
large_plants,individual,2,59,-0.08772786458333412
large_plants,individual,2,60,-0.2945963541666665
large_plants,individual,2,61,-0.3124348958333332
large_plants,individual,2,62,-0.39597981770833357
large_plants,individual,2,63,-0.2876139322916659
large_plants,individual,2,64,-0.31196289062499966
large_plants,individual,2,65,-0.15437825520833254
large_plants,individual,2,66,-0.3799967447916667
large_plants,individual,2,67,-0.2531087239583327
large_plants,individual,2,68,-0.22329101562499887
large_plants,individual,2,69,-0.0754231770833329
large_plants,individual,2,70,-0.29925130208333217
large_plants,individual,2,71,-0.3298014322916669
large_plants,individual,2,72,-0.06455078125000005
large_plants,individual,2,73,-0.3313802083333326
large_plants,individual,2,74,-0.3587565104166668
large_plants,individual,2,75,-0.10504557291666658
large_plants,individual,2,76,-0.15366210937499897
large_plants,individual,2,77,-0.17106119791666555
large_plants,individual,2,78,-0.1169921875000002
large_plants,individual,2,79,-0.24423828124999908
large_plants,individual,2,80,-0.25166015624999993
large_plants,individual,2,81,-0.19557291666666785
large_plants,individual,2,82,-0.32573242187499996
large_plants,individual,2,83,-0.06035156249999974
large_plants,individual,2,84,-0.09020182291666705
large_plants,individual,2,85,-0.18802083333333247
large_plants,individual,2,86,-0.38945312500000007
large_plants,individual,2,87,-0.3851074218749999
large_plants,individual,2,88,-0.09547526041666646
large_plants,individual,2,89,-0.23147786458333308
large_plants,individual,2,90,-0.24477539062499937
large_plants,individual,2,91,-0.14161783854166526
large_plants,individual,2,92,-0.11748046874999991
large_plants,individual,2,93,-0.2481445312500003
large_plants,individual,2,94,-0.3495442708333336
large_plants,individual,2,95,-0.1553385416666656
large_plants,individual,2,96,-0.2938964843749993
large_plants,individual,2,97,-0.22277018229166715
large_plants,individual,2,98,-0.14101562500000125
large_plants,individual,2,99,-0.22879231770833233
large_plants,individual,2,100,-0.36526692708333275
large_plants,individual,2,101,-0.30240885416666663
large_plants,individual,2,102,-0.12981770833333306
large_plants,individual,2,103,-0.16477864583333296
large_plants,individual,2,104,-0.16787109374999934
large_plants,individual,2,105,-0.36054687499999993
large_plants,individual,2,106,-0.25595703124999974
large_plants,individual,2,107,-0.11648763020833303
large_plants,individual,2,108,-0.2726236979166659
large_plants,individual,2,109,-0.17626953124999895
large_plants,individual,2,110,-0.16936848958333364
large_plants,individual,2,111,-0.274430338541666
large_plants,individual,2,112,-0.18774414062499953
large_plants,individual,2,113,-0.21751302083333254
large_plants,individual,2,114,-0.30649414062499997
large_plants,individual,2,115,-0.15047200520833276
large_plants,individual,2,116,-0.15458984375000018
large_plants,individual,2,117,-0.28261718749999964
large_plants,individual,2,118,-0.23899739583333374
large_plants,individual,2,119,-0.31839192708333214
large_plants,individual,2,120,-0.16959635416666544
large_plants,individual,2,121,-0.23002929687499984
large_plants,individual,2,122,-0.33763020833333307
large_plants,individual,2,123,-0.1041992187499994
large_plants,individual,2,124,-0.3724609375000007
large_plants,individual,2,125,-0.2348144531250007
large_plants,individual,2,126,-0.38338216145833326
large_plants,individual,2,127,-0.22783203125000004
natural,density,0,0,-0.3992500551836477
natural,density,0,1,-0.5201351714715622
natural,density,0,2,-0.42831483836495854
natural,density,0,3,-0.546824557445179
natural,density,0,4,-0.45710264982565185
natural,density,0,5,-0.4501786357424501
natural,density,0,6,-0.17484104641644305
natural,density,0,7,-0.6528789749481256
natural,density,0,8,-0.5623658725194021
natural,density,0,9,-0.6686262149641728
natural,density,0,10,-0.17044858393017134
natural,density,0,11,-0.28314008082656245
natural,density,0,12,-0.3106261879849504
natural,density,0,13,-0.6762665092797312
natural,density,0,14,-0.718897817603173
natural,density,0,15,-0.4845669919140685
natural,density,0,16,-0.44086648052124205
natural,density,0,17,-0.2005448788654588
natural,density,0,18,-0.2559916219822453
natural,density,0,19,-0.6781095794980248
natural,density,0,20,-0.5962570256022062
natural,density,0,21,-0.47396261104842663
natural,density,0,22,-0.4507905228768191
natural,density,0,23,-0.35496819485845404
natural,density,0,24,-0.2571018196050813
natural,density,0,25,-0.6751274956347568
natural,density,0,26,-0.30635076940357475
natural,density,0,27,-0.6816225113424363
natural,density,0,28,-0.673302109892163
natural,density,0,29,-0.5495657059662935
natural,density,0,30,-0.17655527894539
natural,density,0,31,-0.4442882275197523
natural,density,0,32,-0.6708208907667346
natural,density,0,33,-0.6248877292692725
natural,density,0,34,-0.479968365869923
natural,density,0,35,-0.32433358814491536
natural,density,0,36,-0.4662671398903826
natural,density,0,37,-0.3904782080180398
natural,density,0,38,-0.2703778430131873
natural,density,0,39,-0.6092526239252105
natural,density,0,40,-0.4758645856805603
natural,density,0,41,-0.418752529190457
natural,density,0,42,-0.4462279588091883
natural,density,0,43,-0.484737994383425
natural,density,0,44,-0.41316612126370955
natural,density,0,45,-0.6206181769116521
natural,density,0,46,-0.7164437750163868
natural,density,0,47,-0.63993078470166
natural,density,0,48,-0.44121921138034653
natural,density,0,49,-0.17511204097232264
natural,density,0,50,-0.3954949801725167
natural,density,0,51,-0.4889524368293338
natural,density,0,52,-0.4694697722208256
natural,density,0,53,-0.5517367901875698
natural,density,0,54,-0.3694593005118383
natural,density,0,55,-0.43335186770675505
natural,density,0,56,-0.4742222763437499
natural,density,0,57,-0.6425368992184437
natural,density,0,58,-0.5731907396514597
natural,density,0,59,-0.12066928547999234
natural,density,0,60,-0.6554931485001211
natural,density,0,61,-0.47599589648230023
natural,density,0,62,-0.6569844315728193
natural,density,0,63,-0.6026913880270175
natural,density,0,64,-0.35948988427026235
natural,density,0,65,-0.33074254195670383
natural,density,0,66,-0.6851688670340756
natural,density,0,67,-0.4441670393128509
natural,density,0,68,-0.5649424331706663
natural,density,0,69,-0.3232705180660701
natural,density,0,70,-0.4144692386978112
natural,density,0,71,-0.2987155593766133
natural,density,0,72,-0.4311799075370256
natural,density,0,73,-0.7066922082871782
natural,density,0,74,-0.6946808151862144
natural,density,0,75,-0.24171731688961573
natural,density,0,76,-0.45690445087439224
natural,density,0,77,-0.3686325174502943
natural,density,0,78,-0.3082402789538872
natural,density,0,79,-0.5860168176712846
natural,density,0,80,-0.34841582715621316
natural,density,0,81,-0.3018441160495178
natural,density,0,82,-0.6740509024915088
natural,density,0,83,-0.32618183575824267
natural,density,0,84,-0.23869521442813052
natural,density,0,85,-0.5641237281636938
natural,density,0,86,-0.6068060593239937
natural,density,0,87,-0.5115709671068388
natural,density,0,88,-0.35570019353852167
natural,density,0,89,-0.38106993348074064
natural,density,0,90,-0.35795426510415695
natural,density,0,91,-0.28200012555948534
natural,density,0,92,-0.27470588564238874
natural,density,0,93,-0.4143548000149416
natural,density,0,94,-0.4675493344352345
natural,density,0,95,-0.5146309150868444
natural,density,0,96,-0.2987853965600319
natural,density,0,97,-0.3972380432176497
natural,density,0,98,-0.39212250481189787
natural,density,0,99,-0.5135666344605193
natural,density,0,100,-0.6205796591208952
natural,density,0,101,-0.45677108227838903
natural,density,0,102,-0.3363949823547534
natural,density,0,103,-0.31143040679825623
natural,density,0,104,-0.24650872787217099
natural,density,0,105,-0.4707882345761608
natural,density,0,106,-0.41486226594984005
natural,density,0,107,-0.25596932019976576
natural,density,0,108,-0.5693110115451899
natural,density,0,109,-0.5277551472858778
natural,density,0,110,-0.39629765071844647
natural,density,0,111,-0.5237312924658095
natural,density,0,112,-0.4113242208204422
natural,density,0,113,-0.5326702934554641
natural,density,0,114,-0.397811831208995
natural,density,0,115,-0.4041528802675508
natural,density,0,116,-0.32773019915747253
natural,density,0,117,-0.43460055445511514
natural,density,0,118,-0.2781482149857679
natural,density,0,119,-0.6029958769916407
natural,density,0,120,-0.3733917595647587
natural,density,0,121,-0.3547818487804337
natural,density,0,122,-0.6556661215891381
natural,density,0,123,-0.23749442372428853
natural,density,0,124,-0.46773274461341263
natural,density,0,125,-0.4377499460972712
natural,density,0,126,-0.6982401757395278
natural,density,0,127,-0.41654501479751
natural,density,1,0,-0.4557056237055143
natural,density,1,1,-0.48533287879240616
natural,density,1,2,-0.4799256972155472
natural,density,1,3,-0.5933056296039071
natural,density,1,4,-0.5081984375463481
natural,density,1,5,-0.47288094815615433
natural,density,1,6,-0.22663677968971857
natural,density,1,7,-0.6409059418863683
natural,density,1,8,-0.5635553495921811
natural,density,1,9,-0.7033527860291096
natural,density,1,10,-0.19005235213360688
natural,density,1,11,-0.28419241069746903
natural,density,1,12,-0.35195201886829774
natural,density,1,13,-0.4929093007779225
natural,density,1,14,-0.7346800787136788
natural,density,1,15,-0.46620126294747133
natural,density,1,16,-0.4791137991361066
natural,density,1,17,-0.22315799625890553
natural,density,1,18,-0.30354130158717524
natural,density,1,19,-0.6244864757378854
natural,density,1,20,-0.624018688786052
natural,density,1,21,-0.47834705910457187
natural,density,1,22,-0.439395485338696
natural,density,1,23,-0.3926585701266789
natural,density,1,24,-0.31733080829645777
natural,density,1,25,-0.7120896113482438
natural,density,1,26,-0.3347969360191558
natural,density,1,27,-0.7526727497594718
natural,density,1,28,-0.6899991930368747
natural,density,1,29,-0.5457333951453699
natural,density,1,30,-0.19233889708406343
natural,density,1,31,-0.42994021589862574
natural,density,1,32,-0.5329319814663847
natural,density,1,33,-0.6262345789852035
natural,density,1,34,-0.5739739472949792
natural,density,1,35,-0.33530725869147504
natural,density,1,36,-0.43266553236849836
natural,density,1,37,-0.36800113733637274
natural,density,1,38,-0.3072986727470478
natural,density,1,39,-0.5689644211968905
natural,density,1,40,-0.5545639578476891
natural,density,1,41,-0.45393279005273607
natural,density,1,42,-0.4600795459512319
natural,density,1,43,-0.5086627685769229
natural,density,1,44,-0.45885537533037635
natural,density,1,45,-0.6497956244999761
natural,density,1,46,-0.7896873873579685
natural,density,1,47,-0.6835642876856836
natural,density,1,48,-0.42015104378768453
natural,density,1,49,-0.21400308898796588
natural,density,1,50,-0.32902115941351767
natural,density,1,51,-0.5066009300950516
natural,density,1,52,-0.5497930265593568
natural,density,1,53,-0.5854886626411302
natural,density,1,54,-0.425164501926221
natural,density,1,55,-0.47098927038795557
natural,density,1,56,-0.5488732082795826
natural,density,1,57,-0.6048747972308262
natural,density,1,58,-0.49614893877608635
natural,density,1,59,-0.14284457190839617
natural,density,1,60,-0.6800644797429679
natural,density,1,61,-0.5083820034693525
natural,density,1,62,-0.6355275932616794
natural,density,1,63,-0.6430172255545553
natural,density,1,64,-0.4142101043304525
natural,density,1,65,-0.41489565077359
natural,density,1,66,-0.511248189977774
natural,density,1,67,-0.5119787473473468
natural,density,1,68,-0.5782688204716631
natural,density,1,69,-0.37333622680546363
natural,density,1,70,-0.4102686798909708
natural,density,1,71,-0.344803105738435
natural,density,1,72,-0.4744769794573288
natural,density,1,73,-0.7246349198474688
natural,density,1,74,-0.7172925804169128
natural,density,1,75,-0.2784887195199682
natural,density,1,76,-0.43205061761842156
natural,density,1,77,-0.3496142490069438
natural,density,1,78,-0.3656503297319814
natural,density,1,79,-0.5470482141240108
natural,density,1,80,-0.3532943449274699
natural,density,1,81,-0.3241957001974956
natural,density,1,82,-0.671093973268555
natural,density,1,83,-0.3672133111071302
natural,density,1,84,-0.272461369610435
natural,density,1,85,-0.5149137521376788
natural,density,1,86,-0.5450246819316368
natural,density,1,87,-0.5421743517467477
natural,density,1,88,-0.4134425601170715
natural,density,1,89,-0.4394577553960824
natural,density,1,90,-0.41505591062501074
natural,density,1,91,-0.290542072149359
natural,density,1,92,-0.34851045125326957
natural,density,1,93,-0.4491889674098333
natural,density,1,94,-0.5312427825696591
natural,density,1,95,-0.5478348231488672
natural,density,1,96,-0.30825019219591326
natural,density,1,97,-0.450615109053459
natural,density,1,98,-0.4302061080729292
natural,density,1,99,-0.4583845025713245
natural,density,1,100,-0.657717401087907
natural,density,1,101,-0.49184542442787904
natural,density,1,102,-0.3823875345086454
natural,density,1,103,-0.3736824666287984
natural,density,1,104,-0.27409385818569215
natural,density,1,105,-0.5131482569511103
natural,density,1,106,-0.4503964686526758
natural,density,1,107,-0.35095707369996143
natural,density,1,108,-0.5430257020940502
natural,density,1,109,-0.47389362623480547
natural,density,1,110,-0.4451414476139897
natural,density,1,111,-0.5488057943204736
natural,density,1,112,-0.4345600953279213
natural,density,1,113,-0.432809774139805
natural,density,1,114,-0.4506173278012929
natural,density,1,115,-0.4287249615619379
natural,density,1,116,-0.35580808100852107
natural,density,1,117,-0.4723487749042441
natural,density,1,118,-0.3197405564218871
natural,density,1,119,-0.52765691904068
natural,density,1,120,-0.38187991018770895
natural,density,1,121,-0.4098399928423288
natural,density,1,122,-0.6797005102947319
natural,density,1,123,-0.2764980250324967
natural,density,1,124,-0.5456286926737328
natural,density,1,125,-0.5060602437301667
natural,density,1,126,-0.7273520262757142
natural,density,1,127,-0.45225502484270885
natural,density,2,0,-0.48400387632207936
natural,density,2,1,-0.34717510847823335
natural,density,2,2,-0.5068464686302387
natural,density,2,3,-0.6162847122159301
natural,density,2,4,-0.540791593202925
natural,density,2,5,-0.4807464493655519
natural,density,2,6,-0.2216706598500976
natural,density,2,7,-0.5341775211354889
natural,density,2,8,-0.5412605157127041
natural,density,2,9,-0.531968196900625
natural,density,2,10,-0.19289604303372915
natural,density,2,11,-0.2901108746480463
natural,density,2,12,-0.3579048149557871
natural,density,2,13,-0.5168940793823693
natural,density,2,14,-0.6070194256616714
natural,density,2,15,-0.33812536703226764
natural,density,2,16,-0.49395320076880567
natural,density,2,17,-0.23110878892139414
natural,density,2,18,-0.3307472561514509
natural,density,2,19,-0.5812135674427037
natural,density,2,20,-0.4365279033481642
natural,density,2,21,-0.4999908266695365
natural,density,2,22,-0.45853584661052876
natural,density,2,23,-0.3515360703875246
natural,density,2,24,-0.34424779880316686
natural,density,2,25,-0.5349436425239849
natural,density,2,26,-0.3603660051966228
natural,density,2,27,-0.5934106980183859
natural,density,2,28,-0.2885469752749185
natural,density,2,29,-0.4094648979139713
natural,density,2,30,-0.20376983685210381
natural,density,2,31,-0.2763238686393237
natural,density,2,32,-0.5086432509101131
natural,density,2,33,-0.46927861381087027
natural,density,2,34,-0.5998972680286614
natural,density,2,35,-0.3442832338474784
natural,density,2,36,-0.44468176098654383
natural,density,2,37,-0.3579822104626767
natural,density,2,38,-0.320897944361859
natural,density,2,39,-0.445359847166314
natural,density,2,40,-0.5022405265893128
natural,density,2,41,-0.4533781206931473
natural,density,2,42,-0.46310457086185086
natural,density,2,43,-0.5014859725029577
natural,density,2,44,-0.47085385851981726
natural,density,2,45,-0.4646795382653108
natural,density,2,46,-0.604800180144776
natural,density,2,47,-0.4573494240577695
natural,density,2,48,-0.2687277354699483
natural,density,2,49,-0.22453582709427222
natural,density,2,50,-0.31189877630015594
natural,density,2,51,-0.35246636136622717
natural,density,2,52,-0.5936125892029147
natural,density,2,53,-0.3940025725276643
natural,density,2,54,-0.45321216319187835
natural,density,2,55,-0.4950719267148571
natural,density,2,56,-0.5887648622893571
natural,density,2,57,-0.5008079191830458
natural,density,2,58,-0.4192124952731649
natural,density,2,59,-0.1517282255294442
natural,density,2,60,-0.5024913293927906
natural,density,2,61,-0.5457510521743527
natural,density,2,62,-0.5896943951467513
natural,density,2,63,-0.45618536667734844
natural,density,2,64,-0.4322788965958659
natural,density,2,65,-0.443988568120782
natural,density,2,66,-0.5354063295915756
natural,density,2,67,-0.5325585957602461
natural,density,2,68,-0.43539159120464394
natural,density,2,69,-0.4095341483431613
natural,density,2,70,-0.4276694077274179
natural,density,2,71,-0.3721394524903636
natural,density,2,72,-0.26851665630947164
natural,density,2,73,-0.534258996922157
natural,density,2,74,-0.5798845431722428
natural,density,2,75,-0.28992928805208923
natural,density,2,76,-0.4592873570654739
natural,density,2,77,-0.2736212948691802
natural,density,2,78,-0.38744223036990216
natural,density,2,79,-0.49758160277908003
natural,density,2,80,-0.33297524475529733
natural,density,2,81,-0.3438096844317322
natural,density,2,82,-0.49920540192595775
natural,density,2,83,-0.1749750946344098
natural,density,2,84,-0.2831962979485446
natural,density,2,85,-0.4165818804135879
natural,density,2,86,-0.5590865484723553
natural,density,2,87,-0.5687659065809325
natural,density,2,88,-0.4364252444859627
natural,density,2,89,-0.4655527094513849
natural,density,2,90,-0.43681629916725423
natural,density,2,91,-0.29555527343081806
natural,density,2,92,-0.39648595030662487
natural,density,2,93,-0.4880837849374317
natural,density,2,94,-0.5809724782659618
natural,density,2,95,-0.4197411387498234
natural,density,2,96,-0.3032110124104485
natural,density,2,97,-0.44768942832074676
natural,density,2,98,-0.4354360886244524
natural,density,2,99,-0.4007955452400603
natural,density,2,100,-0.4420570451145763
natural,density,2,101,-0.498793523619074
natural,density,2,102,-0.40773873187711734
natural,density,2,103,-0.39164449075529867
natural,density,2,104,-0.2673713078293226
natural,density,2,105,-0.5503914720807028
natural,density,2,106,-0.44837495901581165
natural,density,2,107,-0.39647356667323186
natural,density,2,108,-0.505272565367884
natural,density,2,109,-0.4151427807302848
natural,density,2,110,-0.4703232276449448
natural,density,2,111,-0.38826285258416376
natural,density,2,112,-0.43975853616724914
natural,density,2,113,-0.24934254692346253
natural,density,2,114,-0.47668780769145674
natural,density,2,115,-0.2281571786392756
natural,density,2,116,-0.3408507993400437
natural,density,2,117,-0.496455490468145
natural,density,2,118,-0.33751588292802137
natural,density,2,119,-0.5288656006395243
natural,density,2,120,-0.4107268556298272
natural,density,2,121,-0.42502761019542573
natural,density,2,122,-0.5038449514222443
natural,density,2,123,-0.2890799184327439
natural,density,2,124,-0.5905906004313839
natural,density,2,125,-0.5254012956865208
natural,density,2,126,-0.5702981562993072
natural,density,2,127,-0.47932545722265507
richness_matched,density,0,0,0.07311400112298208
richness_matched,density,0,1,0.011798522923479215
richness_matched,density,0,2,0.15174796494582138
richness_matched,density,0,3,0.010282189596187902
richness_matched,density,0,4,0.00789134059731153
richness_matched,density,0,5,0.23824016846202598
richness_matched,density,0,6,0.16111386835942637
richness_matched,density,0,7,0.008947071082885616
richness_matched,density,0,8,-0.051934041507952666
richness_matched,density,0,9,-0.006182481805535989
richness_matched,density,0,10,0.18002859235793767
richness_matched,density,0,11,0.14717724824540038
richness_matched,density,0,12,0.008328135649498997
richness_matched,density,0,13,-0.23591627645424365
richness_matched,density,0,14,-0.06528777960623783
richness_matched,density,0,15,0.033735254128338776
richness_matched,density,0,16,0.014105411589528882
richness_matched,density,0,17,0.17706418536797594
richness_matched,density,0,18,0.03758079488196164
richness_matched,density,0,19,-0.185325756042929
richness_matched,density,0,20,0.0008962146766190449
richness_matched,density,0,21,0.04225100099206136
richness_matched,density,0,22,0.14221480143413537
richness_matched,density,0,23,0.1878309342752324
richness_matched,density,0,24,0.2313803995155692
richness_matched,density,0,25,0.0012692812201727244
richness_matched,density,0,26,0.12817030023125575
richness_matched,density,0,27,0.0024061904967042635
richness_matched,density,0,28,-0.00011742129904951382
richness_matched,density,0,29,0.004896585598746395
richness_matched,density,0,30,0.12630918360871254
richness_matched,density,0,31,-0.04048278801608168
richness_matched,density,0,32,-0.2391853938209033
richness_matched,density,0,33,0.007593751799836734
richness_matched,density,0,34,0.07595227401554044
richness_matched,density,0,35,0.10147565581948126
richness_matched,density,0,36,-0.027282668814263944
richness_matched,density,0,37,0.1452632949192966
richness_matched,density,0,38,0.002873244835535138
richness_matched,density,0,39,0.006072482340045371
richness_matched,density,0,40,0.03626004221978027
richness_matched,density,0,41,0.022541890048998814
richness_matched,density,0,42,0.05144392146126331
richness_matched,density,0,43,0.08698444110125361
richness_matched,density,0,44,0.1131775448872871
richness_matched,density,0,45,-0.07409859535640612
richness_matched,density,0,46,-0.00511131464489939
richness_matched,density,0,47,-0.0010094639470987765
richness_matched,density,0,48,0.00627898654517256
richness_matched,density,0,49,0.10166682502992366
richness_matched,density,0,50,0.0846060799175326
richness_matched,density,0,51,0.012398137330500325
richness_matched,density,0,52,0.008156751584070726
richness_matched,density,0,53,-0.0015830508950105404
richness_matched,density,0,54,0.13474789814903124
richness_matched,density,0,55,0.1816246278015757
richness_matched,density,0,56,0.1318592284487756
richness_matched,density,0,57,-0.05560746070202005
richness_matched,density,0,58,-0.16840631952457036
richness_matched,density,0,59,0.15536083366990844
richness_matched,density,0,60,-0.006023152060509018
richness_matched,density,0,61,-0.002361901612019157
richness_matched,density,0,62,-0.11557401637339926
richness_matched,density,0,63,-0.02392873939152157
richness_matched,density,0,64,0.136603617954845
richness_matched,density,0,65,0.23989381849395622
richness_matched,density,0,66,-0.13364348958115063
richness_matched,density,0,67,0.1927795667170058
richness_matched,density,0,68,0.001455966285924093
richness_matched,density,0,69,0.07038118145869474
richness_matched,density,0,70,0.08499312575056506
richness_matched,density,0,71,0.1520174460267013
richness_matched,density,0,72,-0.0035065230857546648
richness_matched,density,0,73,-0.019595590281054842
richness_matched,density,0,74,-0.21819833727440482
richness_matched,density,0,75,0.1331082464602488
richness_matched,density,0,76,0.052951382907344025
richness_matched,density,0,77,0.03670440162686345
richness_matched,density,0,78,0.029168175500297017
richness_matched,density,0,79,0.0069449411191350174
richness_matched,density,0,80,0.09785816001782743
richness_matched,density,0,81,0.1577410042917699
richness_matched,density,0,82,-0.00241827893808777
richness_matched,density,0,83,0.0019928160216049484
richness_matched,density,0,84,0.11331160819673489
richness_matched,density,0,85,-0.00024300053127362942
richness_matched,density,0,86,-0.058923973231420096
richness_matched,density,0,87,0.1019752302187367
richness_matched,density,0,88,0.20216118211619374
richness_matched,density,0,89,0.17989584686611648
richness_matched,density,0,90,0.09349112060390574
richness_matched,density,0,91,0.18163557343385445
richness_matched,density,0,92,0.15891464851546983
richness_matched,density,0,93,0.013750990358689597
richness_matched,density,0,94,0.021066114169365463
richness_matched,density,0,95,-0.00923948464192409
richness_matched,density,0,96,0.09395838422462188
richness_matched,density,0,97,0.04176060271096274
richness_matched,density,0,98,0.03024891612872896
richness_matched,density,0,99,-0.16787399520767396
richness_matched,density,0,100,-0.05150465684567895
richness_matched,density,0,101,-0.0213536666261602
richness_matched,density,0,102,0.002664509963658551
richness_matched,density,0,103,0.14370301451926826
richness_matched,density,0,104,0.22803959891952497
richness_matched,density,0,105,0.2038515490993599
richness_matched,density,0,106,0.05586546306036913
richness_matched,density,0,107,0.14838550793368932
richness_matched,density,0,108,0.04402952857825354
richness_matched,density,0,109,0.0490218254448716
richness_matched,density,0,110,0.11426180019959573
richness_matched,density,0,111,-0.0001342225037607725
richness_matched,density,0,112,0.16693959593070481
richness_matched,density,0,113,-0.00030589949773601743
richness_matched,density,0,114,0.043798906086656486
richness_matched,density,0,115,0.001899156042880823
richness_matched,density,0,116,0.06118580866727147
richness_matched,density,0,117,0.03710537011539114
richness_matched,density,0,118,0.18293873350614684
richness_matched,density,0,119,0.09250787770522306
richness_matched,density,0,120,0.14349156574206187
richness_matched,density,0,121,0.19724291247979925
richness_matched,density,0,122,0.005183509920704321
richness_matched,density,0,123,0.0010497936147087494
richness_matched,density,0,124,0.013076822291052476
richness_matched,density,0,125,0.02406343140967815
richness_matched,density,0,126,0.004589736563206992
richness_matched,density,0,127,0.039939412325935536
richness_matched,density,1,0,0.023989947640832898
richness_matched,density,1,1,0.05788568313346937
richness_matched,density,1,2,0.06973907046708322
richness_matched,density,1,3,0.004787834226143817
richness_matched,density,1,4,0.0024036888852569938
richness_matched,density,1,5,0.21755759934097652
richness_matched,density,1,6,0.009354513348919458
richness_matched,density,1,7,0.04916726499762952
richness_matched,density,1,8,-0.035343543361413654
richness_matched,density,1,9,-0.0167377900369719
richness_matched,density,1,10,0.10157153896481219
richness_matched,density,1,11,0.1810623781984539
richness_matched,density,1,12,0.010250849003328955
richness_matched,density,1,13,-0.01107311020509455
richness_matched,density,1,14,-0.10178006755186364
richness_matched,density,1,15,0.07547646484656584
richness_matched,density,1,16,0.01796727444489432
richness_matched,density,1,17,0.17620345953278066
richness_matched,density,1,18,0.01415932725367558
richness_matched,density,1,19,-0.08180924997477157
richness_matched,density,1,20,0.0006358997018570123
richness_matched,density,1,21,0.001062158596205065
richness_matched,density,1,22,0.10640486757210654
richness_matched,density,1,23,0.0619632488961695
richness_matched,density,1,24,0.16795129806557352
richness_matched,density,1,25,0.01707456983957273
richness_matched,density,1,26,0.14690127042907963
richness_matched,density,1,27,0.013843205712355755
richness_matched,density,1,28,0.025919753696739156
richness_matched,density,1,29,0.043103747920675395
richness_matched,density,1,30,0.025570134558404733
richness_matched,density,1,31,-0.07863849842158532
richness_matched,density,1,32,-0.06570852624819729
richness_matched,density,1,33,0.023244419235590397
richness_matched,density,1,34,0.01097503960307944
richness_matched,density,1,35,0.13557089859249732
richness_matched,density,1,36,-0.0047898064332223544
richness_matched,density,1,37,0.11881897091848626
richness_matched,density,1,38,0.0025887001448179903
richness_matched,density,1,39,0.05953610788763586
richness_matched,density,1,40,0.04181467470839956
richness_matched,density,1,41,0.029136776672152587
richness_matched,density,1,42,0.021904474512749572
richness_matched,density,1,43,0.06621277706137829
richness_matched,density,1,44,0.031094477111298535
richness_matched,density,1,45,-0.1401229496754151
richness_matched,density,1,46,-0.019520955251238425
richness_matched,density,1,47,-0.0030883780301553254
richness_matched,density,1,48,0.01479832287367333
richness_matched,density,1,49,0.03705624868917973
richness_matched,density,1,50,0.1408744434135451
richness_matched,density,1,51,0.03015915195447566
richness_matched,density,1,52,0.0037080251030761624
richness_matched,density,1,53,-0.009437835413421913
richness_matched,density,1,54,0.0560298801741852
richness_matched,density,1,55,0.1251802528824496
richness_matched,density,1,56,0.0523259315658664
richness_matched,density,1,57,-0.08107847301814208
richness_matched,density,1,58,-0.08231250416427016
richness_matched,density,1,59,0.17374791058741473
richness_matched,density,1,60,-0.00024922683471378937
richness_matched,density,1,61,-4.991452356162274e-05
richness_matched,density,1,62,-0.07195437624774226
richness_matched,density,1,63,-0.07260822748475343
richness_matched,density,1,64,0.06373450922472051
richness_matched,density,1,65,0.2311871642169605
richness_matched,density,1,66,0.02660535542188469
richness_matched,density,1,67,0.1481949493671707
richness_matched,density,1,68,-0.009537390632485099
richness_matched,density,1,69,0.020161020599558932
richness_matched,density,1,70,0.049940588154428145
richness_matched,density,1,71,0.17995828070616765
richness_matched,density,1,72,-0.013854513410508473
richness_matched,density,1,73,-0.05447413434824061
richness_matched,density,1,74,-0.17780599305667694
richness_matched,density,1,75,0.03187850839295481
richness_matched,density,1,76,0.00488354999374796
richness_matched,density,1,77,0.05798940761441318
richness_matched,density,1,78,0.025352785056258875
richness_matched,density,1,79,0.0019936900065498087
richness_matched,density,1,80,0.11764173677865108
richness_matched,density,1,81,0.18124548459631307
richness_matched,density,1,82,-6.03959154860112e-06
richness_matched,density,1,83,0.006137011392411351
richness_matched,density,1,84,0.027386099036965483
richness_matched,density,1,85,0.04552963682540889
richness_matched,density,1,86,-0.00023399912765864617
richness_matched,density,1,87,0.026820393537437592
richness_matched,density,1,88,0.17710450772356384
richness_matched,density,1,89,0.10167303825760454
richness_matched,density,1,90,0.028801128646925467
richness_matched,density,1,91,0.133700564839213
richness_matched,density,1,92,0.06671529070300625
richness_matched,density,1,93,0.022132397284639338
richness_matched,density,1,94,0.007787082012435165
richness_matched,density,1,95,-0.027881711194700898
richness_matched,density,1,96,0.03767634027908978
richness_matched,density,1,97,0.016147811981605864
richness_matched,density,1,98,0.03087761446973808
richness_matched,density,1,99,-0.07586716829302304
richness_matched,density,1,100,-0.1654179637999506
richness_matched,density,1,101,-0.015542222683170959
richness_matched,density,1,102,-0.00010143380931715296
richness_matched,density,1,103,0.025152430294813066
richness_matched,density,1,104,0.14637876370822717
richness_matched,density,1,105,0.1496099433211387
richness_matched,density,1,106,0.023111313675007072
richness_matched,density,1,107,0.08022969126836299
richness_matched,density,1,108,0.0777052158838607
richness_matched,density,1,109,0.07080525036999419
richness_matched,density,1,110,0.04195597886490399
richness_matched,density,1,111,0.00047411804931346557
richness_matched,density,1,112,0.18938928254651616
richness_matched,density,1,113,-0.0010474193244469077
richness_matched,density,1,114,0.010529114675544127
richness_matched,density,1,115,0.011978432425333752
richness_matched,density,1,116,0.07761994889627499
richness_matched,density,1,117,0.001901789524621722
richness_matched,density,1,118,0.07897531239994432
richness_matched,density,1,119,0.19733133828999366
richness_matched,density,1,120,0.10775782528376421
richness_matched,density,1,121,0.0836490223182923
richness_matched,density,1,122,0.025201061011500603
richness_matched,density,1,123,0.0016318949372361446
richness_matched,density,1,124,0.009223640626538299
richness_matched,density,1,125,0.035755653392671505
richness_matched,density,1,126,0.01728322074780031
richness_matched,density,1,127,0.004720708279089547
richness_matched,density,2,0,0.011984128045980369
richness_matched,density,2,1,0.0002460301212699467
richness_matched,density,2,2,0.02591665005771837
richness_matched,density,2,3,0.0003035730459525765
richness_matched,density,2,4,-1.2124768835997113e-05
richness_matched,density,2,5,0.018242883085893447
richness_matched,density,2,6,0.02497194260017982
richness_matched,density,2,7,3.520601753009833e-05
richness_matched,density,2,8,-0.0006940041789874063
richness_matched,density,2,9,-1.616293253053902e-05
richness_matched,density,2,10,0.004546334494069049
richness_matched,density,2,11,0.18903420205863264
richness_matched,density,2,12,0.017774128171894332
richness_matched,density,2,13,-0.00035448551351346946
richness_matched,density,2,14,-0.0002596845581467888
richness_matched,density,2,15,0.00010825963090654867
richness_matched,density,2,16,0.02839679711302817
richness_matched,density,2,17,0.0005677239813755564
richness_matched,density,2,18,0.004437822974127037
richness_matched,density,2,19,-0.004054197828864958
richness_matched,density,2,20,2.7122319151695606e-07
richness_matched,density,2,21,-0.0022745980945190203
richness_matched,density,2,22,0.001460286826127144
richness_matched,density,2,23,0.12384308655516718
richness_matched,density,2,24,0.021441707217509876
richness_matched,density,2,25,0.00011594744662546397
richness_matched,density,2,26,0.13261649963491007
richness_matched,density,2,27,4.6642649564276883e-05
richness_matched,density,2,28,0.00040203266416183325
richness_matched,density,2,29,0.00013055060588840206
richness_matched,density,2,30,0.0010098206937067533
richness_matched,density,2,31,-0.0004094566297060953
richness_matched,density,2,32,-0.030516859915909855
richness_matched,density,2,33,3.292558320638905e-05
richness_matched,density,2,34,0.004980494210585107
richness_matched,density,2,35,0.1454110976992692
richness_matched,density,2,36,-0.0010399297121029272
richness_matched,density,2,37,0.0003841219794794015
richness_matched,density,2,38,0.0025077291903233268
richness_matched,density,2,39,0.0001853816432022537
richness_matched,density,2,40,0.10669349536398526
richness_matched,density,2,41,0.021562981583400365
richness_matched,density,2,42,0.0002246363020594333
richness_matched,density,2,43,0.00017468927343267104
richness_matched,density,2,44,0.00022763375122347718
richness_matched,density,2,45,-0.000563468186308036
richness_matched,density,2,46,-9.602768683369955e-05
richness_matched,density,2,47,-1.3998490475952696e-05
richness_matched,density,2,48,2.7104905161390302e-05
richness_matched,density,2,49,0.01986685305136071
richness_matched,density,2,50,0.0003365159142951213
richness_matched,density,2,51,-1.0680151955266837e-05
richness_matched,density,2,52,0.005185633715787508
richness_matched,density,2,53,-0.00011664520576659676
richness_matched,density,2,54,0.0020721054833792163
richness_matched,density,2,55,0.0012290000803873435
richness_matched,density,2,56,0.0033692339776473235
richness_matched,density,2,57,-0.0001579809488158057
richness_matched,density,2,58,-0.0021102593172588335
richness_matched,density,2,59,0.17654116238905437
richness_matched,density,2,60,0.0003111510114932603
richness_matched,density,2,61,-0.0010066102928644183
richness_matched,density,2,62,-0.0002380402710301932
richness_matched,density,2,63,-0.0001634235370164272
richness_matched,density,2,64,0.005956354141954279
richness_matched,density,2,65,0.008862808379415943
richness_matched,density,2,66,0.014598268539907033
richness_matched,density,2,67,0.0005010581800506952
richness_matched,density,2,68,-0.00011449510609889968
richness_matched,density,2,69,0.0009442266570551805
richness_matched,density,2,70,0.006242920831626253
richness_matched,density,2,71,0.16537025382814158
richness_matched,density,2,72,-3.685195121794216e-05
richness_matched,density,2,73,-4.70970654120606e-05
richness_matched,density,2,74,-0.003171662889697946
richness_matched,density,2,75,0.01340091117112474
richness_matched,density,2,76,-0.0008738948594813056
richness_matched,density,2,77,0.00013099638226149457
richness_matched,density,2,78,0.019470052586749054
richness_matched,density,2,79,-0.00021389385104386704
richness_matched,density,2,80,0.10795184576776085
richness_matched,density,2,81,0.18080092525123492
richness_matched,density,2,82,1.0720049229695494e-05
richness_matched,density,2,83,1.143116353952145e-05
richness_matched,density,2,84,0.006566533241757377
richness_matched,density,2,85,0.00010676481105259539
richness_matched,density,2,86,0.00016763083448023686
richness_matched,density,2,87,0.0014471663874096041
richness_matched,density,2,88,0.0013094995647706664
richness_matched,density,2,89,0.005531937102801421
richness_matched,density,2,90,0.009958041783864002
richness_matched,density,2,91,0.0013291058808982958
richness_matched,density,2,92,0.00360109434712369
richness_matched,density,2,93,0.021687079690264455
richness_matched,density,2,94,0.0032478507504455356
richness_matched,density,2,95,-4.466562789406936e-05
richness_matched,density,2,96,0.012921070959350467
richness_matched,density,2,97,0.05191772966712849
richness_matched,density,2,98,0.04665998157629053
richness_matched,density,2,99,-0.002427768159321664
richness_matched,density,2,100,-0.0008346916417490413
richness_matched,density,2,101,-0.001390715389989472
richness_matched,density,2,102,-0.0008404751598799498
richness_matched,density,2,103,0.003963453757738988
richness_matched,density,2,104,0.038783656638834596
richness_matched,density,2,105,0.0017445602688395678
richness_matched,density,2,106,0.0001932638036615808
richness_matched,density,2,107,0.007938847123953152
richness_matched,density,2,108,0.0002209615469106474
richness_matched,density,2,109,0.00014537292988214823
richness_matched,density,2,110,0.0034086190954983886
richness_matched,density,2,111,4.951673205022544e-06
richness_matched,density,2,112,0.000585637263787353
richness_matched,density,2,113,1.947298355065019e-06
richness_matched,density,2,114,0.003783543179975868
richness_matched,density,2,115,0.00012115930103950845
richness_matched,density,2,116,0.11072526641665109
richness_matched,density,2,117,-0.00010929316813912404
richness_matched,density,2,118,0.009744245951580688
richness_matched,density,2,119,0.0012221619977585418
richness_matched,density,2,120,0.0013725218234210135
richness_matched,density,2,121,0.024972637444910795
richness_matched,density,2,122,5.8913112319702865e-05
richness_matched,density,2,123,0.005228976127540141
richness_matched,density,2,124,0.01009955610311275
richness_matched,density,2,125,0.048063287039843916
richness_matched,density,2,126,3.50639910775552e-05
richness_matched,density,2,127,0.004258341406522981
visitor_pool,density,0,0,-0.6417998198048631
visitor_pool,density,0,1,-0.602329922826899
visitor_pool,density,0,2,-0.47871780258594687
visitor_pool,density,0,3,-0.48207632298222225
visitor_pool,density,0,4,-0.4951841196692972
visitor_pool,density,0,5,-0.6618335381550206
visitor_pool,density,0,6,-0.5884871466973196
visitor_pool,density,0,7,-0.5364856092906586
visitor_pool,density,0,8,-0.6482084110142768
visitor_pool,density,0,9,-0.6811337286337495
visitor_pool,density,0,10,-0.5075159842639027
visitor_pool,density,0,11,-0.6340943686684741
visitor_pool,density,0,12,-0.4823003748473551
visitor_pool,density,0,13,-0.6440181702078343
visitor_pool,density,0,14,-0.5278724986244714
visitor_pool,density,0,15,-0.6148783245755989
visitor_pool,density,0,16,-0.501427211129643
visitor_pool,density,0,17,-0.6298202944370264
visitor_pool,density,0,18,-0.5599983331925527
visitor_pool,density,0,19,-0.6532705469399609
visitor_pool,density,0,20,-0.5950218787544443
visitor_pool,density,0,21,-0.5636013930328008
visitor_pool,density,0,22,-0.6437414703949229
visitor_pool,density,0,23,-0.44926618123333695
visitor_pool,density,0,24,-0.4771496823748783
visitor_pool,density,0,25,-0.5364880491596161
visitor_pool,density,0,26,-0.41034321768130155
visitor_pool,density,0,27,-0.5816588422970204
visitor_pool,density,0,28,-0.614501867580334
visitor_pool,density,0,29,-0.6016976238122759
visitor_pool,density,0,30,-0.637101146059926
visitor_pool,density,0,31,-0.6087723769365643
visitor_pool,density,0,32,-0.4519072764005374
visitor_pool,density,0,33,-0.5716431086722368
visitor_pool,density,0,34,-0.47600850103973846
visitor_pool,density,0,35,-0.634684338040163
visitor_pool,density,0,36,-0.6042442929553504
visitor_pool,density,0,37,-0.5867877412194524
visitor_pool,density,0,38,-0.6329109938164499
visitor_pool,density,0,39,-0.5582078482190707
visitor_pool,density,0,40,-0.6648643356211558
visitor_pool,density,0,41,-0.4630433954044889
visitor_pool,density,0,42,-0.46669947858007166
visitor_pool,density,0,43,-0.5630629303026007
visitor_pool,density,0,44,-0.6068210919222586
visitor_pool,density,0,45,-0.6693934658079345
visitor_pool,density,0,46,-0.48913281023573457
visitor_pool,density,0,47,-0.6395338361244065
visitor_pool,density,0,48,-0.6071882701471183
visitor_pool,density,0,49,-0.5594655932016958
visitor_pool,density,0,50,-0.5620944775803447
visitor_pool,density,0,51,-0.6044677502645645
visitor_pool,density,0,52,-0.5093322178422928
visitor_pool,density,0,53,-0.48996205355794265
visitor_pool,density,0,54,-0.5019397581633412
visitor_pool,density,0,55,-0.5803972578252191
visitor_pool,density,0,56,-0.5664935537886069
visitor_pool,density,0,57,-0.6219902526728642
visitor_pool,density,0,58,-0.682281064811108
visitor_pool,density,0,59,-0.4187528154743413
visitor_pool,density,0,60,-0.4354904583096999
visitor_pool,density,0,61,-0.5565348079167916
visitor_pool,density,0,62,-0.5487429038571182
visitor_pool,density,0,63,-0.5483457592971746
visitor_pool,density,0,64,-0.47086327255046245
visitor_pool,density,0,65,-0.44107850562416073
visitor_pool,density,0,66,-0.560930417577557
visitor_pool,density,0,67,-0.6360409496923387
visitor_pool,density,0,68,-0.6362387796538711
visitor_pool,density,0,69,-0.6447594463831078
visitor_pool,density,0,70,-0.46262959278026594
visitor_pool,density,0,71,-0.6751100421195795
visitor_pool,density,0,72,-0.6350685419428164
visitor_pool,density,0,73,-0.48411785695440146
visitor_pool,density,0,74,-0.5461631231164165
visitor_pool,density,0,75,-0.6789377875331306
visitor_pool,density,0,76,-0.6639063272717918
visitor_pool,density,0,77,-0.48822464783146946
visitor_pool,density,0,78,-0.4911493283249869
visitor_pool,density,0,79,-0.6504881814727648
visitor_pool,density,0,80,-0.4676291786966326
visitor_pool,density,0,81,-0.5129472634200166
visitor_pool,density,0,82,-0.6728131622116416
visitor_pool,density,0,83,-0.5584362107430951
visitor_pool,density,0,84,-0.6224526164416615
visitor_pool,density,0,85,-0.662785032371947
visitor_pool,density,0,86,-0.5742789882382333
visitor_pool,density,0,87,-0.6558728267609506
visitor_pool,density,0,88,-0.6752450913663417
visitor_pool,density,0,89,-0.571157469461022
visitor_pool,density,0,90,-0.43869058709096365
visitor_pool,density,0,91,-0.6547610994281314
visitor_pool,density,0,92,-0.5288139340126876
visitor_pool,density,0,93,-0.47382612240479627
visitor_pool,density,0,94,-0.6632283189699708
visitor_pool,density,0,95,-0.6847101677613896
visitor_pool,density,0,96,-0.5312070119456754
visitor_pool,density,0,97,-0.46795143586060395
visitor_pool,density,0,98,-0.4906991177060247
visitor_pool,density,0,99,-0.5198318333506091
visitor_pool,density,0,100,-0.5698212920435909
visitor_pool,density,0,101,-0.49700164229895244
visitor_pool,density,0,102,-0.4323691867189685
visitor_pool,density,0,103,-0.6613610339598903
visitor_pool,density,0,104,-0.6654787056050107
visitor_pool,density,0,105,-0.602325104478665
visitor_pool,density,0,106,-0.5055935007086624
visitor_pool,density,0,107,-0.5668110085896088
visitor_pool,density,0,108,-0.5500055572432268
visitor_pool,density,0,109,-0.6481463872333677
visitor_pool,density,0,110,-0.6027873005196638
visitor_pool,density,0,111,-0.5280520128449891
visitor_pool,density,0,112,-0.5075132246354344
visitor_pool,density,0,113,-0.4829687607819732
visitor_pool,density,0,114,-0.5233586656773641
visitor_pool,density,0,115,-0.6066864743718814
visitor_pool,density,0,116,-0.5822715484997749
visitor_pool,density,0,117,-0.5048715086280171
visitor_pool,density,0,118,-0.5126727738624524
visitor_pool,density,0,119,-0.5795068244719235
visitor_pool,density,0,120,-0.44488930846246055
visitor_pool,density,0,121,-0.5264909347060535
visitor_pool,density,0,122,-0.6136932589394328
visitor_pool,density,0,123,-0.5500218098329233
visitor_pool,density,0,124,-0.513136040481441
visitor_pool,density,0,125,-0.6356683380540042
visitor_pool,density,0,126,-0.502318321205939
visitor_pool,density,0,127,-0.5340559833871049
visitor_pool,density,1,0,-0.6699617940398578
visitor_pool,density,1,1,-0.5667706199371335
visitor_pool,density,1,2,-0.5082195073045952
visitor_pool,density,1,3,-0.5172893826633084
visitor_pool,density,1,4,-0.5203419286685842
visitor_pool,density,1,5,-0.6010881754377247
visitor_pool,density,1,6,-0.5665000962509925
visitor_pool,density,1,7,-0.5139952109207201
visitor_pool,density,1,8,-0.622172461910728
visitor_pool,density,1,9,-0.6845209587142881
visitor_pool,density,1,10,-0.4906710583819872
visitor_pool,density,1,11,-0.6452633832675991
visitor_pool,density,1,12,-0.4886966489104918
visitor_pool,density,1,13,-0.6074479901357419
visitor_pool,density,1,14,-0.5020412420594275
visitor_pool,density,1,15,-0.5721526060679725
visitor_pool,density,1,16,-0.5485303392492378
visitor_pool,density,1,17,-0.5949343404320482
visitor_pool,density,1,18,-0.5180559377575695
visitor_pool,density,1,19,-0.6216573873590778
visitor_pool,density,1,20,-0.5458839346048726
visitor_pool,density,1,21,-0.5201473049830174
visitor_pool,density,1,22,-0.5865504094599028
visitor_pool,density,1,23,-0.47948094948042125
visitor_pool,density,1,24,-0.5308470513980054
visitor_pool,density,1,25,-0.5681503243525053
visitor_pool,density,1,26,-0.46054137422879826
visitor_pool,density,1,27,-0.5324812813643729
visitor_pool,density,1,28,-0.6442802230520085
visitor_pool,density,1,29,-0.5585569486585673
visitor_pool,density,1,30,-0.6089774424435273
visitor_pool,density,1,31,-0.5724453195890785
visitor_pool,density,1,32,-0.48823638226682003
visitor_pool,density,1,33,-0.5169358028589743
visitor_pool,density,1,34,-0.5134171280361353
visitor_pool,density,1,35,-0.5717102259327517
visitor_pool,density,1,36,-0.5495614522962726
visitor_pool,density,1,37,-0.5563995287217994
visitor_pool,density,1,38,-0.6163181065232475
visitor_pool,density,1,39,-0.5419066490580084
visitor_pool,density,1,40,-0.6238364176174049
visitor_pool,density,1,41,-0.5049282866328972
visitor_pool,density,1,42,-0.5185251575781793
visitor_pool,density,1,43,-0.5390235322857065
visitor_pool,density,1,44,-0.5554813096500255
visitor_pool,density,1,45,-0.6693553998453887
visitor_pool,density,1,46,-0.5137153851391778
visitor_pool,density,1,47,-0.5903236492384631
visitor_pool,density,1,48,-0.5758254756873272
visitor_pool,density,1,49,-0.5245295254609081
visitor_pool,density,1,50,-0.5181509800624097
visitor_pool,density,1,51,-0.5729084647186011
visitor_pool,density,1,52,-0.5058883620580304
visitor_pool,density,1,53,-0.5365521229372474
visitor_pool,density,1,54,-0.5160027500425893
visitor_pool,density,1,55,-0.5344199157504916
visitor_pool,density,1,56,-0.5637510933169327
visitor_pool,density,1,57,-0.5991672046566181
visitor_pool,density,1,58,-0.6579797785501911
visitor_pool,density,1,59,-0.46565623892091135
visitor_pool,density,1,60,-0.4879551957286835
visitor_pool,density,1,61,-0.5534552392405815
visitor_pool,density,1,62,-0.5554303128574568
visitor_pool,density,1,63,-0.5050388832656939
visitor_pool,density,1,64,-0.5148561807647218
visitor_pool,density,1,65,-0.4840040243444761
visitor_pool,density,1,66,-0.5709743071092145
visitor_pool,density,1,67,-0.61000725869565
visitor_pool,density,1,68,-0.5925021640064492
visitor_pool,density,1,69,-0.6279128011832893
visitor_pool,density,1,70,-0.5107375200107347
visitor_pool,density,1,71,-0.6495331925881055
visitor_pool,density,1,72,-0.6253259164213847
visitor_pool,density,1,73,-0.5293062800489304
visitor_pool,density,1,74,-0.5166964606366149
visitor_pool,density,1,75,-0.6836034380542566
visitor_pool,density,1,76,-0.6352292863768517
visitor_pool,density,1,77,-0.5112631698097675
visitor_pool,density,1,78,-0.5183553206698271
visitor_pool,density,1,79,-0.6490001363899747
visitor_pool,density,1,80,-0.49653318774371813
visitor_pool,density,1,81,-0.5322145210251509
visitor_pool,density,1,82,-0.6860012589357651
visitor_pool,density,1,83,-0.5157687416488856
visitor_pool,density,1,84,-0.5729105059281805
visitor_pool,density,1,85,-0.66653211566003
visitor_pool,density,1,86,-0.5493937393190982
visitor_pool,density,1,87,-0.604335939750021
visitor_pool,density,1,88,-0.6528255140476804
visitor_pool,density,1,89,-0.5296999875756863
visitor_pool,density,1,90,-0.48932202004673014
visitor_pool,density,1,91,-0.63905531596656
visitor_pool,density,1,92,-0.5357685212040134
visitor_pool,density,1,93,-0.5216163819967186
visitor_pool,density,1,94,-0.6479480109500665
visitor_pool,density,1,95,-0.6543471406986363
visitor_pool,density,1,96,-0.5339539792177661
visitor_pool,density,1,97,-0.5162056756221249
visitor_pool,density,1,98,-0.5502601226507412
visitor_pool,density,1,99,-0.5169388368765199
visitor_pool,density,1,100,-0.5341806954815824
visitor_pool,density,1,101,-0.48866462269579436
visitor_pool,density,1,102,-0.47307220004407347
visitor_pool,density,1,103,-0.634482357190035
visitor_pool,density,1,104,-0.7005131315842557
visitor_pool,density,1,105,-0.5596162063115553
visitor_pool,density,1,106,-0.5260893742700361
visitor_pool,density,1,107,-0.5492600827130777
visitor_pool,density,1,108,-0.5208917552663197
visitor_pool,density,1,109,-0.6176973775430885
visitor_pool,density,1,110,-0.5423246715759293
visitor_pool,density,1,111,-0.5292846778388731
visitor_pool,density,1,112,-0.529421467487238
visitor_pool,density,1,113,-0.49452399349793474
visitor_pool,density,1,114,-0.5462646712361822
visitor_pool,density,1,115,-0.6136070411446517
visitor_pool,density,1,116,-0.5453524751234389
visitor_pool,density,1,117,-0.5580346879107796
visitor_pool,density,1,118,-0.529697325074377
visitor_pool,density,1,119,-0.5380418714946332
visitor_pool,density,1,120,-0.4834416861986826
visitor_pool,density,1,121,-0.5531760899708835
visitor_pool,density,1,122,-0.5815334069325384
visitor_pool,density,1,123,-0.5298969564769958
visitor_pool,density,1,124,-0.5342333061574633
visitor_pool,density,1,125,-0.5970499769146823
visitor_pool,density,1,126,-0.5120889542757023
visitor_pool,density,1,127,-0.5357091868594953
visitor_pool,density,2,0,-0.5245030905848487
visitor_pool,density,2,1,-0.5120766074170876
visitor_pool,density,2,2,-0.5501940349032322
visitor_pool,density,2,3,-0.554979872935361
visitor_pool,density,2,4,-0.5585590171808643
visitor_pool,density,2,5,-0.5719077221758211
visitor_pool,density,2,6,-0.5218514559999112
visitor_pool,density,2,7,-0.529798223774694
visitor_pool,density,2,8,-0.5792880235299105
visitor_pool,density,2,9,-0.5735995054831162
visitor_pool,density,2,10,-0.49398638109138066
visitor_pool,density,2,11,-0.5092775284410109
visitor_pool,density,2,12,-0.5101234722303956
visitor_pool,density,2,13,-0.5479737246690968
visitor_pool,density,2,14,-0.5149365806315518
visitor_pool,density,2,15,-0.520753655199474
visitor_pool,density,2,16,-0.5903213413263977
visitor_pool,density,2,17,-0.5552256355880554
visitor_pool,density,2,18,-0.5160606003662691
visitor_pool,density,2,19,-0.5701721701316123
visitor_pool,density,2,20,-0.5133262803870027
visitor_pool,density,2,21,-0.5423941003866677
visitor_pool,density,2,22,-0.5692077110093157
visitor_pool,density,2,23,-0.502961324617109
visitor_pool,density,2,24,-0.5748957971404188
visitor_pool,density,2,25,-0.6023804475336423
visitor_pool,density,2,26,-0.4916217510272334
visitor_pool,density,2,27,-0.532655372223813
visitor_pool,density,2,28,-0.505186988150746
visitor_pool,density,2,29,-0.5054101959384323
visitor_pool,density,2,30,-0.5318128466779745
visitor_pool,density,2,31,-0.5754913403191775
visitor_pool,density,2,32,-0.5187955367170447
visitor_pool,density,2,33,-0.4924232205731414
visitor_pool,density,2,34,-0.5522875618526568
visitor_pool,density,2,35,-0.5670839002046788
visitor_pool,density,2,36,-0.5224633626869926
visitor_pool,density,2,37,-0.48904167304610935
visitor_pool,density,2,38,-0.5262009744323342
visitor_pool,density,2,39,-0.5703060042153602
visitor_pool,density,2,40,-0.5622731702615174
visitor_pool,density,2,41,-0.5425920423566553
visitor_pool,density,2,42,-0.5642366515690654
visitor_pool,density,2,43,-0.5410154683368327
visitor_pool,density,2,44,-0.5403960620391672
visitor_pool,density,2,45,-0.5525006942383783
visitor_pool,density,2,46,-0.5511323456580256
visitor_pool,density,2,47,-0.5440043236815761
visitor_pool,density,2,48,-0.5789830539796603
visitor_pool,density,2,49,-0.5392594169472967
visitor_pool,density,2,50,-0.5247964063734052
visitor_pool,density,2,51,-0.5763737691318171
visitor_pool,density,2,52,-0.5314918667698678
visitor_pool,density,2,53,-0.5761522459840047
visitor_pool,density,2,54,-0.54158121412617
visitor_pool,density,2,55,-0.5252041176908437
visitor_pool,density,2,56,-0.5850960751923849
visitor_pool,density,2,57,-0.5161107818667731
visitor_pool,density,2,58,-0.5878260586529871
visitor_pool,density,2,59,-0.4927850651293378
visitor_pool,density,2,60,-0.5248987371729954
visitor_pool,density,2,61,-0.584266226371635
visitor_pool,density,2,62,-0.579568604130767
visitor_pool,density,2,63,-0.5037338640124869
visitor_pool,density,2,64,-0.5486516258559397
visitor_pool,density,2,65,-0.5166931138387705
visitor_pool,density,2,66,-0.5945634224094822
visitor_pool,density,2,67,-0.5423216189729663
visitor_pool,density,2,68,-0.593552736385069
visitor_pool,density,2,69,-0.5473793848841436
visitor_pool,density,2,70,-0.5525683404156669
visitor_pool,density,2,71,-0.5644529829278966
visitor_pool,density,2,72,-0.5238850674368811
visitor_pool,density,2,73,-0.5632674023042439
visitor_pool,density,2,74,-0.534373937009397
visitor_pool,density,2,75,-0.555698532560992
visitor_pool,density,2,76,-0.5465762893427926
visitor_pool,density,2,77,-0.5455951982851923
visitor_pool,density,2,78,-0.5567781800328037
visitor_pool,density,2,79,-0.5305252191680727
visitor_pool,density,2,80,-0.5304333847399343
visitor_pool,density,2,81,-0.56373204794492
visitor_pool,density,2,82,-0.5497984284825287
visitor_pool,density,2,83,-0.5209557131679425
visitor_pool,density,2,84,-0.5333587347457496
visitor_pool,density,2,85,-0.5415825387584983
visitor_pool,density,2,86,-0.5662908445777637
visitor_pool,density,2,87,-0.5620283354330216
visitor_pool,density,2,88,-0.5808645735631568
visitor_pool,density,2,89,-0.5209067663024667
visitor_pool,density,2,90,-0.5179873101979575
visitor_pool,density,2,91,-0.5253194495817806
visitor_pool,density,2,92,-0.5635231875881039
visitor_pool,density,2,93,-0.5653482102277099
visitor_pool,density,2,94,-0.542198623700209
visitor_pool,density,2,95,-0.5791888764143185
visitor_pool,density,2,96,-0.5624571055235641
visitor_pool,density,2,97,-0.5533060026055834
visitor_pool,density,2,98,-0.5950321103868306
visitor_pool,density,2,99,-0.5475042448602747
visitor_pool,density,2,100,-0.5295934441470516
visitor_pool,density,2,101,-0.5034707059901323
visitor_pool,density,2,102,-0.46990093090538804
visitor_pool,density,2,103,-0.5647130955260078
visitor_pool,density,2,104,-0.5343378638251917
visitor_pool,density,2,105,-0.5370862965046621
visitor_pool,density,2,106,-0.5623224867084711
visitor_pool,density,2,107,-0.5679409955417195
visitor_pool,density,2,108,-0.536977664731741
visitor_pool,density,2,109,-0.5545937672540571
visitor_pool,density,2,110,-0.5518144520515604
visitor_pool,density,2,111,-0.5505589781824214
visitor_pool,density,2,112,-0.5643544223818651
visitor_pool,density,2,113,-0.5264936731072755
visitor_pool,density,2,114,-0.5863604732525438
visitor_pool,density,2,115,-0.47579822224116153
visitor_pool,density,2,116,-0.5609327386281278
visitor_pool,density,2,117,-0.5967114750213114
visitor_pool,density,2,118,-0.5677874789267342
visitor_pool,density,2,119,-0.5090065445333307
visitor_pool,density,2,120,-0.5122209427895206
visitor_pool,density,2,121,-0.5910862902038481
visitor_pool,density,2,122,-0.5264642959402499
visitor_pool,density,2,123,-0.5588779487620161
visitor_pool,density,2,124,-0.5742989477066827
visitor_pool,density,2,125,-0.5698238509692035
visitor_pool,density,2,126,-0.554501783139741
visitor_pool,density,2,127,-0.5693739631287664
large_plants,density,0,0,-0.3992500551836477
large_plants,density,0,1,-0.5201351714715622
large_plants,density,0,2,-0.42831483836495854
large_plants,density,0,3,-0.546824557445179
large_plants,density,0,4,-0.45710264982565185
large_plants,density,0,5,-0.4501786357424501
large_plants,density,0,6,-0.17484104641644305
large_plants,density,0,7,-0.6528789749481256
large_plants,density,0,8,-0.5623658725194021
large_plants,density,0,9,-0.6686262149641728
large_plants,density,0,10,-0.17044858393017134
large_plants,density,0,11,-0.28314008082656245
large_plants,density,0,12,-0.3106261879849504
large_plants,density,0,13,-0.6762665092797312
large_plants,density,0,14,-0.718897817603173
large_plants,density,0,15,-0.4845669919140685
large_plants,density,0,16,-0.44086648052124205
large_plants,density,0,17,-0.2005448788654588
large_plants,density,0,18,-0.2559916219822453
large_plants,density,0,19,-0.6781095794980248
large_plants,density,0,20,-0.5962570256022062
large_plants,density,0,21,-0.47396261104842663
large_plants,density,0,22,-0.4507905228768191
large_plants,density,0,23,-0.35496819485845404
large_plants,density,0,24,-0.2571018196050813
large_plants,density,0,25,-0.6751274956347568
large_plants,density,0,26,-0.30635076940357475
large_plants,density,0,27,-0.6816225113424363
large_plants,density,0,28,-0.673302109892163
large_plants,density,0,29,-0.5495657059662935
large_plants,density,0,30,-0.17655527894539
large_plants,density,0,31,-0.4442882275197523
large_plants,density,0,32,-0.6708208907667346
large_plants,density,0,33,-0.6248877292692725
large_plants,density,0,34,-0.479968365869923
large_plants,density,0,35,-0.32433358814491536
large_plants,density,0,36,-0.4662671398903826
large_plants,density,0,37,-0.3904782080180398
large_plants,density,0,38,-0.2703778430131873
large_plants,density,0,39,-0.6092526239252105
large_plants,density,0,40,-0.4758645856805603
large_plants,density,0,41,-0.418752529190457
large_plants,density,0,42,-0.4462279588091883
large_plants,density,0,43,-0.484737994383425
large_plants,density,0,44,-0.41316612126370955
large_plants,density,0,45,-0.6206181769116521
large_plants,density,0,46,-0.7164437750163868
large_plants,density,0,47,-0.63993078470166
large_plants,density,0,48,-0.44121921138034653
large_plants,density,0,49,-0.17511204097232264
large_plants,density,0,50,-0.3954949801725167
large_plants,density,0,51,-0.4889524368293338
large_plants,density,0,52,-0.4694697722208256
large_plants,density,0,53,-0.5517367901875698
large_plants,density,0,54,-0.3694593005118383
large_plants,density,0,55,-0.43335186770675505
large_plants,density,0,56,-0.4742222763437499
large_plants,density,0,57,-0.6425368992184437
large_plants,density,0,58,-0.5731907396514597
large_plants,density,0,59,-0.12066928547999234
large_plants,density,0,60,-0.6554931485001211
large_plants,density,0,61,-0.47599589648230023
large_plants,density,0,62,-0.6569844315728193
large_plants,density,0,63,-0.6026913880270175
large_plants,density,0,64,-0.35948988427026235
large_plants,density,0,65,-0.33074254195670383
large_plants,density,0,66,-0.6851688670340756
large_plants,density,0,67,-0.4441670393128509
large_plants,density,0,68,-0.5649424331706663
large_plants,density,0,69,-0.3232705180660701
large_plants,density,0,70,-0.4144692386978112
large_plants,density,0,71,-0.2987155593766133
large_plants,density,0,72,-0.4311799075370256
large_plants,density,0,73,-0.7066922082871782
large_plants,density,0,74,-0.6946808151862144
large_plants,density,0,75,-0.24171731688961573
large_plants,density,0,76,-0.45690445087439224
large_plants,density,0,77,-0.3686325174502943
large_plants,density,0,78,-0.3082402789538872
large_plants,density,0,79,-0.5860168176712846
large_plants,density,0,80,-0.34841582715621316
large_plants,density,0,81,-0.3018441160495178
large_plants,density,0,82,-0.6740509024915088
large_plants,density,0,83,-0.32618183575824267
large_plants,density,0,84,-0.23869521442813052
large_plants,density,0,85,-0.5641237281636938
large_plants,density,0,86,-0.6068060593239937
large_plants,density,0,87,-0.5115709671068388
large_plants,density,0,88,-0.35570019353852167
large_plants,density,0,89,-0.38106993348074064
large_plants,density,0,90,-0.35795426510415695
large_plants,density,0,91,-0.28200012555948534
large_plants,density,0,92,-0.27470588564238874
large_plants,density,0,93,-0.4143548000149416
large_plants,density,0,94,-0.4675493344352345
large_plants,density,0,95,-0.5146309150868444
large_plants,density,0,96,-0.2987853965600319
large_plants,density,0,97,-0.3972380432176497
large_plants,density,0,98,-0.39212250481189787
large_plants,density,0,99,-0.5135666344605193
large_plants,density,0,100,-0.6205796591208952
large_plants,density,0,101,-0.45677108227838903
large_plants,density,0,102,-0.3363949823547534
large_plants,density,0,103,-0.31143040679825623
large_plants,density,0,104,-0.24650872787217099
large_plants,density,0,105,-0.4707882345761608
large_plants,density,0,106,-0.41486226594984005
large_plants,density,0,107,-0.25596932019976576
large_plants,density,0,108,-0.5693110115451899
large_plants,density,0,109,-0.5277551472858778
large_plants,density,0,110,-0.39629765071844647
large_plants,density,0,111,-0.5237312924658095
large_plants,density,0,112,-0.4113242208204422
large_plants,density,0,113,-0.5326702934554641
large_plants,density,0,114,-0.397811831208995
large_plants,density,0,115,-0.4041528802675508
large_plants,density,0,116,-0.32773019915747253
large_plants,density,0,117,-0.43460055445511514
large_plants,density,0,118,-0.2781482149857679
large_plants,density,0,119,-0.6029958769916407
large_plants,density,0,120,-0.3733917595647587
large_plants,density,0,121,-0.3547818487804337
large_plants,density,0,122,-0.6556661215891381
large_plants,density,0,123,-0.23749442372428853
large_plants,density,0,124,-0.46773274461341263
large_plants,density,0,125,-0.4377499460972712
large_plants,density,0,126,-0.6982401757395278
large_plants,density,0,127,-0.41654501479751
large_plants,density,1,0,-0.4557056237055143
large_plants,density,1,1,-0.48533287879240616
large_plants,density,1,2,-0.4799256972155472
large_plants,density,1,3,-0.5933056296039071
large_plants,density,1,4,-0.5081984375463481
large_plants,density,1,5,-0.47288094815615433
large_plants,density,1,6,-0.22663677968971857
large_plants,density,1,7,-0.6409059418863683
large_plants,density,1,8,-0.5635553495921811
large_plants,density,1,9,-0.7033527860291096
large_plants,density,1,10,-0.19005235213360688
large_plants,density,1,11,-0.28419241069746903
large_plants,density,1,12,-0.35195201886829774
large_plants,density,1,13,-0.4929093007779225
large_plants,density,1,14,-0.7346800787136788
large_plants,density,1,15,-0.46620126294747133
large_plants,density,1,16,-0.4791137991361066
large_plants,density,1,17,-0.22315799625890553
large_plants,density,1,18,-0.30354130158717524
large_plants,density,1,19,-0.6244864757378854
large_plants,density,1,20,-0.624018688786052
large_plants,density,1,21,-0.47834705910457187
large_plants,density,1,22,-0.439395485338696
large_plants,density,1,23,-0.3926585701266789
large_plants,density,1,24,-0.31733080829645777
large_plants,density,1,25,-0.7120896113482438
large_plants,density,1,26,-0.3347969360191558
large_plants,density,1,27,-0.7526727497594718
large_plants,density,1,28,-0.6899991930368747
large_plants,density,1,29,-0.5457333951453699
large_plants,density,1,30,-0.19233889708406343
large_plants,density,1,31,-0.42994021589862574
large_plants,density,1,32,-0.5329319814663847
large_plants,density,1,33,-0.6262345789852035
large_plants,density,1,34,-0.5739739472949792
large_plants,density,1,35,-0.33530725869147504
large_plants,density,1,36,-0.43266553236849836
large_plants,density,1,37,-0.36800113733637274
large_plants,density,1,38,-0.3072986727470478
large_plants,density,1,39,-0.5689644211968905
large_plants,density,1,40,-0.5545639578476891
large_plants,density,1,41,-0.45393279005273607
large_plants,density,1,42,-0.4600795459512319
large_plants,density,1,43,-0.5086627685769229
large_plants,density,1,44,-0.45885537533037635
large_plants,density,1,45,-0.6497956244999761
large_plants,density,1,46,-0.7896873873579685
large_plants,density,1,47,-0.6835642876856836
large_plants,density,1,48,-0.42015104378768453
large_plants,density,1,49,-0.21400308898796588
large_plants,density,1,50,-0.32902115941351767
large_plants,density,1,51,-0.5066009300950516
large_plants,density,1,52,-0.5497930265593568
large_plants,density,1,53,-0.5854886626411302
large_plants,density,1,54,-0.425164501926221
large_plants,density,1,55,-0.47098927038795557
large_plants,density,1,56,-0.5488732082795826
large_plants,density,1,57,-0.6048747972308262
large_plants,density,1,58,-0.49614893877608635
large_plants,density,1,59,-0.14284457190839617
large_plants,density,1,60,-0.6800644797429679
large_plants,density,1,61,-0.5083820034693525
large_plants,density,1,62,-0.6355275932616794
large_plants,density,1,63,-0.6430172255545553
large_plants,density,1,64,-0.4142101043304525
large_plants,density,1,65,-0.41489565077359
large_plants,density,1,66,-0.511248189977774
large_plants,density,1,67,-0.5119787473473468
large_plants,density,1,68,-0.5782688204716631
large_plants,density,1,69,-0.37333622680546363
large_plants,density,1,70,-0.4102686798909708
large_plants,density,1,71,-0.344803105738435
large_plants,density,1,72,-0.4744769794573288
large_plants,density,1,73,-0.7246349198474688
large_plants,density,1,74,-0.7172925804169128
large_plants,density,1,75,-0.2784887195199682
large_plants,density,1,76,-0.43205061761842156
large_plants,density,1,77,-0.3496142490069438
large_plants,density,1,78,-0.3656503297319814
large_plants,density,1,79,-0.5470482141240108
large_plants,density,1,80,-0.3532943449274699
large_plants,density,1,81,-0.3241957001974956
large_plants,density,1,82,-0.671093973268555
large_plants,density,1,83,-0.3672133111071302
large_plants,density,1,84,-0.272461369610435
large_plants,density,1,85,-0.5149137521376788
large_plants,density,1,86,-0.5450246819316368
large_plants,density,1,87,-0.5421743517467477
large_plants,density,1,88,-0.4134425601170715
large_plants,density,1,89,-0.4394577553960824
large_plants,density,1,90,-0.41505591062501074
large_plants,density,1,91,-0.290542072149359
large_plants,density,1,92,-0.34851045125326957
large_plants,density,1,93,-0.4491889674098333
large_plants,density,1,94,-0.5312427825696591
large_plants,density,1,95,-0.5478348231488672
large_plants,density,1,96,-0.30825019219591326
large_plants,density,1,97,-0.450615109053459
large_plants,density,1,98,-0.4302061080729292
large_plants,density,1,99,-0.4583845025713245
large_plants,density,1,100,-0.657717401087907
large_plants,density,1,101,-0.49184542442787904
large_plants,density,1,102,-0.3823875345086454
large_plants,density,1,103,-0.3736824666287984
large_plants,density,1,104,-0.27409385818569215
large_plants,density,1,105,-0.5131482569511103
large_plants,density,1,106,-0.4503964686526758
large_plants,density,1,107,-0.35095707369996143
large_plants,density,1,108,-0.5430257020940502
large_plants,density,1,109,-0.47389362623480547
large_plants,density,1,110,-0.4451414476139897
large_plants,density,1,111,-0.5488057943204736
large_plants,density,1,112,-0.4345600953279213
large_plants,density,1,113,-0.432809774139805
large_plants,density,1,114,-0.4506173278012929
large_plants,density,1,115,-0.4287249615619379
large_plants,density,1,116,-0.35580808100852107
large_plants,density,1,117,-0.4723487749042441
large_plants,density,1,118,-0.3197405564218871
large_plants,density,1,119,-0.52765691904068
large_plants,density,1,120,-0.38187991018770895
large_plants,density,1,121,-0.4098399928423288
large_plants,density,1,122,-0.6797005102947319
large_plants,density,1,123,-0.2764980250324967
large_plants,density,1,124,-0.5456286926737328
large_plants,density,1,125,-0.5060602437301667
large_plants,density,1,126,-0.7273520262757142
large_plants,density,1,127,-0.45225502484270885
large_plants,density,2,0,-0.48400387632207936
large_plants,density,2,1,-0.34717510847823335
large_plants,density,2,2,-0.5068464686302387
large_plants,density,2,3,-0.6162847122159301
large_plants,density,2,4,-0.540791593202925
large_plants,density,2,5,-0.4807464493655519
large_plants,density,2,6,-0.2216706598500976
large_plants,density,2,7,-0.5341775211354889
large_plants,density,2,8,-0.5412605157127041
large_plants,density,2,9,-0.531968196900625
large_plants,density,2,10,-0.19289604303372915
large_plants,density,2,11,-0.2901108746480463
large_plants,density,2,12,-0.3579048149557871
large_plants,density,2,13,-0.5168940793823693
large_plants,density,2,14,-0.6070194256616714
large_plants,density,2,15,-0.33812536703226764
large_plants,density,2,16,-0.49395320076880567
large_plants,density,2,17,-0.23110878892139414
large_plants,density,2,18,-0.3307472561514509
large_plants,density,2,19,-0.5812135674427037
large_plants,density,2,20,-0.4365279033481642
large_plants,density,2,21,-0.4999908266695365
large_plants,density,2,22,-0.45853584661052876
large_plants,density,2,23,-0.3515360703875246
large_plants,density,2,24,-0.34424779880316686
large_plants,density,2,25,-0.5349436425239849
large_plants,density,2,26,-0.3603660051966228
large_plants,density,2,27,-0.5934106980183859
large_plants,density,2,28,-0.2885469752749185
large_plants,density,2,29,-0.4094648979139713
large_plants,density,2,30,-0.20376983685210381
large_plants,density,2,31,-0.2763238686393237
large_plants,density,2,32,-0.5086432509101131
large_plants,density,2,33,-0.46927861381087027
large_plants,density,2,34,-0.5998972680286614
large_plants,density,2,35,-0.3442832338474784
large_plants,density,2,36,-0.44468176098654383
large_plants,density,2,37,-0.3579822104626767
large_plants,density,2,38,-0.320897944361859
large_plants,density,2,39,-0.445359847166314
large_plants,density,2,40,-0.5022405265893128
large_plants,density,2,41,-0.4533781206931473
large_plants,density,2,42,-0.46310457086185086
large_plants,density,2,43,-0.5014859725029577
large_plants,density,2,44,-0.47085385851981726
large_plants,density,2,45,-0.4646795382653108
large_plants,density,2,46,-0.604800180144776
large_plants,density,2,47,-0.4573494240577695
large_plants,density,2,48,-0.2687277354699483
large_plants,density,2,49,-0.22453582709427222
large_plants,density,2,50,-0.31189877630015594
large_plants,density,2,51,-0.35246636136622717
large_plants,density,2,52,-0.5936125892029147
large_plants,density,2,53,-0.3940025725276643
large_plants,density,2,54,-0.45321216319187835
large_plants,density,2,55,-0.4950719267148571
large_plants,density,2,56,-0.5887648622893571
large_plants,density,2,57,-0.5008079191830458
large_plants,density,2,58,-0.4192124952731649
large_plants,density,2,59,-0.1517282255294442
large_plants,density,2,60,-0.5024913293927906
large_plants,density,2,61,-0.5457510521743527
large_plants,density,2,62,-0.5896943951467513
large_plants,density,2,63,-0.45618536667734844
large_plants,density,2,64,-0.4322788965958659
large_plants,density,2,65,-0.443988568120782
large_plants,density,2,66,-0.5354063295915756
large_plants,density,2,67,-0.5325585957602461
large_plants,density,2,68,-0.43539159120464394
large_plants,density,2,69,-0.4095341483431613
large_plants,density,2,70,-0.4276694077274179
large_plants,density,2,71,-0.3721394524903636
large_plants,density,2,72,-0.26851665630947164
large_plants,density,2,73,-0.534258996922157
large_plants,density,2,74,-0.5798845431722428
large_plants,density,2,75,-0.28992928805208923
large_plants,density,2,76,-0.4592873570654739
large_plants,density,2,77,-0.2736212948691802
large_plants,density,2,78,-0.38744223036990216
large_plants,density,2,79,-0.49758160277908003
large_plants,density,2,80,-0.33297524475529733
large_plants,density,2,81,-0.3438096844317322
large_plants,density,2,82,-0.49920540192595775
large_plants,density,2,83,-0.1749750946344098
large_plants,density,2,84,-0.2831962979485446
large_plants,density,2,85,-0.4165818804135879
large_plants,density,2,86,-0.5590865484723553
large_plants,density,2,87,-0.5687659065809325
large_plants,density,2,88,-0.4364252444859627
large_plants,density,2,89,-0.4655527094513849
large_plants,density,2,90,-0.43681629916725423
large_plants,density,2,91,-0.29555527343081806
large_plants,density,2,92,-0.39648595030662487
large_plants,density,2,93,-0.4880837849374317
large_plants,density,2,94,-0.5809724782659618
large_plants,density,2,95,-0.4197411387498234
large_plants,density,2,96,-0.3032110124104485
large_plants,density,2,97,-0.44768942832074676
large_plants,density,2,98,-0.4354360886244524
large_plants,density,2,99,-0.4007955452400603
large_plants,density,2,100,-0.4420570451145763
large_plants,density,2,101,-0.498793523619074
large_plants,density,2,102,-0.40773873187711734
large_plants,density,2,103,-0.39164449075529867
large_plants,density,2,104,-0.2673713078293226
large_plants,density,2,105,-0.5503914720807028
large_plants,density,2,106,-0.44837495901581165
large_plants,density,2,107,-0.39647356667323186
large_plants,density,2,108,-0.505272565367884
large_plants,density,2,109,-0.4151427807302848
large_plants,density,2,110,-0.4703232276449448
large_plants,density,2,111,-0.38826285258416376
large_plants,density,2,112,-0.43975853616724914
large_plants,density,2,113,-0.24934254692346253
large_plants,density,2,114,-0.47668780769145674
large_plants,density,2,115,-0.2281571786392756
large_plants,density,2,116,-0.3408507993400437
large_plants,density,2,117,-0.496455490468145
large_plants,density,2,118,-0.33751588292802137
large_plants,density,2,119,-0.5288656006395243
large_plants,density,2,120,-0.4107268556298272
large_plants,density,2,121,-0.42502761019542573
large_plants,density,2,122,-0.5038449514222443
large_plants,density,2,123,-0.2890799184327439
large_plants,density,2,124,-0.5905906004313839
large_plants,density,2,125,-0.5254012956865208
large_plants,density,2,126,-0.5702981562993072
large_plants,density,2,127,-0.47932545722265507
